Copyright 1986-2022 Xilinx, Inc. All Rights Reserved. Copyright 2022-2024 Advanced Micro Devices, Inc. All Rights Reserved.
---------------------------------------------------------------------------------------------------------------------------------------------------------------------------------------------------
| Tool Version      : Vivado v.2024.2 (lin64) Build 5239630 Fri Nov 08 22:34:34 MST 2024
| Date              : Sat Sep 12 21:34:28 2026
| Host              : duong-nguyen-hieu-ThinkPad-T14p-Gen-2 running 64-bit Ubuntu 24.04.4 LTS
| Command           : report_timing -delay_type max -max_paths 10 -path_type full_clock_expanded -file results/phase7b/p1_baseline/timing_paths_detailed.rpt
| Design            : full_rdo_pway
| Device            : xck26-sfvc784
| Speed File        : -2LV  PRODUCTION 1.30 05-15-2022
| Design State      : Routed
| Temperature Grade : C
---------------------------------------------------------------------------------------------------------------------------------------------------------------------------------------------------

Timing Report

Slack (VIOLATED) :        -60.395ns  (required time - arrival time)
  Source:                 count_reg_reg[2]/C
                            (rising edge-triggered cell FDRE clocked by chia_rdo_clk  {rise@0.000ns fall@2.500ns period=5.000ns})
  Destination:            candidate_lanes[0].lane_pe/out_distortion_reg[31]/D
                            (rising edge-triggered cell FDRE clocked by chia_rdo_clk  {rise@0.000ns fall@2.500ns period=5.000ns})
  Path Group:             chia_rdo_clk
  Path Type:              Setup (Max at Slow Process Corner)
  Requirement:            5.000ns  (chia_rdo_clk rise@5.000ns - chia_rdo_clk rise@0.000ns)
  Data Path Delay:        65.391ns  (logic 34.071ns (52.104%)  route 31.320ns (47.896%))
  Logic Levels:           170  (CARRY8=69 DSP_A_B_DATA=5 DSP_ALU=10 DSP_M_DATA=4 DSP_MULTIPLIER=4 DSP_OUTPUT=10 DSP_PREADD_DATA=4 LUT1=1 LUT2=12 LUT3=12 LUT4=4 LUT5=12 LUT6=20 MUXF7=2 MUXF8=1)
  Clock Path Skew:        -0.013ns (DCD - SCD + CPR)
    Destination Clock Delay (DCD):    0.029ns = ( 5.029 - 5.000 ) 
    Source Clock Delay      (SCD):    0.042ns
    Clock Pessimism Removal (CPR):    0.000ns
  Clock Uncertainty:      0.035ns  ((TSJ^2 + TIJ^2)^1/2 + DJ) / 2 + PE
    Total System Jitter     (TSJ):    0.071ns
    Total Input Jitter      (TIJ):    0.000ns
    Discrete Jitter          (DJ):    0.000ns
    Phase Error              (PE):    0.000ns

    Location             Delay type                Incr(ns)  Path(ns)    Netlist Resource(s)
  -------------------------------------------------------------------    -------------------
                         (clock chia_rdo_clk rise edge)
                                                      0.000     0.000 r  
                                                      0.000     0.000 r  clk (IN)
                         net (fo=1725, unset)         0.042     0.042    clk
    SLICE_X56Y144        FDRE                                         r  count_reg_reg[2]/C
  -------------------------------------------------------------------    -------------------
    SLICE_X56Y144        FDRE (Prop_FFF_SLICEL_C_Q)
                                                      0.113     0.155 r  count_reg_reg[2]/Q
                         net (fo=5, routed)           0.223     0.378    candidate_lanes[0].lane_pe/codec/batches_model[2]
    SLICE_X57Y144        LUT4 (Prop_B6LUT_SLICEL_I2_O)
                                                      0.152     0.530 r  candidate_lanes[0].lane_pe/codec/lane_rank[0][5]_i_17/O
                         net (fo=1, routed)           0.013     0.543    candidate_lanes[0].lane_pe/codec/lane_rank[0][5]_i_17_n_0
    SLICE_X57Y144        CARRY8 (Prop_CARRY8_SLICEL_S[1]_CO[3])
                                                      0.250     0.793 f  candidate_lanes[0].lane_pe/codec/lane_rank_reg[0][5]_i_4/CO[3]
                         net (fo=124, routed)         0.340     1.134    candidate_lanes[0].lane_pe/codec/CO[0]
    SLICE_X57Y140        LUT6 (Prop_A6LUT_SLICEL_I1_O)
                                                      0.137     1.271 r  candidate_lanes[0].lane_pe/codec/multi_stage.rate_stage00_i_275/O
                         net (fo=136, routed)         0.277     1.548    candidate_lanes[0].lane_pe/codec/launched_count_reg[2]
    SLICE_X57Y143        LUT6 (Prop_H6LUT_SLICEL_I4_O)
                                                      0.227     1.775 f  candidate_lanes[0].lane_pe/codec/mode_reg[4]_i_64/O
                         net (fo=1, routed)           0.196     1.971    candidate_lanes[0].lane_pe/codec/mode_reg[4]_i_64_n_0
    SLICE_X57Y142        LUT6 (Prop_C6LUT_SLICEL_I3_O)
                                                      0.221     2.192 f  candidate_lanes[0].lane_pe/codec/mode_reg[4]_i_19/O
                         net (fo=1, routed)           0.015     2.207    candidate_lanes[0].lane_pe/codec/mode_reg[4]_i_19_n_0
    SLICE_X57Y142        MUXF7 (Prop_F7MUX_CD_SLICEL_I1_O)
                                                      0.088     2.295 f  candidate_lanes[0].lane_pe/codec/mode_reg_reg[4]_i_6/O
                         net (fo=1, routed)           0.000     2.295    candidate_lanes[0].lane_pe/codec/mode_reg_reg[4]_i_6_n_0
    SLICE_X57Y142        MUXF8 (Prop_F8MUX_BOT_SLICEL_I0_O)
                                                      0.031     2.326 f  candidate_lanes[0].lane_pe/codec/mode_reg_reg[4]_i_2/O
                         net (fo=3, routed)           0.618     2.944    candidate_lanes[0].lane_pe/codec/mode_reg_reg[4]_i_2_n_0
    SLICE_X54Y121        LUT6 (Prop_A6LUT_SLICEM_I0_O)
                                                      0.189     3.133 f  candidate_lanes[0].lane_pe/codec/mode_reg[4]_i_1/O
                         net (fo=24, routed)          0.395     3.528    candidate_lanes[0].lane_pe/codec/D[4]
    SLICE_X51Y121        LUT5 (Prop_B6LUT_SLICEL_I4_O)
                                                      0.058     3.586 r  candidate_lanes[0].lane_pe/codec/angular_temporary3__21_i_30/O
                         net (fo=157, routed)         0.204     3.790    candidate_lanes[0].lane_pe/codec/angular_temporary3__3_i_46_n_0
    SLICE_X50Y121        LUT6 (Prop_A6LUT_SLICEL_I0_O)
                                                      0.225     4.015 r  candidate_lanes[0].lane_pe/codec/angular_temporary3__3_i_52/O
                         net (fo=1, routed)           0.014     4.029    candidate_lanes[0].lane_pe/codec/angular_temporary3__3_i_52_n_0
    SLICE_X50Y121        CARRY8 (Prop_CARRY8_SLICEL_S[0]_O[0])
                                                      0.077     4.106 r  candidate_lanes[0].lane_pe/codec/angular_temporary3__3_i_14/O[0]
                         net (fo=246, routed)         0.531     4.637    candidate_lanes[0].lane_pe/codec/angular_temporary8[0]
    SLICE_X50Y115        LUT5 (Prop_A6LUT_SLICEL_I2_O)
                                                      0.225     4.862 r  candidate_lanes[0].lane_pe/codec/angular_temporary1__29_i_90/O
                         net (fo=1, routed)           0.014     4.876    candidate_lanes[0].lane_pe/codec/angular_temporary1__29_i_90_n_0
    SLICE_X50Y115        CARRY8 (Prop_CARRY8_SLICEL_S[0]_CO[7])
                                                      0.278     5.154 r  candidate_lanes[0].lane_pe/codec/angular_temporary1__29_i_51/CO[7]
                         net (fo=1, routed)           0.030     5.184    candidate_lanes[0].lane_pe/codec/angular_temporary1__29_i_51_n_0
    SLICE_X50Y116        CARRY8 (Prop_CARRY8_SLICEL_CI_CO[7])
                                                      0.073     5.257 r  candidate_lanes[0].lane_pe/codec/angular_temporary1__29_i_32/CO[7]
                         net (fo=50, routed)          0.241     5.498    candidate_lanes[0].lane_pe/codec/angular_temporary1__29_i_32_n_0
    SLICE_X50Y114        LUT6 (Prop_D6LUT_SLICEL_I5_O)
                                                      0.221     5.719 r  candidate_lanes[0].lane_pe/codec/angular_temporary1__9_i_107/O
                         net (fo=1, routed)           0.293     6.012    candidate_lanes[0].lane_pe/codec/angular_temporary1__9_i_107_n_0
    SLICE_X49Y110        CARRY8 (Prop_CARRY8_SLICEL_DI[2]_CO[7])
                                                      0.158     6.170 r  candidate_lanes[0].lane_pe/codec/angular_temporary1__9_i_56/CO[7]
                         net (fo=1, routed)           0.030     6.200    candidate_lanes[0].lane_pe/codec/angular_temporary1__9_i_56_n_0
    SLICE_X49Y111        CARRY8 (Prop_CARRY8_SLICEL_CI_O[0])
                                                      0.078     6.278 r  candidate_lanes[0].lane_pe/codec/angular_temporary1__9_i_28/O[0]
                         net (fo=22, routed)          0.222     6.501    candidate_lanes[0].lane_pe/codec/angular_temporary1__9_i_28_n_15
    SLICE_X50Y112        LUT3 (Prop_A6LUT_SLICEL_I0_O)
                                                      0.188     6.689 r  candidate_lanes[0].lane_pe/codec/angular_temporary3__1_i_91/O
                         net (fo=2, routed)           0.163     6.852    candidate_lanes[0].lane_pe/codec/inverse_angle_sum[8]
    SLICE_X50Y111        LUT6 (Prop_A6LUT_SLICEL_I0_O)
                                                      0.152     7.004 r  candidate_lanes[0].lane_pe/codec/angular_temporary3__1_i_96/O
                         net (fo=1, routed)           0.014     7.018    candidate_lanes[0].lane_pe/codec/angular_temporary3__1_i_96_n_0
    SLICE_X50Y111        CARRY8 (Prop_CARRY8_SLICEL_S[0]_O[4])
                                                      0.285     7.303 r  candidate_lanes[0].lane_pe/codec/angular_temporary3__1_i_39/O[4]
                         net (fo=4, routed)           0.350     7.653    candidate_lanes[0].lane_pe/codec/sel0[4]
    SLICE_X49Y109        LUT2 (Prop_F6LUT_SLICEL_I0_O)
                                                      0.081     7.734 r  candidate_lanes[0].lane_pe/codec/angular_temporary3__1_i_97/O
                         net (fo=7, routed)           0.595     8.329    candidate_lanes[0].lane_pe/codec/angular_temporary3__1_i_97_n_0
    SLICE_X47Y107        LUT6 (Prop_F6LUT_SLICEL_I0_O)
                                                      0.136     8.465 r  candidate_lanes[0].lane_pe/codec/angular_temporary3__1_i_125/O
                         net (fo=1, routed)           0.327     8.792    candidate_lanes[0].lane_pe/codec/angular_temporary3__1_i_125_n_0
    SLICE_X46Y100        LUT6 (Prop_E6LUT_SLICEL_I4_O)
                                                      0.057     8.849 f  candidate_lanes[0].lane_pe/codec/angular_temporary3__1_i_78/O
                         net (fo=1, routed)           0.067     8.916    candidate_lanes[0].lane_pe/codec/angular_temporary3__1_i_78_n_0
    SLICE_X46Y100        LUT6 (Prop_C6LUT_SLICEL_I5_O)
                                                      0.221     9.137 f  candidate_lanes[0].lane_pe/codec/angular_temporary3__1_i_32/O
                         net (fo=2, routed)           0.015     9.152    candidate_lanes[0].lane_pe/codec/angular_temporary3__1_i_32_n_0
    SLICE_X46Y100        MUXF7 (Prop_F7MUX_CD_SLICEL_I1_O)
                                                      0.096     9.248 f  candidate_lanes[0].lane_pe/codec/angular_temporary3__1_i_8/O
                         net (fo=1, routed)           0.570     9.818    candidate_lanes[0].lane_pe/codec/angular_temporary3__1/A[0]
    DSP48E2_X11Y42       DSP_A_B_DATA (Prop_DSP_A_B_DATA_DSP48E2_A[0]_A2_DATA[0])
                                                      0.258    10.076 r  candidate_lanes[0].lane_pe/codec/angular_temporary3__1/DSP_A_B_DATA_INST/A2_DATA[0]
                         net (fo=1, routed)           0.000    10.076    candidate_lanes[0].lane_pe/codec/angular_temporary3__1/DSP_A_B_DATA.A2_DATA<0>
    DSP48E2_X11Y42       DSP_PREADD_DATA (Prop_DSP_PREADD_DATA_DSP48E2_A2_DATA[0]_A2A1[0])
                                                      0.114    10.190 r  candidate_lanes[0].lane_pe/codec/angular_temporary3__1/DSP_PREADD_DATA_INST/A2A1[0]
                         net (fo=1, routed)           0.000    10.190    candidate_lanes[0].lane_pe/codec/angular_temporary3__1/DSP_PREADD_DATA.A2A1<0>
    DSP48E2_X11Y42       DSP_MULTIPLIER (Prop_DSP_MULTIPLIER_DSP48E2_A2A1[0]_U[21])
                                                      0.700    10.890 f  candidate_lanes[0].lane_pe/codec/angular_temporary3__1/DSP_MULTIPLIER_INST/U[21]
                         net (fo=1, routed)           0.000    10.890    candidate_lanes[0].lane_pe/codec/angular_temporary3__1/DSP_MULTIPLIER.U<21>
    DSP48E2_X11Y42       DSP_M_DATA (Prop_DSP_M_DATA_DSP48E2_U[21]_U_DATA[21])
                                                      0.067    10.957 r  candidate_lanes[0].lane_pe/codec/angular_temporary3__1/DSP_M_DATA_INST/U_DATA[21]
                         net (fo=1, routed)           0.000    10.957    candidate_lanes[0].lane_pe/codec/angular_temporary3__1/DSP_M_DATA.U_DATA<21>
    DSP48E2_X11Y42       DSP_ALU (Prop_DSP_ALU_DSP48E2_U_DATA[21]_ALU_OUT[47])
                                                      0.727    11.684 f  candidate_lanes[0].lane_pe/codec/angular_temporary3__1/DSP_ALU_INST/ALU_OUT[47]
                         net (fo=1, routed)           0.000    11.684    candidate_lanes[0].lane_pe/codec/angular_temporary3__1/DSP_ALU.ALU_OUT<47>
    DSP48E2_X11Y42       DSP_OUTPUT (Prop_DSP_OUTPUT_DSP48E2_ALU_OUT[47]_PCOUT[47])
                                                      0.167    11.851 r  candidate_lanes[0].lane_pe/codec/angular_temporary3__1/DSP_OUTPUT_INST/PCOUT[47]
                         net (fo=1, routed)           0.014    11.865    candidate_lanes[0].lane_pe/codec/angular_temporary3__2/PCIN[47]
    DSP48E2_X11Y43       DSP_ALU (Prop_DSP_ALU_DSP48E2_PCIN[47]_ALU_OUT[14])
                                                      0.739    12.604 r  candidate_lanes[0].lane_pe/codec/angular_temporary3__2/DSP_ALU_INST/ALU_OUT[14]
                         net (fo=1, routed)           0.000    12.604    candidate_lanes[0].lane_pe/codec/angular_temporary3__2/DSP_ALU.ALU_OUT<14>
    DSP48E2_X11Y43       DSP_OUTPUT (Prop_DSP_OUTPUT_DSP48E2_ALU_OUT[14]_P[14])
                                                      0.146    12.750 f  candidate_lanes[0].lane_pe/codec/angular_temporary3__2/DSP_OUTPUT_INST/P[14]
                         net (fo=17, routed)          0.636    13.386    candidate_lanes[0].lane_pe/codec/angular_temporary1__1/A[25]
    DSP48E2_X11Y36       DSP_A_B_DATA (Prop_DSP_A_B_DATA_DSP48E2_A[25]_A_ALU[25])
                                                      0.265    13.651 r  candidate_lanes[0].lane_pe/codec/angular_temporary1__1/DSP_A_B_DATA_INST/A_ALU[25]
                         net (fo=1, routed)           0.000    13.651    candidate_lanes[0].lane_pe/codec/angular_temporary1__1/DSP_A_B_DATA.A_ALU<25>
    DSP48E2_X11Y36       DSP_ALU (Prop_DSP_ALU_DSP48E2_A_ALU[25]_ALU_OUT[47])
                                                      0.726    14.377 f  candidate_lanes[0].lane_pe/codec/angular_temporary1__1/DSP_ALU_INST/ALU_OUT[47]
                         net (fo=1, routed)           0.000    14.377    candidate_lanes[0].lane_pe/codec/angular_temporary1__1/DSP_ALU.ALU_OUT<47>
    DSP48E2_X11Y36       DSP_OUTPUT (Prop_DSP_OUTPUT_DSP48E2_ALU_OUT[47]_PCOUT[47])
                                                      0.167    14.544 r  candidate_lanes[0].lane_pe/codec/angular_temporary1__1/DSP_OUTPUT_INST/PCOUT[47]
                         net (fo=1, routed)           0.014    14.558    candidate_lanes[0].lane_pe/codec/angular_temporary1__2/PCIN[47]
    DSP48E2_X11Y37       DSP_ALU (Prop_DSP_ALU_DSP48E2_PCIN[47]_ALU_OUT[8])
                                                      0.739    15.297 f  candidate_lanes[0].lane_pe/codec/angular_temporary1__2/DSP_ALU_INST/ALU_OUT[8]
                         net (fo=1, routed)           0.000    15.297    candidate_lanes[0].lane_pe/codec/angular_temporary1__2/DSP_ALU.ALU_OUT<8>
    DSP48E2_X11Y37       DSP_OUTPUT (Prop_DSP_OUTPUT_DSP48E2_ALU_OUT[8]_P[8])
                                                      0.146    15.443 r  candidate_lanes[0].lane_pe/codec/angular_temporary1__2/DSP_OUTPUT_INST/P[8]
                         net (fo=1, routed)           0.209    15.652    candidate_lanes[0].lane_pe/codec/angular_temporary1__2_n_97
    SLICE_X41Y91         LUT5 (Prop_E6LUT_SLICEM_I4_O)
                                                      0.187    15.839 r  candidate_lanes[0].lane_pe/codec/distortion13_i_231/O
                         net (fo=5, routed)           0.283    16.122    candidate_lanes[0].lane_pe/codec/distortion13_i_231_n_0
    SLICE_X42Y89         LUT6 (Prop_D6LUT_SLICEL_I0_O)
                                                      0.057    16.179 r  candidate_lanes[0].lane_pe/codec/distortion13_i_374/O
                         net (fo=1, routed)           0.013    16.192    candidate_lanes[0].lane_pe/codec/distortion13_i_374_n_0
    SLICE_X42Y89         CARRY8 (Prop_CARRY8_SLICEL_S[3]_CO[7])
                                                      0.220    16.412 r  candidate_lanes[0].lane_pe/codec/distortion13_i_226/CO[7]
                         net (fo=1, routed)           0.062    16.474    candidate_lanes[0].lane_pe/codec/distortion13_i_226_n_0
    SLICE_X42Y90         CARRY8 (Prop_CARRY8_SLICEL_CI_CO[7])
                                                      0.065    16.539 r  candidate_lanes[0].lane_pe/codec/distortion13_i_211/CO[7]
                         net (fo=1, routed)           0.030    16.569    candidate_lanes[0].lane_pe/codec/distortion13_i_211_n_0
    SLICE_X42Y91         CARRY8 (Prop_CARRY8_SLICEL_CI_CO[7])
                                                      0.065    16.634 r  candidate_lanes[0].lane_pe/codec/distortion13_i_210/CO[7]
                         net (fo=1, routed)           0.030    16.664    candidate_lanes[0].lane_pe/codec/distortion13_i_210_n_0
    SLICE_X42Y92         CARRY8 (Prop_CARRY8_SLICEL_CI_CO[3])
                                                      0.082    16.746 r  candidate_lanes[0].lane_pe/codec/distortion13_i_205/CO[3]
                         net (fo=35, routed)          0.372    17.118    candidate_lanes[0].lane_pe/codec/distortion13_i_205_n_4
    SLICE_X43Y89         LUT2 (Prop_B6LUT_SLICEM_I0_O)
                                                      0.225    17.343 r  candidate_lanes[0].lane_pe/codec/distortion13_i_247/O
                         net (fo=1, routed)           0.022    17.365    candidate_lanes[0].lane_pe/codec/distortion13_i_247_n_0
    SLICE_X43Y89         CARRY8 (Prop_CARRY8_SLICEM_S[1]_CO[3])
                                                      0.257    17.622 r  candidate_lanes[0].lane_pe/codec/distortion13_i_204/CO[3]
                         net (fo=30, routed)          0.315    17.936    candidate_lanes[0].lane_pe/codec/distortion13_i_204_n_4
    SLICE_X42Y87         LUT3 (Prop_C6LUT_SLICEL_I2_O)
                                                      0.187    18.123 r  candidate_lanes[0].lane_pe/codec/distortion13_i_235/O
                         net (fo=1, routed)           0.098    18.221    candidate_lanes[0].lane_pe/codec/distortion13_i_235_n_0
    SLICE_X41Y87         LUT5 (Prop_A6LUT_SLICEM_I0_O)
                                                      0.152    18.373 r  candidate_lanes[0].lane_pe/codec/distortion13_i_196/O
                         net (fo=2, routed)           0.104    18.478    candidate_lanes[0].lane_pe/codec/distortion13_i_196_n_0
    SLICE_X41Y88         LUT6 (Prop_C6LUT_SLICEM_I3_O)
                                                      0.056    18.534 r  candidate_lanes[0].lane_pe/codec/distortion4_i_103/O
                         net (fo=3, routed)           0.211    18.745    candidate_lanes[0].lane_pe/codec/distortion4_i_103_n_0
    SLICE_X37Y88         LUT2 (Prop_B6LUT_SLICEM_I1_O)
                                                      0.082    18.827 r  candidate_lanes[0].lane_pe/codec/(null)[0].value4__13_i_185/O
                         net (fo=1, routed)           0.022    18.849    candidate_lanes[0].lane_pe/codec/(null)[0].value4__13_i_185_n_0
    SLICE_X37Y88         CARRY8 (Prop_CARRY8_SLICEM_S[1]_O[5])
                                                      0.333    19.182 r  candidate_lanes[0].lane_pe/codec/(null)[0].value4__13_i_102/O[5]
                         net (fo=28, routed)          0.658    19.840    candidate_lanes[0].lane_pe/codec/codec_residual[113]
    SLICE_X37Y76         LUT2 (Prop_F6LUT_SLICEM_I1_O)
                                                      0.080    19.920 r  candidate_lanes[0].lane_pe/codec/(null)[0].value4__5_i_810/O
                         net (fo=1, routed)           0.029    19.949    candidate_lanes[0].lane_pe/codec/(null)[0].value4__5_i_810_n_0
    SLICE_X37Y76         CARRY8 (Prop_CARRY8_SLICEM_S[5]_CO[7])
                                                      0.238    20.187 r  candidate_lanes[0].lane_pe/codec/(null)[0].value4__5_i_525/CO[7]
                         net (fo=1, routed)           0.030    20.217    candidate_lanes[0].lane_pe/codec/(null)[0].value4__5_i_525_n_0
    SLICE_X37Y77         CARRY8 (Prop_CARRY8_SLICEM_CI_O[1])
                                                      0.106    20.323 r  candidate_lanes[0].lane_pe/codec/(null)[0].value4__5_i_760/O[1]
                         net (fo=2, routed)           0.224    20.547    candidate_lanes[0].lane_pe/codec/(null)[0].value4__5_i_760_n_14
    SLICE_X38Y76         LUT2 (Prop_F6LUT_SLICEM_I0_O)
                                                      0.149    20.696 r  candidate_lanes[0].lane_pe/codec/(null)[0].value4__5_i_763/O
                         net (fo=1, routed)           0.029    20.725    candidate_lanes[0].lane_pe/codec/(null)[0].value4__5_i_763_n_0
    SLICE_X38Y76         CARRY8 (Prop_CARRY8_SLICEM_S[5]_CO[7])
                                                      0.238    20.963 r  candidate_lanes[0].lane_pe/codec/(null)[0].value4__5_i_517/CO[7]
                         net (fo=1, routed)           0.030    20.993    candidate_lanes[0].lane_pe/codec/(null)[0].value4__5_i_517_n_0
    SLICE_X38Y77         CARRY8 (Prop_CARRY8_SLICEM_CI_O[0])
                                                      0.078    21.071 r  candidate_lanes[0].lane_pe/codec/(null)[0].value4__5_i_930/O[0]
                         net (fo=2, routed)           0.159    21.230    candidate_lanes[0].lane_pe/codec/transformed90_in[12]
    SLICE_X38Y75         LUT5 (Prop_G6LUT_SLICEM_I0_O)
                                                      0.057    21.287 r  candidate_lanes[0].lane_pe/codec/(null)[0].value4__5_i_584/O
                         net (fo=2, routed)           0.618    21.905    candidate_lanes[0].lane_pe/codec/(null)[0].value4__5_i_584_n_0
    SLICE_X45Y75         LUT6 (Prop_F6LUT_SLICEM_I0_O)
                                                      0.149    22.054 r  candidate_lanes[0].lane_pe/codec/(null)[0].value4__5_i_592/O
                         net (fo=1, routed)           0.029    22.083    candidate_lanes[0].lane_pe/codec/(null)[0].value4__5_i_592_n_0
    SLICE_X45Y75         CARRY8 (Prop_CARRY8_SLICEM_S[5]_O[6])
                                                      0.186    22.269 r  candidate_lanes[0].lane_pe/codec/(null)[0].value4__5_i_474/O[6]
                         net (fo=25, routed)          0.755    23.023    candidate_lanes[0].lane_pe/codec/(null)[0].value4__5_i_474_n_9
    SLICE_X47Y50         LUT2 (Prop_F6LUT_SLICEL_I1_O)
                                                      0.150    23.173 r  candidate_lanes[0].lane_pe/codec/(null)[0].value4__9_i_327/O
                         net (fo=1, routed)           0.015    23.188    candidate_lanes[0].lane_pe/codec/(null)[0].value4__9_i_327_n_0
    SLICE_X47Y50         CARRY8 (Prop_CARRY8_SLICEL_S[5]_O[6])
                                                      0.180    23.368 r  candidate_lanes[0].lane_pe/codec/(null)[0].value4__9_i_292/O[6]
                         net (fo=3, routed)           0.623    23.992    candidate_lanes[0].lane_pe/codec/(null)[0].value4__9_i_292_n_9
    SLICE_X45Y48         LUT6 (Prop_G6LUT_SLICEM_I0_O)
                                                      0.186    24.178 r  candidate_lanes[0].lane_pe/codec/(null)[0].value4__9_i_250/O
                         net (fo=1, routed)           0.021    24.199    candidate_lanes[0].lane_pe/codec/(null)[0].value4__9_i_250_n_0
    SLICE_X45Y48         CARRY8 (Prop_CARRY8_SLICEM_S[6]_CO[7])
                                                      0.175    24.374 r  candidate_lanes[0].lane_pe/codec/(null)[0].value4__9_i_116/CO[7]
                         net (fo=1, routed)           0.030    24.404    candidate_lanes[0].lane_pe/codec/(null)[0].value4__9_i_116_n_0
    SLICE_X45Y49         CARRY8 (Prop_CARRY8_SLICEM_CI_O[0])
                                                      0.078    24.482 r  candidate_lanes[0].lane_pe/codec/(null)[0].value4__9_i_104/O[0]
                         net (fo=4, routed)           0.686    25.168    candidate_lanes[0].lane_pe/codec/(null)[0].value4__9_i_104_n_15
    SLICE_X42Y68         LUT3 (Prop_G6LUT_SLICEL_I0_O)
                                                      0.226    25.394 r  candidate_lanes[0].lane_pe/codec/(null)[0].value4__9_i_123/O
                         net (fo=1, routed)           0.232    25.626    candidate_lanes[0].lane_pe/codec/(null)[0].value4__9_i_123_n_0
    SLICE_X42Y65         LUT5 (Prop_D6LUT_SLICEL_I1_O)
                                                      0.152    25.778 r  candidate_lanes[0].lane_pe/codec/(null)[0].value4__9_i_70/O
                         net (fo=1, routed)           0.013    25.791    candidate_lanes[0].lane_pe/codec/(null)[0].value4__9_i_70_n_0
    SLICE_X42Y65         CARRY8 (Prop_CARRY8_SLICEL_S[3]_O[4])
                                                      0.208    25.999 f  candidate_lanes[0].lane_pe/codec/(null)[0].value4__9_i_20/O[4]
                         net (fo=2, routed)           0.297    26.296    candidate_lanes[0].lane_pe/codec/codec_transformed__0[238]
    SLICE_X39Y63         LUT1 (Prop_F6LUT_SLICEL_I0_O)
                                                      0.136    26.432 r  candidate_lanes[0].lane_pe/codec/(null)[0].value4__9_i_41/O
                         net (fo=1, routed)           0.015    26.447    candidate_lanes[0].lane_pe/codec/(null)[0].value4__9_i_41_n_0
    SLICE_X39Y63         CARRY8 (Prop_CARRY8_SLICEL_S[5]_O[7])
                                                      0.194    26.641 f  candidate_lanes[0].lane_pe/codec/(null)[0].value4__9_i_18/O[7]
                         net (fo=1, routed)           0.199    26.840    candidate_lanes[0].lane_pe/codec/(null)[0].value4__9_i_18_n_8
    SLICE_X39Y66         LUT3 (Prop_B6LUT_SLICEL_I0_O)
                                                      0.152    26.992 f  candidate_lanes[0].lane_pe/codec/(null)[0].value4__9_i_1/O
                         net (fo=1, routed)           0.457    27.449    candidate_lanes[0].lane_pe/codec/(null)[0].value4__9/A[16]
    DSP48E2_X10Y18       DSP_A_B_DATA (Prop_DSP_A_B_DATA_DSP48E2_A[16]_A2_DATA[16])
                                                      0.258    27.707 r  candidate_lanes[0].lane_pe/codec/(null)[0].value4__9/DSP_A_B_DATA_INST/A2_DATA[16]
                         net (fo=1, routed)           0.000    27.707    candidate_lanes[0].lane_pe/codec/(null)[0].value4__9/DSP_A_B_DATA.A2_DATA<16>
    DSP48E2_X10Y18       DSP_PREADD_DATA (Prop_DSP_PREADD_DATA_DSP48E2_A2_DATA[16]_A2A1[16])
                                                      0.114    27.821 r  candidate_lanes[0].lane_pe/codec/(null)[0].value4__9/DSP_PREADD_DATA_INST/A2A1[16]
                         net (fo=1, routed)           0.000    27.821    candidate_lanes[0].lane_pe/codec/(null)[0].value4__9/DSP_PREADD_DATA.A2A1<16>
    DSP48E2_X10Y18       DSP_MULTIPLIER (Prop_DSP_MULTIPLIER_DSP48E2_A2A1[16]_U[36])
                                                      0.700    28.521 f  candidate_lanes[0].lane_pe/codec/(null)[0].value4__9/DSP_MULTIPLIER_INST/U[36]
                         net (fo=1, routed)           0.000    28.521    candidate_lanes[0].lane_pe/codec/(null)[0].value4__9/DSP_MULTIPLIER.U<36>
    DSP48E2_X10Y18       DSP_M_DATA (Prop_DSP_M_DATA_DSP48E2_U[36]_U_DATA[36])
                                                      0.067    28.588 r  candidate_lanes[0].lane_pe/codec/(null)[0].value4__9/DSP_M_DATA_INST/U_DATA[36]
                         net (fo=1, routed)           0.000    28.588    candidate_lanes[0].lane_pe/codec/(null)[0].value4__9/DSP_M_DATA.U_DATA<36>
    DSP48E2_X10Y18       DSP_ALU (Prop_DSP_ALU_DSP48E2_U_DATA[36]_ALU_OUT[47])
                                                      0.727    29.315 f  candidate_lanes[0].lane_pe/codec/(null)[0].value4__9/DSP_ALU_INST/ALU_OUT[47]
                         net (fo=1, routed)           0.000    29.315    candidate_lanes[0].lane_pe/codec/(null)[0].value4__9/DSP_ALU.ALU_OUT<47>
    DSP48E2_X10Y18       DSP_OUTPUT (Prop_DSP_OUTPUT_DSP48E2_ALU_OUT[47]_PCOUT[47])
                                                      0.167    29.482 r  candidate_lanes[0].lane_pe/codec/(null)[0].value4__9/DSP_OUTPUT_INST/PCOUT[47]
                         net (fo=1, routed)           0.014    29.496    candidate_lanes[0].lane_pe/codec/(null)[0].value4__10/PCIN[47]
    DSP48E2_X10Y19       DSP_ALU (Prop_DSP_ALU_DSP48E2_PCIN[47]_ALU_OUT[3])
                                                      0.739    30.235 f  candidate_lanes[0].lane_pe/codec/(null)[0].value4__10/DSP_ALU_INST/ALU_OUT[3]
                         net (fo=1, routed)           0.000    30.235    candidate_lanes[0].lane_pe/codec/(null)[0].value4__10/DSP_ALU.ALU_OUT<3>
    DSP48E2_X10Y19       DSP_OUTPUT (Prop_DSP_OUTPUT_DSP48E2_ALU_OUT[3]_P[3])
                                                      0.146    30.381 r  candidate_lanes[0].lane_pe/codec/(null)[0].value4__10/DSP_OUTPUT_INST/P[3]
                         net (fo=2, routed)           0.324    30.704    candidate_lanes[0].lane_pe/codec/(null)[0].value4__10_n_102
    SLICE_X37Y47         LUT6 (Prop_E6LUT_SLICEM_I5_O)
                                                      0.187    30.891 r  candidate_lanes[0].lane_pe/codec/clip164__7__0_i_135/O
                         net (fo=1, routed)           0.018    30.909    candidate_lanes[0].lane_pe/codec/clip164__7__0_i_135_n_0
    SLICE_X37Y47         CARRY8 (Prop_CARRY8_SLICEM_S[4]_CO[7])
                                                      0.236    31.145 r  candidate_lanes[0].lane_pe/codec/clip164__7__0_i_77/CO[7]
                         net (fo=1, routed)           0.030    31.175    candidate_lanes[0].lane_pe/codec/clip164__7__0_i_77_n_0
    SLICE_X37Y48         CARRY8 (Prop_CARRY8_SLICEM_CI_O[0])
                                                      0.078    31.253 f  candidate_lanes[0].lane_pe/codec/clip164__7__0_i_59/O[0]
                         net (fo=5, routed)           0.520    31.773    candidate_lanes[0].lane_pe/codec/clip164__7__0_i_59_n_15
    SLICE_X40Y63         LUT4 (Prop_B6LUT_SLICEM_I0_O)
                                                      0.152    31.925 r  candidate_lanes[0].lane_pe/codec/clip164__7__0_i_78/O
                         net (fo=2, routed)           0.122    32.047    candidate_lanes[0].lane_pe/codec/clip164__7__0_i_78_n_0
    SLICE_X40Y64         LUT5 (Prop_D6LUT_SLICEM_I4_O)
                                                      0.220    32.267 r  candidate_lanes[0].lane_pe/codec/clip164__7__0_i_69/O
                         net (fo=1, routed)           0.400    32.667    candidate_lanes[0].lane_pe/codec/clip164__7__0_i_69_n_0
    SLICE_X40Y65         CARRY8 (Prop_CARRY8_SLICEM_S[0]_CO[7])
                                                      0.281    32.948 r  candidate_lanes[0].lane_pe/codec/clip164__7__0_i_29/CO[7]
                         net (fo=1, routed)           0.030    32.978    candidate_lanes[0].lane_pe/codec/clip164__7__0_i_29_n_0
    SLICE_X40Y66         CARRY8 (Prop_CARRY8_SLICEM_CI_CO[7])
                                                      0.065    33.043 r  candidate_lanes[0].lane_pe/codec/clip164__7__0_i_18/CO[7]
                         net (fo=1, routed)           0.030    33.073    candidate_lanes[0].lane_pe/codec/clip164__7__0_i_18_n_0
    SLICE_X40Y67         CARRY8 (Prop_CARRY8_SLICEM_CI_O[5])
                                                      0.161    33.234 f  candidate_lanes[0].lane_pe/codec/clip164__8__0_i_12/O[5]
                         net (fo=1, routed)           0.164    33.398    candidate_lanes[0].lane_pe/codec/clip164__8__0_i_12_n_10
    SLICE_X39Y67         LUT3 (Prop_A6LUT_SLICEL_I0_O)
                                                      0.137    33.535 f  candidate_lanes[0].lane_pe/codec/clip164__8__0_i_14/O
                         net (fo=5, routed)           0.205    33.740    candidate_lanes[0].lane_pe/codec/clip164__8__0_i_14_n_0
    SLICE_X40Y68         LUT6 (Prop_H6LUT_SLICEM_I1_O)
                                                      0.228    33.968 f  candidate_lanes[0].lane_pe/codec/clip164__7__0_i_202/O
                         net (fo=1, routed)           0.200    34.168    candidate_lanes[0].lane_pe/codec/clip164__7__0_i_202_n_0
    SLICE_X40Y69         CARRY8 (Prop_CARRY8_SLICEM_DI[4]_CO[7])
                                                      0.137    34.305 f  candidate_lanes[0].lane_pe/codec/clip164__7__0_i_157/CO[7]
                         net (fo=1, routed)           0.030    34.335    candidate_lanes[0].lane_pe/codec/clip164__7__0_i_157_n_0
    SLICE_X40Y70         CARRY8 (Prop_CARRY8_SLICEM_CI_CO[7])
                                                      0.065    34.400 f  candidate_lanes[0].lane_pe/codec/clip164__7__0_i_97/CO[7]
                         net (fo=1, routed)           0.030    34.430    candidate_lanes[0].lane_pe/codec/clip164__7__0_i_97_n_0
    SLICE_X40Y71         CARRY8 (Prop_CARRY8_SLICEM_CI_CO[7])
                                                      0.065    34.495 f  candidate_lanes[0].lane_pe/codec/clip164__7__0_i_50/CO[7]
                         net (fo=1, routed)           0.030    34.525    candidate_lanes[0].lane_pe/codec/clip164__7__0_i_50_n_0
    SLICE_X40Y72         CARRY8 (Prop_CARRY8_SLICEM_CI_CO[0])
                                                      0.074    34.599 f  candidate_lanes[0].lane_pe/codec/clip164__7__0_i_21/CO[0]
                         net (fo=26, routed)          0.663    35.262    candidate_lanes[0].lane_pe/codec/clip164__7__0_i_21_n_7
    SLICE_X47Y71         LUT5 (Prop_B6LUT_SLICEL_I3_O)
                                                      0.224    35.486 f  candidate_lanes[0].lane_pe/codec/clip164__7__0_i_4/O
                         net (fo=1, routed)           0.676    36.162    candidate_lanes[0].lane_pe/codec/clip164__7__0/A[13]
    DSP48E2_X12Y28       DSP_A_B_DATA (Prop_DSP_A_B_DATA_DSP48E2_A[13]_A2_DATA[13])
                                                      0.258    36.420 r  candidate_lanes[0].lane_pe/codec/clip164__7__0/DSP_A_B_DATA_INST/A2_DATA[13]
                         net (fo=1, routed)           0.000    36.420    candidate_lanes[0].lane_pe/codec/clip164__7__0/DSP_A_B_DATA.A2_DATA<13>
    DSP48E2_X12Y28       DSP_PREADD_DATA (Prop_DSP_PREADD_DATA_DSP48E2_A2_DATA[13]_A2A1[13])
                                                      0.114    36.534 r  candidate_lanes[0].lane_pe/codec/clip164__7__0/DSP_PREADD_DATA_INST/A2A1[13]
                         net (fo=1, routed)           0.000    36.534    candidate_lanes[0].lane_pe/codec/clip164__7__0/DSP_PREADD_DATA.A2A1<13>
    DSP48E2_X12Y28       DSP_MULTIPLIER (Prop_DSP_MULTIPLIER_DSP48E2_A2A1[13]_U[34])
                                                      0.700    37.234 f  candidate_lanes[0].lane_pe/codec/clip164__7__0/DSP_MULTIPLIER_INST/U[34]
                         net (fo=1, routed)           0.000    37.234    candidate_lanes[0].lane_pe/codec/clip164__7__0/DSP_MULTIPLIER.U<34>
    DSP48E2_X12Y28       DSP_M_DATA (Prop_DSP_M_DATA_DSP48E2_U[34]_U_DATA[34])
                                                      0.067    37.301 r  candidate_lanes[0].lane_pe/codec/clip164__7__0/DSP_M_DATA_INST/U_DATA[34]
                         net (fo=1, routed)           0.000    37.301    candidate_lanes[0].lane_pe/codec/clip164__7__0/DSP_M_DATA.U_DATA<34>
    DSP48E2_X12Y28       DSP_ALU (Prop_DSP_ALU_DSP48E2_U_DATA[34]_ALU_OUT[47])
                                                      0.727    38.028 f  candidate_lanes[0].lane_pe/codec/clip164__7__0/DSP_ALU_INST/ALU_OUT[47]
                         net (fo=1, routed)           0.000    38.028    candidate_lanes[0].lane_pe/codec/clip164__7__0/DSP_ALU.ALU_OUT<47>
    DSP48E2_X12Y28       DSP_OUTPUT (Prop_DSP_OUTPUT_DSP48E2_ALU_OUT[47]_PCOUT[47])
                                                      0.167    38.195 r  candidate_lanes[0].lane_pe/codec/clip164__7__0/DSP_OUTPUT_INST/PCOUT[47]
                         net (fo=1, routed)           0.014    38.209    candidate_lanes[0].lane_pe/codec/clip164__8__0/PCIN[47]
    DSP48E2_X12Y29       DSP_ALU (Prop_DSP_ALU_DSP48E2_PCIN[47]_ALU_OUT[4])
                                                      0.739    38.948 r  candidate_lanes[0].lane_pe/codec/clip164__8__0/DSP_ALU_INST/ALU_OUT[4]
                         net (fo=1, routed)           0.000    38.948    candidate_lanes[0].lane_pe/codec/clip164__8__0/DSP_ALU.ALU_OUT<4>
    DSP48E2_X12Y29       DSP_OUTPUT (Prop_DSP_OUTPUT_DSP48E2_ALU_OUT[4]_P[4])
                                                      0.146    39.094 f  candidate_lanes[0].lane_pe/codec/clip164__8__0/DSP_OUTPUT_INST/P[4]
                         net (fo=4, routed)           0.462    39.556    candidate_lanes[0].lane_pe/codec/clip164__8__0_n_101
    SLICE_X54Y73         LUT6 (Prop_G6LUT_SLICEM_I3_O)
                                                      0.186    39.742 f  candidate_lanes[0].lane_pe/codec/distortion10_i_1803/O
                         net (fo=6, routed)           0.348    40.090    candidate_lanes[0].lane_pe/codec/distortion10_i_1803_n_0
    SLICE_X59Y75         LUT2 (Prop_F6LUT_SLICEL_I1_O)
                                                      0.150    40.240 r  candidate_lanes[0].lane_pe/codec/distortion15__0__0_i_2512/O
                         net (fo=1, routed)           0.015    40.255    candidate_lanes[0].lane_pe/codec/distortion15__0__0_i_2512_n_0
    SLICE_X59Y75         CARRY8 (Prop_CARRY8_SLICEL_S[5]_CO[7])
                                                      0.232    40.487 r  candidate_lanes[0].lane_pe/codec/distortion15__0__0_i_2470/CO[7]
                         net (fo=1, routed)           0.030    40.517    candidate_lanes[0].lane_pe/codec/distortion15__0__0_i_2470_n_0
    SLICE_X59Y76         CARRY8 (Prop_CARRY8_SLICEL_CI_CO[7])
                                                      0.065    40.582 r  candidate_lanes[0].lane_pe/codec/distortion15__0__0_i_2240/CO[7]
                         net (fo=1, routed)           0.030    40.612    candidate_lanes[0].lane_pe/codec/distortion15__0__0_i_2240_n_0
    SLICE_X59Y77         CARRY8 (Prop_CARRY8_SLICEL_CI_CO[7])
                                                      0.065    40.677 r  candidate_lanes[0].lane_pe/codec/distortion15__0__0_i_1956/CO[7]
                         net (fo=1, routed)           0.030    40.707    candidate_lanes[0].lane_pe/codec/distortion15__0__0_i_1956_n_0
    SLICE_X59Y78         CARRY8 (Prop_CARRY8_SLICEL_CI_CO[0])
                                                      0.074    40.781 r  candidate_lanes[0].lane_pe/codec/distortion15__0__0_i_1565/CO[0]
                         net (fo=140, routed)         0.808    41.589    candidate_lanes[0].lane_pe/codec/distortion15__0__0_i_1565_n_7
    SLICE_X59Y120        LUT5 (Prop_B6LUT_SLICEL_I3_O)
                                                      0.083    41.672 r  candidate_lanes[0].lane_pe/codec/distortion15__0__0_i_1241/O
                         net (fo=20, routed)          0.446    42.118    candidate_lanes[0].lane_pe/codec/codec_dequantized__0[114]
    SLICE_X57Y123        LUT2 (Prop_C6LUT_SLICEL_I1_O)
                                                      0.136    42.254 r  candidate_lanes[0].lane_pe/codec/distortion2_i_1931/O
                         net (fo=1, routed)           0.015    42.269    candidate_lanes[0].lane_pe/codec/distortion2_i_1931_n_0
    SLICE_X57Y123        CARRY8 (Prop_CARRY8_SLICEL_S[2]_CO[7])
                                                      0.219    42.488 r  candidate_lanes[0].lane_pe/codec/distortion2_i_1655/CO[7]
                         net (fo=1, routed)           0.030    42.518    candidate_lanes[0].lane_pe/codec/distortion2_i_1655_n_0
    SLICE_X57Y124        CARRY8 (Prop_CARRY8_SLICEL_CI_O[1])
                                                      0.106    42.624 r  candidate_lanes[0].lane_pe/codec/distortion2_i_1657/O[1]
                         net (fo=3, routed)           0.306    42.931    candidate_lanes[0].lane_pe/codec/distortion2_i_1657_n_14
    SLICE_X60Y125        LUT3 (Prop_B6LUT_SLICEL_I1_O)
                                                      0.188    43.119 r  candidate_lanes[0].lane_pe/codec/distortion2_i_1307/O
                         net (fo=1, routed)           0.373    43.492    candidate_lanes[0].lane_pe/codec/distortion2_i_1307_n_0
    SLICE_X59Y125        CARRY8 (Prop_CARRY8_SLICEL_DI[1]_O[3])
                                                      0.147    43.639 r  candidate_lanes[0].lane_pe/codec/distortion2_i_905/O[3]
                         net (fo=3, routed)           0.479    44.117    candidate_lanes[0].lane_pe/codec/(null)[0].value4__0__2[16]
    SLICE_X53Y129        LUT3 (Prop_E5LUT_SLICEM_I1_O)
                                                      0.225    44.342 r  candidate_lanes[0].lane_pe/codec/distortion2_i_912/O
                         net (fo=2, routed)           0.228    44.570    candidate_lanes[0].lane_pe/codec/distortion2_i_912_n_0
    SLICE_X56Y129        LUT5 (Prop_F6LUT_SLICEL_I1_O)
                                                      0.056    44.626 r  candidate_lanes[0].lane_pe/codec/distortion1_i_907/O
                         net (fo=2, routed)           0.329    44.955    candidate_lanes[0].lane_pe/codec/distortion1_i_907_n_0
    SLICE_X55Y129        LUT6 (Prop_A6LUT_SLICEL_I0_O)
                                                      0.137    45.092 r  candidate_lanes[0].lane_pe/codec/distortion1_i_915/O
                         net (fo=1, routed)           0.014    45.106    candidate_lanes[0].lane_pe/codec/distortion1_i_915_n_0
    SLICE_X55Y129        CARRY8 (Prop_CARRY8_SLICEL_S[0]_O[5])
                                                      0.331    45.437 r  candidate_lanes[0].lane_pe/codec/distortion1_i_664/O[5]
                         net (fo=1, routed)           0.425    45.862    candidate_lanes[0].lane_pe/codec/distortion1_i_664_n_10
    SLICE_X55Y133        CARRY8 (Prop_CARRY8_SLICEL_S[1]_CO[7])
                                                      0.261    46.123 r  candidate_lanes[0].lane_pe/codec/distortion1_i_544/CO[7]
                         net (fo=1, routed)           0.030    46.153    candidate_lanes[0].lane_pe/codec/distortion1_i_544_n_0
    SLICE_X55Y134        CARRY8 (Prop_CARRY8_SLICEL_CI_O[1])
                                                      0.106    46.259 r  candidate_lanes[0].lane_pe/codec/distortion1_i_543/O[1]
                         net (fo=25, routed)          0.865    47.124    candidate_lanes[0].lane_pe/codec/distortion1_i_543_n_14
    SLICE_X46Y142        LUT2 (Prop_E6LUT_SLICEL_I1_O)
                                                      0.083    47.207 r  candidate_lanes[0].lane_pe/codec/distortion2_i_1162/O
                         net (fo=1, routed)           0.011    47.218    candidate_lanes[0].lane_pe/codec/distortion2_i_1162_n_0
    SLICE_X46Y142        CARRY8 (Prop_CARRY8_SLICEL_S[4]_CO[7])
                                                      0.232    47.450 f  candidate_lanes[0].lane_pe/codec/distortion2_i_877/CO[7]
                         net (fo=1, routed)           0.030    47.480    candidate_lanes[0].lane_pe/codec/distortion2_i_877_n_0
    SLICE_X46Y143        CARRY8 (Prop_CARRY8_SLICEL_CI_CO[7])
                                                      0.065    47.545 f  candidate_lanes[0].lane_pe/codec/distortion2_i_704/CO[7]
                         net (fo=1, routed)           0.030    47.575    candidate_lanes[0].lane_pe/codec/distortion2_i_704_n_0
    SLICE_X46Y144        CARRY8 (Prop_CARRY8_SLICEL_CI_CO[7])
                                                      0.065    47.640 f  candidate_lanes[0].lane_pe/codec/distortion2_i_525/CO[7]
                         net (fo=1, routed)           0.030    47.670    candidate_lanes[0].lane_pe/codec/distortion2_i_525_n_0
    SLICE_X46Y145        CARRY8 (Prop_CARRY8_SLICEL_CI_CO[0])
                                                      0.074    47.744 f  candidate_lanes[0].lane_pe/codec/distortion2_i_417/CO[0]
                         net (fo=388, routed)         0.725    48.469    candidate_lanes[0].lane_pe/codec/distortion2_i_417_n_7
    SLICE_X48Y155        LUT3 (Prop_C5LUT_SLICEL_I1_O)
                                                      0.152    48.621 r  candidate_lanes[0].lane_pe/codec/distortion3_i_745/O
                         net (fo=1, routed)           0.000    48.621    candidate_lanes[0].lane_pe/codec/distortion3_i_745_n_0
    SLICE_X48Y155        CARRY8 (Prop_CARRY8_SLICEL_DI[2]_O[4])
                                                      0.245    48.866 r  candidate_lanes[0].lane_pe/codec/distortion3_i_572/O[4]
                         net (fo=3, routed)           0.609    49.475    candidate_lanes[0].lane_pe/codec/distortion3_i_572_n_11
    SLICE_X49Y154        LUT5 (Prop_E6LUT_SLICEL_I4_O)
                                                      0.138    49.613 r  candidate_lanes[0].lane_pe/codec/distortion3_i_511/O
                         net (fo=1, routed)           0.303    49.916    candidate_lanes[0].lane_pe/codec/distortion3_i_511_n_0
    SLICE_X49Y155        CARRY8 (Prop_CARRY8_SLICEL_DI[5]_CO[7])
                                                      0.108    50.024 r  candidate_lanes[0].lane_pe/codec/distortion3_i_358/CO[7]
                         net (fo=1, routed)           0.030    50.054    candidate_lanes[0].lane_pe/codec/distortion3_i_358_n_0
    SLICE_X49Y156        CARRY8 (Prop_CARRY8_SLICEL_CI_O[0])
                                                      0.078    50.132 r  candidate_lanes[0].lane_pe/codec/distortion3_i_331/O[0]
                         net (fo=3, routed)           0.847    50.979    candidate_lanes[0].lane_pe/codec/distortion3_i_331_n_15
    SLICE_X46Y163        LUT3 (Prop_C6LUT_SLICEL_I0_O)
                                                      0.187    51.166 r  candidate_lanes[0].lane_pe/codec/distortion3_i_359/O
                         net (fo=2, routed)           0.168    51.334    candidate_lanes[0].lane_pe/codec/distortion3_i_359_n_0
    SLICE_X46Y163        LUT5 (Prop_E5LUT_SLICEL_I4_O)
                                                      0.222    51.556 r  candidate_lanes[0].lane_pe/codec/distortion3_i_270/O
                         net (fo=2, routed)           0.359    51.915    candidate_lanes[0].lane_pe/codec/distortion3_i_270_n_0
    SLICE_X46Y147        LUT6 (Prop_F6LUT_SLICEL_I0_O)
                                                      0.081    51.996 r  candidate_lanes[0].lane_pe/codec/distortion3_i_278/O
                         net (fo=1, routed)           0.015    52.011    candidate_lanes[0].lane_pe/codec/distortion3_i_278_n_0
    SLICE_X46Y147        CARRY8 (Prop_CARRY8_SLICEL_S[5]_CO[7])
                                                      0.232    52.243 r  candidate_lanes[0].lane_pe/codec/distortion3_i_205/CO[7]
                         net (fo=1, routed)           0.030    52.273    candidate_lanes[0].lane_pe/codec/distortion3_i_205_n_0
    SLICE_X46Y148        CARRY8 (Prop_CARRY8_SLICEL_CI_O[4])
                                                      0.119    52.392 r  candidate_lanes[0].lane_pe/codec/distortion3_i_188/O[4]
                         net (fo=1, routed)           0.490    52.882    candidate_lanes[0].lane_pe/codec/distortion3_i_188_n_11
    SLICE_X45Y147        CARRY8 (Prop_CARRY8_SLICEM_S[2]_CO[7])
                                                      0.229    53.111 r  candidate_lanes[0].lane_pe/codec/distortion3_i_151/CO[7]
                         net (fo=1, routed)           0.030    53.141    candidate_lanes[0].lane_pe/codec/distortion3_i_151_n_0
    SLICE_X45Y148        CARRY8 (Prop_CARRY8_SLICEM_CI_O[1])
                                                      0.106    53.247 r  candidate_lanes[0].lane_pe/codec/distortion3_i_129/O[1]
                         net (fo=5, routed)           0.851    54.098    candidate_lanes[0].lane_pe/codec/distortion3_i_129_n_14
    SLICE_X39Y125        LUT2 (Prop_A6LUT_SLICEL_I0_O)
                                                      0.152    54.250 r  candidate_lanes[0].lane_pe/codec/distortion3_i_444/O
                         net (fo=1, routed)           0.014    54.264    candidate_lanes[0].lane_pe/codec/distortion3_i_444_n_0
    SLICE_X39Y125        CARRY8 (Prop_CARRY8_SLICEL_S[0]_CO[7])
                                                      0.278    54.542 r  candidate_lanes[0].lane_pe/codec/distortion3_i_309/CO[7]
                         net (fo=1, routed)           0.030    54.572    candidate_lanes[0].lane_pe/codec/distortion3_i_309_n_0
    SLICE_X39Y126        CARRY8 (Prop_CARRY8_SLICEL_CI_CO[7])
                                                      0.065    54.637 r  candidate_lanes[0].lane_pe/codec/distortion3_i_231/CO[7]
                         net (fo=1, routed)           0.030    54.667    candidate_lanes[0].lane_pe/codec/distortion3_i_231_n_0
    SLICE_X39Y127        CARRY8 (Prop_CARRY8_SLICEL_CI_CO[7])
                                                      0.065    54.732 r  candidate_lanes[0].lane_pe/codec/distortion3_i_179/CO[7]
                         net (fo=1, routed)           0.030    54.762    candidate_lanes[0].lane_pe/codec/distortion3_i_179_n_0
    SLICE_X39Y128        CARRY8 (Prop_CARRY8_SLICEL_CI_CO[0])
                                                      0.074    54.836 r  candidate_lanes[0].lane_pe/codec/distortion3_i_131/CO[0]
                         net (fo=32, routed)          0.347    55.183    candidate_lanes[0].lane_pe/codec/clip161__0
    SLICE_X42Y123        LUT4 (Prop_A6LUT_SLICEL_I3_O)
                                                      0.225    55.408 r  candidate_lanes[0].lane_pe/codec/distortion3_i_108/O
                         net (fo=1, routed)           0.014    55.422    candidate_lanes[0].lane_pe/codec/distortion3_i_108_n_0
    SLICE_X42Y123        CARRY8 (Prop_CARRY8_SLICEL_S[0]_CO[7])
                                                      0.278    55.700 r  candidate_lanes[0].lane_pe/codec/distortion3_i_40/CO[7]
                         net (fo=1, routed)           0.030    55.730    candidate_lanes[0].lane_pe/codec/distortion3_i_40_n_0
    SLICE_X42Y124        CARRY8 (Prop_CARRY8_SLICEL_CI_CO[7])
                                                      0.065    55.795 r  candidate_lanes[0].lane_pe/codec/distortion3_i_39/CO[7]
                         net (fo=1, routed)           0.030    55.825    candidate_lanes[0].lane_pe/codec/distortion3_i_39_n_0
    SLICE_X42Y125        CARRY8 (Prop_CARRY8_SLICEL_CI_CO[7])
                                                      0.065    55.890 r  candidate_lanes[0].lane_pe/codec/distortion3_i_38/CO[7]
                         net (fo=1, routed)           0.030    55.920    candidate_lanes[0].lane_pe/codec/distortion3_i_38_n_0
    SLICE_X42Y126        CARRY8 (Prop_CARRY8_SLICEL_CI_O[3])
                                                      0.114    56.034 f  candidate_lanes[0].lane_pe/codec/distortion3_i_37/O[3]
                         net (fo=3, routed)           0.220    56.253    candidate_lanes[0].lane_pe/codec/(null)[0].value__3[27]
    SLICE_X41Y125        LUT2 (Prop_B6LUT_SLICEM_I0_O)
                                                      0.225    56.478 r  candidate_lanes[0].lane_pe/codec/distortion3_i_48/O
                         net (fo=1, routed)           0.022    56.500    candidate_lanes[0].lane_pe/codec/distortion3_i_48_n_0
    SLICE_X41Y125        CARRY8 (Prop_CARRY8_SLICEM_S[1]_CO[3])
                                                      0.257    56.757 r  candidate_lanes[0].lane_pe/codec/distortion3_i_36/CO[3]
                         net (fo=31, routed)          0.338    57.096    candidate_lanes[0].lane_pe/codec/clip81__2
    SLICE_X40Y123        LUT4 (Prop_A6LUT_SLICEM_I1_O)
                                                      0.083    57.179 r  candidate_lanes[0].lane_pe/codec/distortion3_i_35/O
                         net (fo=1, routed)           0.017    57.196    candidate_lanes[0].lane_pe/codec/distortion3_i_35_n_0
    SLICE_X40Y123        CARRY8 (Prop_CARRY8_SLICEM_S[0]_CO[7])
                                                      0.281    57.477 r  candidate_lanes[0].lane_pe/codec/distortion3_i_4/CO[7]
                         net (fo=1, routed)           0.030    57.507    candidate_lanes[0].lane_pe/codec/distortion3_i_4_n_0
    SLICE_X40Y124        CARRY8 (Prop_CARRY8_SLICEM_CI_O[3])
                                                      0.114    57.621 f  candidate_lanes[0].lane_pe/codec/distortion3_i_3/O[3]
                         net (fo=4, routed)           0.614    58.235    candidate_lanes[0].lane_pe/codec/distortion3__0/A[11]
    DSP48E2_X11Y51       DSP_A_B_DATA (Prop_DSP_A_B_DATA_DSP48E2_A[11]_A2_DATA[11])
                                                      0.258    58.493 r  candidate_lanes[0].lane_pe/codec/distortion3__0/DSP_A_B_DATA_INST/A2_DATA[11]
                         net (fo=1, routed)           0.000    58.493    candidate_lanes[0].lane_pe/codec/distortion3__0/DSP_A_B_DATA.A2_DATA<11>
    DSP48E2_X11Y51       DSP_PREADD_DATA (Prop_DSP_PREADD_DATA_DSP48E2_A2_DATA[11]_A2A1[11])
                                                      0.114    58.607 r  candidate_lanes[0].lane_pe/codec/distortion3__0/DSP_PREADD_DATA_INST/A2A1[11]
                         net (fo=1, routed)           0.000    58.607    candidate_lanes[0].lane_pe/codec/distortion3__0/DSP_PREADD_DATA.A2A1<11>
    DSP48E2_X11Y51       DSP_MULTIPLIER (Prop_DSP_MULTIPLIER_DSP48E2_A2A1[11]_U[32])
                                                      0.700    59.307 f  candidate_lanes[0].lane_pe/codec/distortion3__0/DSP_MULTIPLIER_INST/U[32]
                         net (fo=1, routed)           0.000    59.307    candidate_lanes[0].lane_pe/codec/distortion3__0/DSP_MULTIPLIER.U<32>
    DSP48E2_X11Y51       DSP_M_DATA (Prop_DSP_M_DATA_DSP48E2_U[32]_U_DATA[32])
                                                      0.067    59.374 r  candidate_lanes[0].lane_pe/codec/distortion3__0/DSP_M_DATA_INST/U_DATA[32]
                         net (fo=1, routed)           0.000    59.374    candidate_lanes[0].lane_pe/codec/distortion3__0/DSP_M_DATA.U_DATA<32>
    DSP48E2_X11Y51       DSP_ALU (Prop_DSP_ALU_DSP48E2_U_DATA[32]_ALU_OUT[47])
                                                      0.727    60.101 f  candidate_lanes[0].lane_pe/codec/distortion3__0/DSP_ALU_INST/ALU_OUT[47]
                         net (fo=1, routed)           0.000    60.101    candidate_lanes[0].lane_pe/codec/distortion3__0/DSP_ALU.ALU_OUT<47>
    DSP48E2_X11Y51       DSP_OUTPUT (Prop_DSP_OUTPUT_DSP48E2_ALU_OUT[47]_PCOUT[47])
                                                      0.167    60.268 r  candidate_lanes[0].lane_pe/codec/distortion3__0/DSP_OUTPUT_INST/PCOUT[47]
                         net (fo=1, routed)           0.038    60.306    candidate_lanes[0].lane_pe/codec/distortion3__1/PCIN[47]
    DSP48E2_X11Y52       DSP_ALU (Prop_DSP_ALU_DSP48E2_PCIN[47]_ALU_OUT[0])
                                                      0.739    61.045 f  candidate_lanes[0].lane_pe/codec/distortion3__1/DSP_ALU_INST/ALU_OUT[0]
                         net (fo=1, routed)           0.000    61.045    candidate_lanes[0].lane_pe/codec/distortion3__1/DSP_ALU.ALU_OUT<0>
    DSP48E2_X11Y52       DSP_OUTPUT (Prop_DSP_OUTPUT_DSP48E2_ALU_OUT[0]_P[0])
                                                      0.146    61.191 r  candidate_lanes[0].lane_pe/codec/distortion3__1/DSP_OUTPUT_INST/P[0]
                         net (fo=2, routed)           0.177    61.368    candidate_lanes[0].lane_pe/codec/distortion3__1_n_105
    SLICE_X40Y130        LUT2 (Prop_B6LUT_SLICEM_I0_O)
                                                      0.057    61.425 r  candidate_lanes[0].lane_pe/codec/out_distortion[28]_i_485/O
                         net (fo=1, routed)           0.022    61.447    candidate_lanes[0].lane_pe/codec/out_distortion[28]_i_485_n_0
    SLICE_X40Y130        CARRY8 (Prop_CARRY8_SLICEM_S[1]_O[2])
                                                      0.179    61.626 r  candidate_lanes[0].lane_pe/codec/out_distortion_reg[28]_i_434/O[2]
                         net (fo=3, routed)           0.318    61.944    candidate_lanes[0].lane_pe/codec/out_distortion_reg[28]_i_434_n_13
    SLICE_X37Y128        LUT3 (Prop_A6LUT_SLICEM_I2_O)
                                                      0.138    62.082 r  candidate_lanes[0].lane_pe/codec/out_distortion[28]_i_362/O
                         net (fo=1, routed)           0.638    62.720    candidate_lanes[0].lane_pe/codec/out_distortion[28]_i_362_n_0
    SLICE_X34Y127        CARRY8 (Prop_CARRY8_SLICEM_DI[3]_O[5])
                                                      0.268    62.988 r  candidate_lanes[0].lane_pe/codec/out_distortion_reg[28]_i_180/O[5]
                         net (fo=3, routed)           0.332    63.320    candidate_lanes[0].lane_pe/codec/out_distortion_reg[28]_i_180_n_10
    SLICE_X29Y128        LUT3 (Prop_D6LUT_SLICEM_I0_O)
                                                      0.056    63.376 r  candidate_lanes[0].lane_pe/codec/out_distortion[28]_i_128/O
                         net (fo=1, routed)           0.492    63.868    candidate_lanes[0].lane_pe/codec/out_distortion[28]_i_128_n_0
    SLICE_X31Y128        CARRY8 (Prop_CARRY8_SLICEM_DI[6]_O[7])
                                                      0.133    64.001 r  candidate_lanes[0].lane_pe/codec/out_distortion_reg[28]_i_29/O[7]
                         net (fo=3, routed)           0.315    64.316    candidate_lanes[0].lane_pe/codec/out_distortion_reg[28]_i_29_n_8
    SLICE_X34Y132        LUT3 (Prop_E6LUT_SLICEM_I1_O)
                                                      0.057    64.373 r  candidate_lanes[0].lane_pe/codec/out_distortion[28]_i_31/O
                         net (fo=2, routed)           0.450    64.823    candidate_lanes[0].lane_pe/codec/out_distortion[28]_i_31_n_0
    SLICE_X33Y132        LUT6 (Prop_H6LUT_SLICEL_I1_O)
                                                      0.188    65.011 r  candidate_lanes[0].lane_pe/codec/out_distortion[23]_i_10/O
                         net (fo=1, routed)           0.015    65.026    candidate_lanes[0].lane_pe/codec/out_distortion[23]_i_10_n_0
    SLICE_X33Y132        CARRY8 (Prop_CARRY8_SLICEL_S[7]_CO[7])
                                                      0.172    65.198 r  candidate_lanes[0].lane_pe/codec/out_distortion_reg[23]_i_1/CO[7]
                         net (fo=1, routed)           0.030    65.228    candidate_lanes[0].lane_pe/codec/out_distortion_reg[23]_i_1_n_0
    SLICE_X33Y133        CARRY8 (Prop_CARRY8_SLICEL_CI_O[7])
                                                      0.171    65.399 r  candidate_lanes[0].lane_pe/codec/out_distortion_reg[28]_i_1/O[7]
                         net (fo=1, routed)           0.034    65.433    candidate_lanes[0].lane_pe/codec_distortion__0[31]
    SLICE_X33Y133        FDRE                                         r  candidate_lanes[0].lane_pe/out_distortion_reg[31]/D
  -------------------------------------------------------------------    -------------------

                         (clock chia_rdo_clk rise edge)
                                                      5.000     5.000 r  
                                                      0.000     5.000 r  clk (IN)
                         net (fo=1725, unset)         0.029     5.029    candidate_lanes[0].lane_pe/clk
    SLICE_X33Y133        FDRE                                         r  candidate_lanes[0].lane_pe/out_distortion_reg[31]/C
                         clock pessimism              0.000     5.029    
                         clock uncertainty           -0.035     4.994    
    SLICE_X33Y133        FDRE (Setup_HFF_SLICEL_C_D)
                                                      0.044     5.038    candidate_lanes[0].lane_pe/out_distortion_reg[31]
  -------------------------------------------------------------------
                         required time                          5.038    
                         arrival time                         -65.433    
  -------------------------------------------------------------------
                         slack                                -60.395    

Slack (VIOLATED) :        -60.384ns  (required time - arrival time)
  Source:                 count_reg_reg[2]/C
                            (rising edge-triggered cell FDRE clocked by chia_rdo_clk  {rise@0.000ns fall@2.500ns period=5.000ns})
  Destination:            candidate_lanes[0].lane_pe/out_distortion_reg[29]/D
                            (rising edge-triggered cell FDRE clocked by chia_rdo_clk  {rise@0.000ns fall@2.500ns period=5.000ns})
  Path Group:             chia_rdo_clk
  Path Type:              Setup (Max at Slow Process Corner)
  Requirement:            5.000ns  (chia_rdo_clk rise@5.000ns - chia_rdo_clk rise@0.000ns)
  Data Path Delay:        65.380ns  (logic 34.061ns (52.097%)  route 31.319ns (47.903%))
  Logic Levels:           170  (CARRY8=69 DSP_A_B_DATA=5 DSP_ALU=10 DSP_M_DATA=4 DSP_MULTIPLIER=4 DSP_OUTPUT=10 DSP_PREADD_DATA=4 LUT1=1 LUT2=12 LUT3=12 LUT4=4 LUT5=12 LUT6=20 MUXF7=2 MUXF8=1)
  Clock Path Skew:        -0.013ns (DCD - SCD + CPR)
    Destination Clock Delay (DCD):    0.029ns = ( 5.029 - 5.000 ) 
    Source Clock Delay      (SCD):    0.042ns
    Clock Pessimism Removal (CPR):    0.000ns
  Clock Uncertainty:      0.035ns  ((TSJ^2 + TIJ^2)^1/2 + DJ) / 2 + PE
    Total System Jitter     (TSJ):    0.071ns
    Total Input Jitter      (TIJ):    0.000ns
    Discrete Jitter          (DJ):    0.000ns
    Phase Error              (PE):    0.000ns

    Location             Delay type                Incr(ns)  Path(ns)    Netlist Resource(s)
  -------------------------------------------------------------------    -------------------
                         (clock chia_rdo_clk rise edge)
                                                      0.000     0.000 r  
                                                      0.000     0.000 r  clk (IN)
                         net (fo=1725, unset)         0.042     0.042    clk
    SLICE_X56Y144        FDRE                                         r  count_reg_reg[2]/C
  -------------------------------------------------------------------    -------------------
    SLICE_X56Y144        FDRE (Prop_FFF_SLICEL_C_Q)
                                                      0.113     0.155 r  count_reg_reg[2]/Q
                         net (fo=5, routed)           0.223     0.378    candidate_lanes[0].lane_pe/codec/batches_model[2]
    SLICE_X57Y144        LUT4 (Prop_B6LUT_SLICEL_I2_O)
                                                      0.152     0.530 r  candidate_lanes[0].lane_pe/codec/lane_rank[0][5]_i_17/O
                         net (fo=1, routed)           0.013     0.543    candidate_lanes[0].lane_pe/codec/lane_rank[0][5]_i_17_n_0
    SLICE_X57Y144        CARRY8 (Prop_CARRY8_SLICEL_S[1]_CO[3])
                                                      0.250     0.793 f  candidate_lanes[0].lane_pe/codec/lane_rank_reg[0][5]_i_4/CO[3]
                         net (fo=124, routed)         0.340     1.134    candidate_lanes[0].lane_pe/codec/CO[0]
    SLICE_X57Y140        LUT6 (Prop_A6LUT_SLICEL_I1_O)
                                                      0.137     1.271 r  candidate_lanes[0].lane_pe/codec/multi_stage.rate_stage00_i_275/O
                         net (fo=136, routed)         0.277     1.548    candidate_lanes[0].lane_pe/codec/launched_count_reg[2]
    SLICE_X57Y143        LUT6 (Prop_H6LUT_SLICEL_I4_O)
                                                      0.227     1.775 f  candidate_lanes[0].lane_pe/codec/mode_reg[4]_i_64/O
                         net (fo=1, routed)           0.196     1.971    candidate_lanes[0].lane_pe/codec/mode_reg[4]_i_64_n_0
    SLICE_X57Y142        LUT6 (Prop_C6LUT_SLICEL_I3_O)
                                                      0.221     2.192 f  candidate_lanes[0].lane_pe/codec/mode_reg[4]_i_19/O
                         net (fo=1, routed)           0.015     2.207    candidate_lanes[0].lane_pe/codec/mode_reg[4]_i_19_n_0
    SLICE_X57Y142        MUXF7 (Prop_F7MUX_CD_SLICEL_I1_O)
                                                      0.088     2.295 f  candidate_lanes[0].lane_pe/codec/mode_reg_reg[4]_i_6/O
                         net (fo=1, routed)           0.000     2.295    candidate_lanes[0].lane_pe/codec/mode_reg_reg[4]_i_6_n_0
    SLICE_X57Y142        MUXF8 (Prop_F8MUX_BOT_SLICEL_I0_O)
                                                      0.031     2.326 f  candidate_lanes[0].lane_pe/codec/mode_reg_reg[4]_i_2/O
                         net (fo=3, routed)           0.618     2.944    candidate_lanes[0].lane_pe/codec/mode_reg_reg[4]_i_2_n_0
    SLICE_X54Y121        LUT6 (Prop_A6LUT_SLICEM_I0_O)
                                                      0.189     3.133 f  candidate_lanes[0].lane_pe/codec/mode_reg[4]_i_1/O
                         net (fo=24, routed)          0.395     3.528    candidate_lanes[0].lane_pe/codec/D[4]
    SLICE_X51Y121        LUT5 (Prop_B6LUT_SLICEL_I4_O)
                                                      0.058     3.586 r  candidate_lanes[0].lane_pe/codec/angular_temporary3__21_i_30/O
                         net (fo=157, routed)         0.204     3.790    candidate_lanes[0].lane_pe/codec/angular_temporary3__3_i_46_n_0
    SLICE_X50Y121        LUT6 (Prop_A6LUT_SLICEL_I0_O)
                                                      0.225     4.015 r  candidate_lanes[0].lane_pe/codec/angular_temporary3__3_i_52/O
                         net (fo=1, routed)           0.014     4.029    candidate_lanes[0].lane_pe/codec/angular_temporary3__3_i_52_n_0
    SLICE_X50Y121        CARRY8 (Prop_CARRY8_SLICEL_S[0]_O[0])
                                                      0.077     4.106 r  candidate_lanes[0].lane_pe/codec/angular_temporary3__3_i_14/O[0]
                         net (fo=246, routed)         0.531     4.637    candidate_lanes[0].lane_pe/codec/angular_temporary8[0]
    SLICE_X50Y115        LUT5 (Prop_A6LUT_SLICEL_I2_O)
                                                      0.225     4.862 r  candidate_lanes[0].lane_pe/codec/angular_temporary1__29_i_90/O
                         net (fo=1, routed)           0.014     4.876    candidate_lanes[0].lane_pe/codec/angular_temporary1__29_i_90_n_0
    SLICE_X50Y115        CARRY8 (Prop_CARRY8_SLICEL_S[0]_CO[7])
                                                      0.278     5.154 r  candidate_lanes[0].lane_pe/codec/angular_temporary1__29_i_51/CO[7]
                         net (fo=1, routed)           0.030     5.184    candidate_lanes[0].lane_pe/codec/angular_temporary1__29_i_51_n_0
    SLICE_X50Y116        CARRY8 (Prop_CARRY8_SLICEL_CI_CO[7])
                                                      0.073     5.257 r  candidate_lanes[0].lane_pe/codec/angular_temporary1__29_i_32/CO[7]
                         net (fo=50, routed)          0.241     5.498    candidate_lanes[0].lane_pe/codec/angular_temporary1__29_i_32_n_0
    SLICE_X50Y114        LUT6 (Prop_D6LUT_SLICEL_I5_O)
                                                      0.221     5.719 r  candidate_lanes[0].lane_pe/codec/angular_temporary1__9_i_107/O
                         net (fo=1, routed)           0.293     6.012    candidate_lanes[0].lane_pe/codec/angular_temporary1__9_i_107_n_0
    SLICE_X49Y110        CARRY8 (Prop_CARRY8_SLICEL_DI[2]_CO[7])
                                                      0.158     6.170 r  candidate_lanes[0].lane_pe/codec/angular_temporary1__9_i_56/CO[7]
                         net (fo=1, routed)           0.030     6.200    candidate_lanes[0].lane_pe/codec/angular_temporary1__9_i_56_n_0
    SLICE_X49Y111        CARRY8 (Prop_CARRY8_SLICEL_CI_O[0])
                                                      0.078     6.278 r  candidate_lanes[0].lane_pe/codec/angular_temporary1__9_i_28/O[0]
                         net (fo=22, routed)          0.222     6.501    candidate_lanes[0].lane_pe/codec/angular_temporary1__9_i_28_n_15
    SLICE_X50Y112        LUT3 (Prop_A6LUT_SLICEL_I0_O)
                                                      0.188     6.689 r  candidate_lanes[0].lane_pe/codec/angular_temporary3__1_i_91/O
                         net (fo=2, routed)           0.163     6.852    candidate_lanes[0].lane_pe/codec/inverse_angle_sum[8]
    SLICE_X50Y111        LUT6 (Prop_A6LUT_SLICEL_I0_O)
                                                      0.152     7.004 r  candidate_lanes[0].lane_pe/codec/angular_temporary3__1_i_96/O
                         net (fo=1, routed)           0.014     7.018    candidate_lanes[0].lane_pe/codec/angular_temporary3__1_i_96_n_0
    SLICE_X50Y111        CARRY8 (Prop_CARRY8_SLICEL_S[0]_O[4])
                                                      0.285     7.303 r  candidate_lanes[0].lane_pe/codec/angular_temporary3__1_i_39/O[4]
                         net (fo=4, routed)           0.350     7.653    candidate_lanes[0].lane_pe/codec/sel0[4]
    SLICE_X49Y109        LUT2 (Prop_F6LUT_SLICEL_I0_O)
                                                      0.081     7.734 r  candidate_lanes[0].lane_pe/codec/angular_temporary3__1_i_97/O
                         net (fo=7, routed)           0.595     8.329    candidate_lanes[0].lane_pe/codec/angular_temporary3__1_i_97_n_0
    SLICE_X47Y107        LUT6 (Prop_F6LUT_SLICEL_I0_O)
                                                      0.136     8.465 r  candidate_lanes[0].lane_pe/codec/angular_temporary3__1_i_125/O
                         net (fo=1, routed)           0.327     8.792    candidate_lanes[0].lane_pe/codec/angular_temporary3__1_i_125_n_0
    SLICE_X46Y100        LUT6 (Prop_E6LUT_SLICEL_I4_O)
                                                      0.057     8.849 f  candidate_lanes[0].lane_pe/codec/angular_temporary3__1_i_78/O
                         net (fo=1, routed)           0.067     8.916    candidate_lanes[0].lane_pe/codec/angular_temporary3__1_i_78_n_0
    SLICE_X46Y100        LUT6 (Prop_C6LUT_SLICEL_I5_O)
                                                      0.221     9.137 f  candidate_lanes[0].lane_pe/codec/angular_temporary3__1_i_32/O
                         net (fo=2, routed)           0.015     9.152    candidate_lanes[0].lane_pe/codec/angular_temporary3__1_i_32_n_0
    SLICE_X46Y100        MUXF7 (Prop_F7MUX_CD_SLICEL_I1_O)
                                                      0.096     9.248 f  candidate_lanes[0].lane_pe/codec/angular_temporary3__1_i_8/O
                         net (fo=1, routed)           0.570     9.818    candidate_lanes[0].lane_pe/codec/angular_temporary3__1/A[0]
    DSP48E2_X11Y42       DSP_A_B_DATA (Prop_DSP_A_B_DATA_DSP48E2_A[0]_A2_DATA[0])
                                                      0.258    10.076 r  candidate_lanes[0].lane_pe/codec/angular_temporary3__1/DSP_A_B_DATA_INST/A2_DATA[0]
                         net (fo=1, routed)           0.000    10.076    candidate_lanes[0].lane_pe/codec/angular_temporary3__1/DSP_A_B_DATA.A2_DATA<0>
    DSP48E2_X11Y42       DSP_PREADD_DATA (Prop_DSP_PREADD_DATA_DSP48E2_A2_DATA[0]_A2A1[0])
                                                      0.114    10.190 r  candidate_lanes[0].lane_pe/codec/angular_temporary3__1/DSP_PREADD_DATA_INST/A2A1[0]
                         net (fo=1, routed)           0.000    10.190    candidate_lanes[0].lane_pe/codec/angular_temporary3__1/DSP_PREADD_DATA.A2A1<0>
    DSP48E2_X11Y42       DSP_MULTIPLIER (Prop_DSP_MULTIPLIER_DSP48E2_A2A1[0]_U[21])
                                                      0.700    10.890 f  candidate_lanes[0].lane_pe/codec/angular_temporary3__1/DSP_MULTIPLIER_INST/U[21]
                         net (fo=1, routed)           0.000    10.890    candidate_lanes[0].lane_pe/codec/angular_temporary3__1/DSP_MULTIPLIER.U<21>
    DSP48E2_X11Y42       DSP_M_DATA (Prop_DSP_M_DATA_DSP48E2_U[21]_U_DATA[21])
                                                      0.067    10.957 r  candidate_lanes[0].lane_pe/codec/angular_temporary3__1/DSP_M_DATA_INST/U_DATA[21]
                         net (fo=1, routed)           0.000    10.957    candidate_lanes[0].lane_pe/codec/angular_temporary3__1/DSP_M_DATA.U_DATA<21>
    DSP48E2_X11Y42       DSP_ALU (Prop_DSP_ALU_DSP48E2_U_DATA[21]_ALU_OUT[47])
                                                      0.727    11.684 f  candidate_lanes[0].lane_pe/codec/angular_temporary3__1/DSP_ALU_INST/ALU_OUT[47]
                         net (fo=1, routed)           0.000    11.684    candidate_lanes[0].lane_pe/codec/angular_temporary3__1/DSP_ALU.ALU_OUT<47>
    DSP48E2_X11Y42       DSP_OUTPUT (Prop_DSP_OUTPUT_DSP48E2_ALU_OUT[47]_PCOUT[47])
                                                      0.167    11.851 r  candidate_lanes[0].lane_pe/codec/angular_temporary3__1/DSP_OUTPUT_INST/PCOUT[47]
                         net (fo=1, routed)           0.014    11.865    candidate_lanes[0].lane_pe/codec/angular_temporary3__2/PCIN[47]
    DSP48E2_X11Y43       DSP_ALU (Prop_DSP_ALU_DSP48E2_PCIN[47]_ALU_OUT[14])
                                                      0.739    12.604 r  candidate_lanes[0].lane_pe/codec/angular_temporary3__2/DSP_ALU_INST/ALU_OUT[14]
                         net (fo=1, routed)           0.000    12.604    candidate_lanes[0].lane_pe/codec/angular_temporary3__2/DSP_ALU.ALU_OUT<14>
    DSP48E2_X11Y43       DSP_OUTPUT (Prop_DSP_OUTPUT_DSP48E2_ALU_OUT[14]_P[14])
                                                      0.146    12.750 f  candidate_lanes[0].lane_pe/codec/angular_temporary3__2/DSP_OUTPUT_INST/P[14]
                         net (fo=17, routed)          0.636    13.386    candidate_lanes[0].lane_pe/codec/angular_temporary1__1/A[25]
    DSP48E2_X11Y36       DSP_A_B_DATA (Prop_DSP_A_B_DATA_DSP48E2_A[25]_A_ALU[25])
                                                      0.265    13.651 r  candidate_lanes[0].lane_pe/codec/angular_temporary1__1/DSP_A_B_DATA_INST/A_ALU[25]
                         net (fo=1, routed)           0.000    13.651    candidate_lanes[0].lane_pe/codec/angular_temporary1__1/DSP_A_B_DATA.A_ALU<25>
    DSP48E2_X11Y36       DSP_ALU (Prop_DSP_ALU_DSP48E2_A_ALU[25]_ALU_OUT[47])
                                                      0.726    14.377 f  candidate_lanes[0].lane_pe/codec/angular_temporary1__1/DSP_ALU_INST/ALU_OUT[47]
                         net (fo=1, routed)           0.000    14.377    candidate_lanes[0].lane_pe/codec/angular_temporary1__1/DSP_ALU.ALU_OUT<47>
    DSP48E2_X11Y36       DSP_OUTPUT (Prop_DSP_OUTPUT_DSP48E2_ALU_OUT[47]_PCOUT[47])
                                                      0.167    14.544 r  candidate_lanes[0].lane_pe/codec/angular_temporary1__1/DSP_OUTPUT_INST/PCOUT[47]
                         net (fo=1, routed)           0.014    14.558    candidate_lanes[0].lane_pe/codec/angular_temporary1__2/PCIN[47]
    DSP48E2_X11Y37       DSP_ALU (Prop_DSP_ALU_DSP48E2_PCIN[47]_ALU_OUT[8])
                                                      0.739    15.297 f  candidate_lanes[0].lane_pe/codec/angular_temporary1__2/DSP_ALU_INST/ALU_OUT[8]
                         net (fo=1, routed)           0.000    15.297    candidate_lanes[0].lane_pe/codec/angular_temporary1__2/DSP_ALU.ALU_OUT<8>
    DSP48E2_X11Y37       DSP_OUTPUT (Prop_DSP_OUTPUT_DSP48E2_ALU_OUT[8]_P[8])
                                                      0.146    15.443 r  candidate_lanes[0].lane_pe/codec/angular_temporary1__2/DSP_OUTPUT_INST/P[8]
                         net (fo=1, routed)           0.209    15.652    candidate_lanes[0].lane_pe/codec/angular_temporary1__2_n_97
    SLICE_X41Y91         LUT5 (Prop_E6LUT_SLICEM_I4_O)
                                                      0.187    15.839 r  candidate_lanes[0].lane_pe/codec/distortion13_i_231/O
                         net (fo=5, routed)           0.283    16.122    candidate_lanes[0].lane_pe/codec/distortion13_i_231_n_0
    SLICE_X42Y89         LUT6 (Prop_D6LUT_SLICEL_I0_O)
                                                      0.057    16.179 r  candidate_lanes[0].lane_pe/codec/distortion13_i_374/O
                         net (fo=1, routed)           0.013    16.192    candidate_lanes[0].lane_pe/codec/distortion13_i_374_n_0
    SLICE_X42Y89         CARRY8 (Prop_CARRY8_SLICEL_S[3]_CO[7])
                                                      0.220    16.412 r  candidate_lanes[0].lane_pe/codec/distortion13_i_226/CO[7]
                         net (fo=1, routed)           0.062    16.474    candidate_lanes[0].lane_pe/codec/distortion13_i_226_n_0
    SLICE_X42Y90         CARRY8 (Prop_CARRY8_SLICEL_CI_CO[7])
                                                      0.065    16.539 r  candidate_lanes[0].lane_pe/codec/distortion13_i_211/CO[7]
                         net (fo=1, routed)           0.030    16.569    candidate_lanes[0].lane_pe/codec/distortion13_i_211_n_0
    SLICE_X42Y91         CARRY8 (Prop_CARRY8_SLICEL_CI_CO[7])
                                                      0.065    16.634 r  candidate_lanes[0].lane_pe/codec/distortion13_i_210/CO[7]
                         net (fo=1, routed)           0.030    16.664    candidate_lanes[0].lane_pe/codec/distortion13_i_210_n_0
    SLICE_X42Y92         CARRY8 (Prop_CARRY8_SLICEL_CI_CO[3])
                                                      0.082    16.746 r  candidate_lanes[0].lane_pe/codec/distortion13_i_205/CO[3]
                         net (fo=35, routed)          0.372    17.118    candidate_lanes[0].lane_pe/codec/distortion13_i_205_n_4
    SLICE_X43Y89         LUT2 (Prop_B6LUT_SLICEM_I0_O)
                                                      0.225    17.343 r  candidate_lanes[0].lane_pe/codec/distortion13_i_247/O
                         net (fo=1, routed)           0.022    17.365    candidate_lanes[0].lane_pe/codec/distortion13_i_247_n_0
    SLICE_X43Y89         CARRY8 (Prop_CARRY8_SLICEM_S[1]_CO[3])
                                                      0.257    17.622 r  candidate_lanes[0].lane_pe/codec/distortion13_i_204/CO[3]
                         net (fo=30, routed)          0.315    17.936    candidate_lanes[0].lane_pe/codec/distortion13_i_204_n_4
    SLICE_X42Y87         LUT3 (Prop_C6LUT_SLICEL_I2_O)
                                                      0.187    18.123 r  candidate_lanes[0].lane_pe/codec/distortion13_i_235/O
                         net (fo=1, routed)           0.098    18.221    candidate_lanes[0].lane_pe/codec/distortion13_i_235_n_0
    SLICE_X41Y87         LUT5 (Prop_A6LUT_SLICEM_I0_O)
                                                      0.152    18.373 r  candidate_lanes[0].lane_pe/codec/distortion13_i_196/O
                         net (fo=2, routed)           0.104    18.478    candidate_lanes[0].lane_pe/codec/distortion13_i_196_n_0
    SLICE_X41Y88         LUT6 (Prop_C6LUT_SLICEM_I3_O)
                                                      0.056    18.534 r  candidate_lanes[0].lane_pe/codec/distortion4_i_103/O
                         net (fo=3, routed)           0.211    18.745    candidate_lanes[0].lane_pe/codec/distortion4_i_103_n_0
    SLICE_X37Y88         LUT2 (Prop_B6LUT_SLICEM_I1_O)
                                                      0.082    18.827 r  candidate_lanes[0].lane_pe/codec/(null)[0].value4__13_i_185/O
                         net (fo=1, routed)           0.022    18.849    candidate_lanes[0].lane_pe/codec/(null)[0].value4__13_i_185_n_0
    SLICE_X37Y88         CARRY8 (Prop_CARRY8_SLICEM_S[1]_O[5])
                                                      0.333    19.182 r  candidate_lanes[0].lane_pe/codec/(null)[0].value4__13_i_102/O[5]
                         net (fo=28, routed)          0.658    19.840    candidate_lanes[0].lane_pe/codec/codec_residual[113]
    SLICE_X37Y76         LUT2 (Prop_F6LUT_SLICEM_I1_O)
                                                      0.080    19.920 r  candidate_lanes[0].lane_pe/codec/(null)[0].value4__5_i_810/O
                         net (fo=1, routed)           0.029    19.949    candidate_lanes[0].lane_pe/codec/(null)[0].value4__5_i_810_n_0
    SLICE_X37Y76         CARRY8 (Prop_CARRY8_SLICEM_S[5]_CO[7])
                                                      0.238    20.187 r  candidate_lanes[0].lane_pe/codec/(null)[0].value4__5_i_525/CO[7]
                         net (fo=1, routed)           0.030    20.217    candidate_lanes[0].lane_pe/codec/(null)[0].value4__5_i_525_n_0
    SLICE_X37Y77         CARRY8 (Prop_CARRY8_SLICEM_CI_O[1])
                                                      0.106    20.323 r  candidate_lanes[0].lane_pe/codec/(null)[0].value4__5_i_760/O[1]
                         net (fo=2, routed)           0.224    20.547    candidate_lanes[0].lane_pe/codec/(null)[0].value4__5_i_760_n_14
    SLICE_X38Y76         LUT2 (Prop_F6LUT_SLICEM_I0_O)
                                                      0.149    20.696 r  candidate_lanes[0].lane_pe/codec/(null)[0].value4__5_i_763/O
                         net (fo=1, routed)           0.029    20.725    candidate_lanes[0].lane_pe/codec/(null)[0].value4__5_i_763_n_0
    SLICE_X38Y76         CARRY8 (Prop_CARRY8_SLICEM_S[5]_CO[7])
                                                      0.238    20.963 r  candidate_lanes[0].lane_pe/codec/(null)[0].value4__5_i_517/CO[7]
                         net (fo=1, routed)           0.030    20.993    candidate_lanes[0].lane_pe/codec/(null)[0].value4__5_i_517_n_0
    SLICE_X38Y77         CARRY8 (Prop_CARRY8_SLICEM_CI_O[0])
                                                      0.078    21.071 r  candidate_lanes[0].lane_pe/codec/(null)[0].value4__5_i_930/O[0]
                         net (fo=2, routed)           0.159    21.230    candidate_lanes[0].lane_pe/codec/transformed90_in[12]
    SLICE_X38Y75         LUT5 (Prop_G6LUT_SLICEM_I0_O)
                                                      0.057    21.287 r  candidate_lanes[0].lane_pe/codec/(null)[0].value4__5_i_584/O
                         net (fo=2, routed)           0.618    21.905    candidate_lanes[0].lane_pe/codec/(null)[0].value4__5_i_584_n_0
    SLICE_X45Y75         LUT6 (Prop_F6LUT_SLICEM_I0_O)
                                                      0.149    22.054 r  candidate_lanes[0].lane_pe/codec/(null)[0].value4__5_i_592/O
                         net (fo=1, routed)           0.029    22.083    candidate_lanes[0].lane_pe/codec/(null)[0].value4__5_i_592_n_0
    SLICE_X45Y75         CARRY8 (Prop_CARRY8_SLICEM_S[5]_O[6])
                                                      0.186    22.269 r  candidate_lanes[0].lane_pe/codec/(null)[0].value4__5_i_474/O[6]
                         net (fo=25, routed)          0.755    23.023    candidate_lanes[0].lane_pe/codec/(null)[0].value4__5_i_474_n_9
    SLICE_X47Y50         LUT2 (Prop_F6LUT_SLICEL_I1_O)
                                                      0.150    23.173 r  candidate_lanes[0].lane_pe/codec/(null)[0].value4__9_i_327/O
                         net (fo=1, routed)           0.015    23.188    candidate_lanes[0].lane_pe/codec/(null)[0].value4__9_i_327_n_0
    SLICE_X47Y50         CARRY8 (Prop_CARRY8_SLICEL_S[5]_O[6])
                                                      0.180    23.368 r  candidate_lanes[0].lane_pe/codec/(null)[0].value4__9_i_292/O[6]
                         net (fo=3, routed)           0.623    23.992    candidate_lanes[0].lane_pe/codec/(null)[0].value4__9_i_292_n_9
    SLICE_X45Y48         LUT6 (Prop_G6LUT_SLICEM_I0_O)
                                                      0.186    24.178 r  candidate_lanes[0].lane_pe/codec/(null)[0].value4__9_i_250/O
                         net (fo=1, routed)           0.021    24.199    candidate_lanes[0].lane_pe/codec/(null)[0].value4__9_i_250_n_0
    SLICE_X45Y48         CARRY8 (Prop_CARRY8_SLICEM_S[6]_CO[7])
                                                      0.175    24.374 r  candidate_lanes[0].lane_pe/codec/(null)[0].value4__9_i_116/CO[7]
                         net (fo=1, routed)           0.030    24.404    candidate_lanes[0].lane_pe/codec/(null)[0].value4__9_i_116_n_0
    SLICE_X45Y49         CARRY8 (Prop_CARRY8_SLICEM_CI_O[0])
                                                      0.078    24.482 r  candidate_lanes[0].lane_pe/codec/(null)[0].value4__9_i_104/O[0]
                         net (fo=4, routed)           0.686    25.168    candidate_lanes[0].lane_pe/codec/(null)[0].value4__9_i_104_n_15
    SLICE_X42Y68         LUT3 (Prop_G6LUT_SLICEL_I0_O)
                                                      0.226    25.394 r  candidate_lanes[0].lane_pe/codec/(null)[0].value4__9_i_123/O
                         net (fo=1, routed)           0.232    25.626    candidate_lanes[0].lane_pe/codec/(null)[0].value4__9_i_123_n_0
    SLICE_X42Y65         LUT5 (Prop_D6LUT_SLICEL_I1_O)
                                                      0.152    25.778 r  candidate_lanes[0].lane_pe/codec/(null)[0].value4__9_i_70/O
                         net (fo=1, routed)           0.013    25.791    candidate_lanes[0].lane_pe/codec/(null)[0].value4__9_i_70_n_0
    SLICE_X42Y65         CARRY8 (Prop_CARRY8_SLICEL_S[3]_O[4])
                                                      0.208    25.999 f  candidate_lanes[0].lane_pe/codec/(null)[0].value4__9_i_20/O[4]
                         net (fo=2, routed)           0.297    26.296    candidate_lanes[0].lane_pe/codec/codec_transformed__0[238]
    SLICE_X39Y63         LUT1 (Prop_F6LUT_SLICEL_I0_O)
                                                      0.136    26.432 r  candidate_lanes[0].lane_pe/codec/(null)[0].value4__9_i_41/O
                         net (fo=1, routed)           0.015    26.447    candidate_lanes[0].lane_pe/codec/(null)[0].value4__9_i_41_n_0
    SLICE_X39Y63         CARRY8 (Prop_CARRY8_SLICEL_S[5]_O[7])
                                                      0.194    26.641 f  candidate_lanes[0].lane_pe/codec/(null)[0].value4__9_i_18/O[7]
                         net (fo=1, routed)           0.199    26.840    candidate_lanes[0].lane_pe/codec/(null)[0].value4__9_i_18_n_8
    SLICE_X39Y66         LUT3 (Prop_B6LUT_SLICEL_I0_O)
                                                      0.152    26.992 f  candidate_lanes[0].lane_pe/codec/(null)[0].value4__9_i_1/O
                         net (fo=1, routed)           0.457    27.449    candidate_lanes[0].lane_pe/codec/(null)[0].value4__9/A[16]
    DSP48E2_X10Y18       DSP_A_B_DATA (Prop_DSP_A_B_DATA_DSP48E2_A[16]_A2_DATA[16])
                                                      0.258    27.707 r  candidate_lanes[0].lane_pe/codec/(null)[0].value4__9/DSP_A_B_DATA_INST/A2_DATA[16]
                         net (fo=1, routed)           0.000    27.707    candidate_lanes[0].lane_pe/codec/(null)[0].value4__9/DSP_A_B_DATA.A2_DATA<16>
    DSP48E2_X10Y18       DSP_PREADD_DATA (Prop_DSP_PREADD_DATA_DSP48E2_A2_DATA[16]_A2A1[16])
                                                      0.114    27.821 r  candidate_lanes[0].lane_pe/codec/(null)[0].value4__9/DSP_PREADD_DATA_INST/A2A1[16]
                         net (fo=1, routed)           0.000    27.821    candidate_lanes[0].lane_pe/codec/(null)[0].value4__9/DSP_PREADD_DATA.A2A1<16>
    DSP48E2_X10Y18       DSP_MULTIPLIER (Prop_DSP_MULTIPLIER_DSP48E2_A2A1[16]_U[36])
                                                      0.700    28.521 f  candidate_lanes[0].lane_pe/codec/(null)[0].value4__9/DSP_MULTIPLIER_INST/U[36]
                         net (fo=1, routed)           0.000    28.521    candidate_lanes[0].lane_pe/codec/(null)[0].value4__9/DSP_MULTIPLIER.U<36>
    DSP48E2_X10Y18       DSP_M_DATA (Prop_DSP_M_DATA_DSP48E2_U[36]_U_DATA[36])
                                                      0.067    28.588 r  candidate_lanes[0].lane_pe/codec/(null)[0].value4__9/DSP_M_DATA_INST/U_DATA[36]
                         net (fo=1, routed)           0.000    28.588    candidate_lanes[0].lane_pe/codec/(null)[0].value4__9/DSP_M_DATA.U_DATA<36>
    DSP48E2_X10Y18       DSP_ALU (Prop_DSP_ALU_DSP48E2_U_DATA[36]_ALU_OUT[47])
                                                      0.727    29.315 f  candidate_lanes[0].lane_pe/codec/(null)[0].value4__9/DSP_ALU_INST/ALU_OUT[47]
                         net (fo=1, routed)           0.000    29.315    candidate_lanes[0].lane_pe/codec/(null)[0].value4__9/DSP_ALU.ALU_OUT<47>
    DSP48E2_X10Y18       DSP_OUTPUT (Prop_DSP_OUTPUT_DSP48E2_ALU_OUT[47]_PCOUT[47])
                                                      0.167    29.482 r  candidate_lanes[0].lane_pe/codec/(null)[0].value4__9/DSP_OUTPUT_INST/PCOUT[47]
                         net (fo=1, routed)           0.014    29.496    candidate_lanes[0].lane_pe/codec/(null)[0].value4__10/PCIN[47]
    DSP48E2_X10Y19       DSP_ALU (Prop_DSP_ALU_DSP48E2_PCIN[47]_ALU_OUT[3])
                                                      0.739    30.235 f  candidate_lanes[0].lane_pe/codec/(null)[0].value4__10/DSP_ALU_INST/ALU_OUT[3]
                         net (fo=1, routed)           0.000    30.235    candidate_lanes[0].lane_pe/codec/(null)[0].value4__10/DSP_ALU.ALU_OUT<3>
    DSP48E2_X10Y19       DSP_OUTPUT (Prop_DSP_OUTPUT_DSP48E2_ALU_OUT[3]_P[3])
                                                      0.146    30.381 r  candidate_lanes[0].lane_pe/codec/(null)[0].value4__10/DSP_OUTPUT_INST/P[3]
                         net (fo=2, routed)           0.324    30.704    candidate_lanes[0].lane_pe/codec/(null)[0].value4__10_n_102
    SLICE_X37Y47         LUT6 (Prop_E6LUT_SLICEM_I5_O)
                                                      0.187    30.891 r  candidate_lanes[0].lane_pe/codec/clip164__7__0_i_135/O
                         net (fo=1, routed)           0.018    30.909    candidate_lanes[0].lane_pe/codec/clip164__7__0_i_135_n_0
    SLICE_X37Y47         CARRY8 (Prop_CARRY8_SLICEM_S[4]_CO[7])
                                                      0.236    31.145 r  candidate_lanes[0].lane_pe/codec/clip164__7__0_i_77/CO[7]
                         net (fo=1, routed)           0.030    31.175    candidate_lanes[0].lane_pe/codec/clip164__7__0_i_77_n_0
    SLICE_X37Y48         CARRY8 (Prop_CARRY8_SLICEM_CI_O[0])
                                                      0.078    31.253 f  candidate_lanes[0].lane_pe/codec/clip164__7__0_i_59/O[0]
                         net (fo=5, routed)           0.520    31.773    candidate_lanes[0].lane_pe/codec/clip164__7__0_i_59_n_15
    SLICE_X40Y63         LUT4 (Prop_B6LUT_SLICEM_I0_O)
                                                      0.152    31.925 r  candidate_lanes[0].lane_pe/codec/clip164__7__0_i_78/O
                         net (fo=2, routed)           0.122    32.047    candidate_lanes[0].lane_pe/codec/clip164__7__0_i_78_n_0
    SLICE_X40Y64         LUT5 (Prop_D6LUT_SLICEM_I4_O)
                                                      0.220    32.267 r  candidate_lanes[0].lane_pe/codec/clip164__7__0_i_69/O
                         net (fo=1, routed)           0.400    32.667    candidate_lanes[0].lane_pe/codec/clip164__7__0_i_69_n_0
    SLICE_X40Y65         CARRY8 (Prop_CARRY8_SLICEM_S[0]_CO[7])
                                                      0.281    32.948 r  candidate_lanes[0].lane_pe/codec/clip164__7__0_i_29/CO[7]
                         net (fo=1, routed)           0.030    32.978    candidate_lanes[0].lane_pe/codec/clip164__7__0_i_29_n_0
    SLICE_X40Y66         CARRY8 (Prop_CARRY8_SLICEM_CI_CO[7])
                                                      0.065    33.043 r  candidate_lanes[0].lane_pe/codec/clip164__7__0_i_18/CO[7]
                         net (fo=1, routed)           0.030    33.073    candidate_lanes[0].lane_pe/codec/clip164__7__0_i_18_n_0
    SLICE_X40Y67         CARRY8 (Prop_CARRY8_SLICEM_CI_O[5])
                                                      0.161    33.234 f  candidate_lanes[0].lane_pe/codec/clip164__8__0_i_12/O[5]
                         net (fo=1, routed)           0.164    33.398    candidate_lanes[0].lane_pe/codec/clip164__8__0_i_12_n_10
    SLICE_X39Y67         LUT3 (Prop_A6LUT_SLICEL_I0_O)
                                                      0.137    33.535 f  candidate_lanes[0].lane_pe/codec/clip164__8__0_i_14/O
                         net (fo=5, routed)           0.205    33.740    candidate_lanes[0].lane_pe/codec/clip164__8__0_i_14_n_0
    SLICE_X40Y68         LUT6 (Prop_H6LUT_SLICEM_I1_O)
                                                      0.228    33.968 f  candidate_lanes[0].lane_pe/codec/clip164__7__0_i_202/O
                         net (fo=1, routed)           0.200    34.168    candidate_lanes[0].lane_pe/codec/clip164__7__0_i_202_n_0
    SLICE_X40Y69         CARRY8 (Prop_CARRY8_SLICEM_DI[4]_CO[7])
                                                      0.137    34.305 f  candidate_lanes[0].lane_pe/codec/clip164__7__0_i_157/CO[7]
                         net (fo=1, routed)           0.030    34.335    candidate_lanes[0].lane_pe/codec/clip164__7__0_i_157_n_0
    SLICE_X40Y70         CARRY8 (Prop_CARRY8_SLICEM_CI_CO[7])
                                                      0.065    34.400 f  candidate_lanes[0].lane_pe/codec/clip164__7__0_i_97/CO[7]
                         net (fo=1, routed)           0.030    34.430    candidate_lanes[0].lane_pe/codec/clip164__7__0_i_97_n_0
    SLICE_X40Y71         CARRY8 (Prop_CARRY8_SLICEM_CI_CO[7])
                                                      0.065    34.495 f  candidate_lanes[0].lane_pe/codec/clip164__7__0_i_50/CO[7]
                         net (fo=1, routed)           0.030    34.525    candidate_lanes[0].lane_pe/codec/clip164__7__0_i_50_n_0
    SLICE_X40Y72         CARRY8 (Prop_CARRY8_SLICEM_CI_CO[0])
                                                      0.074    34.599 f  candidate_lanes[0].lane_pe/codec/clip164__7__0_i_21/CO[0]
                         net (fo=26, routed)          0.663    35.262    candidate_lanes[0].lane_pe/codec/clip164__7__0_i_21_n_7
    SLICE_X47Y71         LUT5 (Prop_B6LUT_SLICEL_I3_O)
                                                      0.224    35.486 f  candidate_lanes[0].lane_pe/codec/clip164__7__0_i_4/O
                         net (fo=1, routed)           0.676    36.162    candidate_lanes[0].lane_pe/codec/clip164__7__0/A[13]
    DSP48E2_X12Y28       DSP_A_B_DATA (Prop_DSP_A_B_DATA_DSP48E2_A[13]_A2_DATA[13])
                                                      0.258    36.420 r  candidate_lanes[0].lane_pe/codec/clip164__7__0/DSP_A_B_DATA_INST/A2_DATA[13]
                         net (fo=1, routed)           0.000    36.420    candidate_lanes[0].lane_pe/codec/clip164__7__0/DSP_A_B_DATA.A2_DATA<13>
    DSP48E2_X12Y28       DSP_PREADD_DATA (Prop_DSP_PREADD_DATA_DSP48E2_A2_DATA[13]_A2A1[13])
                                                      0.114    36.534 r  candidate_lanes[0].lane_pe/codec/clip164__7__0/DSP_PREADD_DATA_INST/A2A1[13]
                         net (fo=1, routed)           0.000    36.534    candidate_lanes[0].lane_pe/codec/clip164__7__0/DSP_PREADD_DATA.A2A1<13>
    DSP48E2_X12Y28       DSP_MULTIPLIER (Prop_DSP_MULTIPLIER_DSP48E2_A2A1[13]_U[34])
                                                      0.700    37.234 f  candidate_lanes[0].lane_pe/codec/clip164__7__0/DSP_MULTIPLIER_INST/U[34]
                         net (fo=1, routed)           0.000    37.234    candidate_lanes[0].lane_pe/codec/clip164__7__0/DSP_MULTIPLIER.U<34>
    DSP48E2_X12Y28       DSP_M_DATA (Prop_DSP_M_DATA_DSP48E2_U[34]_U_DATA[34])
                                                      0.067    37.301 r  candidate_lanes[0].lane_pe/codec/clip164__7__0/DSP_M_DATA_INST/U_DATA[34]
                         net (fo=1, routed)           0.000    37.301    candidate_lanes[0].lane_pe/codec/clip164__7__0/DSP_M_DATA.U_DATA<34>
    DSP48E2_X12Y28       DSP_ALU (Prop_DSP_ALU_DSP48E2_U_DATA[34]_ALU_OUT[47])
                                                      0.727    38.028 f  candidate_lanes[0].lane_pe/codec/clip164__7__0/DSP_ALU_INST/ALU_OUT[47]
                         net (fo=1, routed)           0.000    38.028    candidate_lanes[0].lane_pe/codec/clip164__7__0/DSP_ALU.ALU_OUT<47>
    DSP48E2_X12Y28       DSP_OUTPUT (Prop_DSP_OUTPUT_DSP48E2_ALU_OUT[47]_PCOUT[47])
                                                      0.167    38.195 r  candidate_lanes[0].lane_pe/codec/clip164__7__0/DSP_OUTPUT_INST/PCOUT[47]
                         net (fo=1, routed)           0.014    38.209    candidate_lanes[0].lane_pe/codec/clip164__8__0/PCIN[47]
    DSP48E2_X12Y29       DSP_ALU (Prop_DSP_ALU_DSP48E2_PCIN[47]_ALU_OUT[4])
                                                      0.739    38.948 r  candidate_lanes[0].lane_pe/codec/clip164__8__0/DSP_ALU_INST/ALU_OUT[4]
                         net (fo=1, routed)           0.000    38.948    candidate_lanes[0].lane_pe/codec/clip164__8__0/DSP_ALU.ALU_OUT<4>
    DSP48E2_X12Y29       DSP_OUTPUT (Prop_DSP_OUTPUT_DSP48E2_ALU_OUT[4]_P[4])
                                                      0.146    39.094 f  candidate_lanes[0].lane_pe/codec/clip164__8__0/DSP_OUTPUT_INST/P[4]
                         net (fo=4, routed)           0.462    39.556    candidate_lanes[0].lane_pe/codec/clip164__8__0_n_101
    SLICE_X54Y73         LUT6 (Prop_G6LUT_SLICEM_I3_O)
                                                      0.186    39.742 f  candidate_lanes[0].lane_pe/codec/distortion10_i_1803/O
                         net (fo=6, routed)           0.348    40.090    candidate_lanes[0].lane_pe/codec/distortion10_i_1803_n_0
    SLICE_X59Y75         LUT2 (Prop_F6LUT_SLICEL_I1_O)
                                                      0.150    40.240 r  candidate_lanes[0].lane_pe/codec/distortion15__0__0_i_2512/O
                         net (fo=1, routed)           0.015    40.255    candidate_lanes[0].lane_pe/codec/distortion15__0__0_i_2512_n_0
    SLICE_X59Y75         CARRY8 (Prop_CARRY8_SLICEL_S[5]_CO[7])
                                                      0.232    40.487 r  candidate_lanes[0].lane_pe/codec/distortion15__0__0_i_2470/CO[7]
                         net (fo=1, routed)           0.030    40.517    candidate_lanes[0].lane_pe/codec/distortion15__0__0_i_2470_n_0
    SLICE_X59Y76         CARRY8 (Prop_CARRY8_SLICEL_CI_CO[7])
                                                      0.065    40.582 r  candidate_lanes[0].lane_pe/codec/distortion15__0__0_i_2240/CO[7]
                         net (fo=1, routed)           0.030    40.612    candidate_lanes[0].lane_pe/codec/distortion15__0__0_i_2240_n_0
    SLICE_X59Y77         CARRY8 (Prop_CARRY8_SLICEL_CI_CO[7])
                                                      0.065    40.677 r  candidate_lanes[0].lane_pe/codec/distortion15__0__0_i_1956/CO[7]
                         net (fo=1, routed)           0.030    40.707    candidate_lanes[0].lane_pe/codec/distortion15__0__0_i_1956_n_0
    SLICE_X59Y78         CARRY8 (Prop_CARRY8_SLICEL_CI_CO[0])
                                                      0.074    40.781 r  candidate_lanes[0].lane_pe/codec/distortion15__0__0_i_1565/CO[0]
                         net (fo=140, routed)         0.808    41.589    candidate_lanes[0].lane_pe/codec/distortion15__0__0_i_1565_n_7
    SLICE_X59Y120        LUT5 (Prop_B6LUT_SLICEL_I3_O)
                                                      0.083    41.672 r  candidate_lanes[0].lane_pe/codec/distortion15__0__0_i_1241/O
                         net (fo=20, routed)          0.446    42.118    candidate_lanes[0].lane_pe/codec/codec_dequantized__0[114]
    SLICE_X57Y123        LUT2 (Prop_C6LUT_SLICEL_I1_O)
                                                      0.136    42.254 r  candidate_lanes[0].lane_pe/codec/distortion2_i_1931/O
                         net (fo=1, routed)           0.015    42.269    candidate_lanes[0].lane_pe/codec/distortion2_i_1931_n_0
    SLICE_X57Y123        CARRY8 (Prop_CARRY8_SLICEL_S[2]_CO[7])
                                                      0.219    42.488 r  candidate_lanes[0].lane_pe/codec/distortion2_i_1655/CO[7]
                         net (fo=1, routed)           0.030    42.518    candidate_lanes[0].lane_pe/codec/distortion2_i_1655_n_0
    SLICE_X57Y124        CARRY8 (Prop_CARRY8_SLICEL_CI_O[1])
                                                      0.106    42.624 r  candidate_lanes[0].lane_pe/codec/distortion2_i_1657/O[1]
                         net (fo=3, routed)           0.306    42.931    candidate_lanes[0].lane_pe/codec/distortion2_i_1657_n_14
    SLICE_X60Y125        LUT3 (Prop_B6LUT_SLICEL_I1_O)
                                                      0.188    43.119 r  candidate_lanes[0].lane_pe/codec/distortion2_i_1307/O
                         net (fo=1, routed)           0.373    43.492    candidate_lanes[0].lane_pe/codec/distortion2_i_1307_n_0
    SLICE_X59Y125        CARRY8 (Prop_CARRY8_SLICEL_DI[1]_O[3])
                                                      0.147    43.639 r  candidate_lanes[0].lane_pe/codec/distortion2_i_905/O[3]
                         net (fo=3, routed)           0.479    44.117    candidate_lanes[0].lane_pe/codec/(null)[0].value4__0__2[16]
    SLICE_X53Y129        LUT3 (Prop_E5LUT_SLICEM_I1_O)
                                                      0.225    44.342 r  candidate_lanes[0].lane_pe/codec/distortion2_i_912/O
                         net (fo=2, routed)           0.228    44.570    candidate_lanes[0].lane_pe/codec/distortion2_i_912_n_0
    SLICE_X56Y129        LUT5 (Prop_F6LUT_SLICEL_I1_O)
                                                      0.056    44.626 r  candidate_lanes[0].lane_pe/codec/distortion1_i_907/O
                         net (fo=2, routed)           0.329    44.955    candidate_lanes[0].lane_pe/codec/distortion1_i_907_n_0
    SLICE_X55Y129        LUT6 (Prop_A6LUT_SLICEL_I0_O)
                                                      0.137    45.092 r  candidate_lanes[0].lane_pe/codec/distortion1_i_915/O
                         net (fo=1, routed)           0.014    45.106    candidate_lanes[0].lane_pe/codec/distortion1_i_915_n_0
    SLICE_X55Y129        CARRY8 (Prop_CARRY8_SLICEL_S[0]_O[5])
                                                      0.331    45.437 r  candidate_lanes[0].lane_pe/codec/distortion1_i_664/O[5]
                         net (fo=1, routed)           0.425    45.862    candidate_lanes[0].lane_pe/codec/distortion1_i_664_n_10
    SLICE_X55Y133        CARRY8 (Prop_CARRY8_SLICEL_S[1]_CO[7])
                                                      0.261    46.123 r  candidate_lanes[0].lane_pe/codec/distortion1_i_544/CO[7]
                         net (fo=1, routed)           0.030    46.153    candidate_lanes[0].lane_pe/codec/distortion1_i_544_n_0
    SLICE_X55Y134        CARRY8 (Prop_CARRY8_SLICEL_CI_O[1])
                                                      0.106    46.259 r  candidate_lanes[0].lane_pe/codec/distortion1_i_543/O[1]
                         net (fo=25, routed)          0.865    47.124    candidate_lanes[0].lane_pe/codec/distortion1_i_543_n_14
    SLICE_X46Y142        LUT2 (Prop_E6LUT_SLICEL_I1_O)
                                                      0.083    47.207 r  candidate_lanes[0].lane_pe/codec/distortion2_i_1162/O
                         net (fo=1, routed)           0.011    47.218    candidate_lanes[0].lane_pe/codec/distortion2_i_1162_n_0
    SLICE_X46Y142        CARRY8 (Prop_CARRY8_SLICEL_S[4]_CO[7])
                                                      0.232    47.450 f  candidate_lanes[0].lane_pe/codec/distortion2_i_877/CO[7]
                         net (fo=1, routed)           0.030    47.480    candidate_lanes[0].lane_pe/codec/distortion2_i_877_n_0
    SLICE_X46Y143        CARRY8 (Prop_CARRY8_SLICEL_CI_CO[7])
                                                      0.065    47.545 f  candidate_lanes[0].lane_pe/codec/distortion2_i_704/CO[7]
                         net (fo=1, routed)           0.030    47.575    candidate_lanes[0].lane_pe/codec/distortion2_i_704_n_0
    SLICE_X46Y144        CARRY8 (Prop_CARRY8_SLICEL_CI_CO[7])
                                                      0.065    47.640 f  candidate_lanes[0].lane_pe/codec/distortion2_i_525/CO[7]
                         net (fo=1, routed)           0.030    47.670    candidate_lanes[0].lane_pe/codec/distortion2_i_525_n_0
    SLICE_X46Y145        CARRY8 (Prop_CARRY8_SLICEL_CI_CO[0])
                                                      0.074    47.744 f  candidate_lanes[0].lane_pe/codec/distortion2_i_417/CO[0]
                         net (fo=388, routed)         0.725    48.469    candidate_lanes[0].lane_pe/codec/distortion2_i_417_n_7
    SLICE_X48Y155        LUT3 (Prop_C5LUT_SLICEL_I1_O)
                                                      0.152    48.621 r  candidate_lanes[0].lane_pe/codec/distortion3_i_745/O
                         net (fo=1, routed)           0.000    48.621    candidate_lanes[0].lane_pe/codec/distortion3_i_745_n_0
    SLICE_X48Y155        CARRY8 (Prop_CARRY8_SLICEL_DI[2]_O[4])
                                                      0.245    48.866 r  candidate_lanes[0].lane_pe/codec/distortion3_i_572/O[4]
                         net (fo=3, routed)           0.609    49.475    candidate_lanes[0].lane_pe/codec/distortion3_i_572_n_11
    SLICE_X49Y154        LUT5 (Prop_E6LUT_SLICEL_I4_O)
                                                      0.138    49.613 r  candidate_lanes[0].lane_pe/codec/distortion3_i_511/O
                         net (fo=1, routed)           0.303    49.916    candidate_lanes[0].lane_pe/codec/distortion3_i_511_n_0
    SLICE_X49Y155        CARRY8 (Prop_CARRY8_SLICEL_DI[5]_CO[7])
                                                      0.108    50.024 r  candidate_lanes[0].lane_pe/codec/distortion3_i_358/CO[7]
                         net (fo=1, routed)           0.030    50.054    candidate_lanes[0].lane_pe/codec/distortion3_i_358_n_0
    SLICE_X49Y156        CARRY8 (Prop_CARRY8_SLICEL_CI_O[0])
                                                      0.078    50.132 r  candidate_lanes[0].lane_pe/codec/distortion3_i_331/O[0]
                         net (fo=3, routed)           0.847    50.979    candidate_lanes[0].lane_pe/codec/distortion3_i_331_n_15
    SLICE_X46Y163        LUT3 (Prop_C6LUT_SLICEL_I0_O)
                                                      0.187    51.166 r  candidate_lanes[0].lane_pe/codec/distortion3_i_359/O
                         net (fo=2, routed)           0.168    51.334    candidate_lanes[0].lane_pe/codec/distortion3_i_359_n_0
    SLICE_X46Y163        LUT5 (Prop_E5LUT_SLICEL_I4_O)
                                                      0.222    51.556 r  candidate_lanes[0].lane_pe/codec/distortion3_i_270/O
                         net (fo=2, routed)           0.359    51.915    candidate_lanes[0].lane_pe/codec/distortion3_i_270_n_0
    SLICE_X46Y147        LUT6 (Prop_F6LUT_SLICEL_I0_O)
                                                      0.081    51.996 r  candidate_lanes[0].lane_pe/codec/distortion3_i_278/O
                         net (fo=1, routed)           0.015    52.011    candidate_lanes[0].lane_pe/codec/distortion3_i_278_n_0
    SLICE_X46Y147        CARRY8 (Prop_CARRY8_SLICEL_S[5]_CO[7])
                                                      0.232    52.243 r  candidate_lanes[0].lane_pe/codec/distortion3_i_205/CO[7]
                         net (fo=1, routed)           0.030    52.273    candidate_lanes[0].lane_pe/codec/distortion3_i_205_n_0
    SLICE_X46Y148        CARRY8 (Prop_CARRY8_SLICEL_CI_O[4])
                                                      0.119    52.392 r  candidate_lanes[0].lane_pe/codec/distortion3_i_188/O[4]
                         net (fo=1, routed)           0.490    52.882    candidate_lanes[0].lane_pe/codec/distortion3_i_188_n_11
    SLICE_X45Y147        CARRY8 (Prop_CARRY8_SLICEM_S[2]_CO[7])
                                                      0.229    53.111 r  candidate_lanes[0].lane_pe/codec/distortion3_i_151/CO[7]
                         net (fo=1, routed)           0.030    53.141    candidate_lanes[0].lane_pe/codec/distortion3_i_151_n_0
    SLICE_X45Y148        CARRY8 (Prop_CARRY8_SLICEM_CI_O[1])
                                                      0.106    53.247 r  candidate_lanes[0].lane_pe/codec/distortion3_i_129/O[1]
                         net (fo=5, routed)           0.851    54.098    candidate_lanes[0].lane_pe/codec/distortion3_i_129_n_14
    SLICE_X39Y125        LUT2 (Prop_A6LUT_SLICEL_I0_O)
                                                      0.152    54.250 r  candidate_lanes[0].lane_pe/codec/distortion3_i_444/O
                         net (fo=1, routed)           0.014    54.264    candidate_lanes[0].lane_pe/codec/distortion3_i_444_n_0
    SLICE_X39Y125        CARRY8 (Prop_CARRY8_SLICEL_S[0]_CO[7])
                                                      0.278    54.542 r  candidate_lanes[0].lane_pe/codec/distortion3_i_309/CO[7]
                         net (fo=1, routed)           0.030    54.572    candidate_lanes[0].lane_pe/codec/distortion3_i_309_n_0
    SLICE_X39Y126        CARRY8 (Prop_CARRY8_SLICEL_CI_CO[7])
                                                      0.065    54.637 r  candidate_lanes[0].lane_pe/codec/distortion3_i_231/CO[7]
                         net (fo=1, routed)           0.030    54.667    candidate_lanes[0].lane_pe/codec/distortion3_i_231_n_0
    SLICE_X39Y127        CARRY8 (Prop_CARRY8_SLICEL_CI_CO[7])
                                                      0.065    54.732 r  candidate_lanes[0].lane_pe/codec/distortion3_i_179/CO[7]
                         net (fo=1, routed)           0.030    54.762    candidate_lanes[0].lane_pe/codec/distortion3_i_179_n_0
    SLICE_X39Y128        CARRY8 (Prop_CARRY8_SLICEL_CI_CO[0])
                                                      0.074    54.836 r  candidate_lanes[0].lane_pe/codec/distortion3_i_131/CO[0]
                         net (fo=32, routed)          0.347    55.183    candidate_lanes[0].lane_pe/codec/clip161__0
    SLICE_X42Y123        LUT4 (Prop_A6LUT_SLICEL_I3_O)
                                                      0.225    55.408 r  candidate_lanes[0].lane_pe/codec/distortion3_i_108/O
                         net (fo=1, routed)           0.014    55.422    candidate_lanes[0].lane_pe/codec/distortion3_i_108_n_0
    SLICE_X42Y123        CARRY8 (Prop_CARRY8_SLICEL_S[0]_CO[7])
                                                      0.278    55.700 r  candidate_lanes[0].lane_pe/codec/distortion3_i_40/CO[7]
                         net (fo=1, routed)           0.030    55.730    candidate_lanes[0].lane_pe/codec/distortion3_i_40_n_0
    SLICE_X42Y124        CARRY8 (Prop_CARRY8_SLICEL_CI_CO[7])
                                                      0.065    55.795 r  candidate_lanes[0].lane_pe/codec/distortion3_i_39/CO[7]
                         net (fo=1, routed)           0.030    55.825    candidate_lanes[0].lane_pe/codec/distortion3_i_39_n_0
    SLICE_X42Y125        CARRY8 (Prop_CARRY8_SLICEL_CI_CO[7])
                                                      0.065    55.890 r  candidate_lanes[0].lane_pe/codec/distortion3_i_38/CO[7]
                         net (fo=1, routed)           0.030    55.920    candidate_lanes[0].lane_pe/codec/distortion3_i_38_n_0
    SLICE_X42Y126        CARRY8 (Prop_CARRY8_SLICEL_CI_O[3])
                                                      0.114    56.034 f  candidate_lanes[0].lane_pe/codec/distortion3_i_37/O[3]
                         net (fo=3, routed)           0.220    56.253    candidate_lanes[0].lane_pe/codec/(null)[0].value__3[27]
    SLICE_X41Y125        LUT2 (Prop_B6LUT_SLICEM_I0_O)
                                                      0.225    56.478 r  candidate_lanes[0].lane_pe/codec/distortion3_i_48/O
                         net (fo=1, routed)           0.022    56.500    candidate_lanes[0].lane_pe/codec/distortion3_i_48_n_0
    SLICE_X41Y125        CARRY8 (Prop_CARRY8_SLICEM_S[1]_CO[3])
                                                      0.257    56.757 r  candidate_lanes[0].lane_pe/codec/distortion3_i_36/CO[3]
                         net (fo=31, routed)          0.338    57.096    candidate_lanes[0].lane_pe/codec/clip81__2
    SLICE_X40Y123        LUT4 (Prop_A6LUT_SLICEM_I1_O)
                                                      0.083    57.179 r  candidate_lanes[0].lane_pe/codec/distortion3_i_35/O
                         net (fo=1, routed)           0.017    57.196    candidate_lanes[0].lane_pe/codec/distortion3_i_35_n_0
    SLICE_X40Y123        CARRY8 (Prop_CARRY8_SLICEM_S[0]_CO[7])
                                                      0.281    57.477 r  candidate_lanes[0].lane_pe/codec/distortion3_i_4/CO[7]
                         net (fo=1, routed)           0.030    57.507    candidate_lanes[0].lane_pe/codec/distortion3_i_4_n_0
    SLICE_X40Y124        CARRY8 (Prop_CARRY8_SLICEM_CI_O[3])
                                                      0.114    57.621 f  candidate_lanes[0].lane_pe/codec/distortion3_i_3/O[3]
                         net (fo=4, routed)           0.614    58.235    candidate_lanes[0].lane_pe/codec/distortion3__0/A[11]
    DSP48E2_X11Y51       DSP_A_B_DATA (Prop_DSP_A_B_DATA_DSP48E2_A[11]_A2_DATA[11])
                                                      0.258    58.493 r  candidate_lanes[0].lane_pe/codec/distortion3__0/DSP_A_B_DATA_INST/A2_DATA[11]
                         net (fo=1, routed)           0.000    58.493    candidate_lanes[0].lane_pe/codec/distortion3__0/DSP_A_B_DATA.A2_DATA<11>
    DSP48E2_X11Y51       DSP_PREADD_DATA (Prop_DSP_PREADD_DATA_DSP48E2_A2_DATA[11]_A2A1[11])
                                                      0.114    58.607 r  candidate_lanes[0].lane_pe/codec/distortion3__0/DSP_PREADD_DATA_INST/A2A1[11]
                         net (fo=1, routed)           0.000    58.607    candidate_lanes[0].lane_pe/codec/distortion3__0/DSP_PREADD_DATA.A2A1<11>
    DSP48E2_X11Y51       DSP_MULTIPLIER (Prop_DSP_MULTIPLIER_DSP48E2_A2A1[11]_U[32])
                                                      0.700    59.307 f  candidate_lanes[0].lane_pe/codec/distortion3__0/DSP_MULTIPLIER_INST/U[32]
                         net (fo=1, routed)           0.000    59.307    candidate_lanes[0].lane_pe/codec/distortion3__0/DSP_MULTIPLIER.U<32>
    DSP48E2_X11Y51       DSP_M_DATA (Prop_DSP_M_DATA_DSP48E2_U[32]_U_DATA[32])
                                                      0.067    59.374 r  candidate_lanes[0].lane_pe/codec/distortion3__0/DSP_M_DATA_INST/U_DATA[32]
                         net (fo=1, routed)           0.000    59.374    candidate_lanes[0].lane_pe/codec/distortion3__0/DSP_M_DATA.U_DATA<32>
    DSP48E2_X11Y51       DSP_ALU (Prop_DSP_ALU_DSP48E2_U_DATA[32]_ALU_OUT[47])
                                                      0.727    60.101 f  candidate_lanes[0].lane_pe/codec/distortion3__0/DSP_ALU_INST/ALU_OUT[47]
                         net (fo=1, routed)           0.000    60.101    candidate_lanes[0].lane_pe/codec/distortion3__0/DSP_ALU.ALU_OUT<47>
    DSP48E2_X11Y51       DSP_OUTPUT (Prop_DSP_OUTPUT_DSP48E2_ALU_OUT[47]_PCOUT[47])
                                                      0.167    60.268 r  candidate_lanes[0].lane_pe/codec/distortion3__0/DSP_OUTPUT_INST/PCOUT[47]
                         net (fo=1, routed)           0.038    60.306    candidate_lanes[0].lane_pe/codec/distortion3__1/PCIN[47]
    DSP48E2_X11Y52       DSP_ALU (Prop_DSP_ALU_DSP48E2_PCIN[47]_ALU_OUT[0])
                                                      0.739    61.045 f  candidate_lanes[0].lane_pe/codec/distortion3__1/DSP_ALU_INST/ALU_OUT[0]
                         net (fo=1, routed)           0.000    61.045    candidate_lanes[0].lane_pe/codec/distortion3__1/DSP_ALU.ALU_OUT<0>
    DSP48E2_X11Y52       DSP_OUTPUT (Prop_DSP_OUTPUT_DSP48E2_ALU_OUT[0]_P[0])
                                                      0.146    61.191 r  candidate_lanes[0].lane_pe/codec/distortion3__1/DSP_OUTPUT_INST/P[0]
                         net (fo=2, routed)           0.177    61.368    candidate_lanes[0].lane_pe/codec/distortion3__1_n_105
    SLICE_X40Y130        LUT2 (Prop_B6LUT_SLICEM_I0_O)
                                                      0.057    61.425 r  candidate_lanes[0].lane_pe/codec/out_distortion[28]_i_485/O
                         net (fo=1, routed)           0.022    61.447    candidate_lanes[0].lane_pe/codec/out_distortion[28]_i_485_n_0
    SLICE_X40Y130        CARRY8 (Prop_CARRY8_SLICEM_S[1]_O[2])
                                                      0.179    61.626 r  candidate_lanes[0].lane_pe/codec/out_distortion_reg[28]_i_434/O[2]
                         net (fo=3, routed)           0.318    61.944    candidate_lanes[0].lane_pe/codec/out_distortion_reg[28]_i_434_n_13
    SLICE_X37Y128        LUT3 (Prop_A6LUT_SLICEM_I2_O)
                                                      0.138    62.082 r  candidate_lanes[0].lane_pe/codec/out_distortion[28]_i_362/O
                         net (fo=1, routed)           0.638    62.720    candidate_lanes[0].lane_pe/codec/out_distortion[28]_i_362_n_0
    SLICE_X34Y127        CARRY8 (Prop_CARRY8_SLICEM_DI[3]_O[5])
                                                      0.268    62.988 r  candidate_lanes[0].lane_pe/codec/out_distortion_reg[28]_i_180/O[5]
                         net (fo=3, routed)           0.332    63.320    candidate_lanes[0].lane_pe/codec/out_distortion_reg[28]_i_180_n_10
    SLICE_X29Y128        LUT3 (Prop_D6LUT_SLICEM_I0_O)
                                                      0.056    63.376 r  candidate_lanes[0].lane_pe/codec/out_distortion[28]_i_128/O
                         net (fo=1, routed)           0.492    63.868    candidate_lanes[0].lane_pe/codec/out_distortion[28]_i_128_n_0
    SLICE_X31Y128        CARRY8 (Prop_CARRY8_SLICEM_DI[6]_O[7])
                                                      0.133    64.001 r  candidate_lanes[0].lane_pe/codec/out_distortion_reg[28]_i_29/O[7]
                         net (fo=3, routed)           0.315    64.316    candidate_lanes[0].lane_pe/codec/out_distortion_reg[28]_i_29_n_8
    SLICE_X34Y132        LUT3 (Prop_E6LUT_SLICEM_I1_O)
                                                      0.057    64.373 r  candidate_lanes[0].lane_pe/codec/out_distortion[28]_i_31/O
                         net (fo=2, routed)           0.450    64.823    candidate_lanes[0].lane_pe/codec/out_distortion[28]_i_31_n_0
    SLICE_X33Y132        LUT6 (Prop_H6LUT_SLICEL_I1_O)
                                                      0.188    65.011 r  candidate_lanes[0].lane_pe/codec/out_distortion[23]_i_10/O
                         net (fo=1, routed)           0.015    65.026    candidate_lanes[0].lane_pe/codec/out_distortion[23]_i_10_n_0
    SLICE_X33Y132        CARRY8 (Prop_CARRY8_SLICEL_S[7]_CO[7])
                                                      0.172    65.198 r  candidate_lanes[0].lane_pe/codec/out_distortion_reg[23]_i_1/CO[7]
                         net (fo=1, routed)           0.030    65.228    candidate_lanes[0].lane_pe/codec/out_distortion_reg[23]_i_1_n_0
    SLICE_X33Y133        CARRY8 (Prop_CARRY8_SLICEL_CI_O[5])
                                                      0.161    65.389 r  candidate_lanes[0].lane_pe/codec/out_distortion_reg[28]_i_1/O[5]
                         net (fo=1, routed)           0.033    65.422    candidate_lanes[0].lane_pe/codec_distortion__0[29]
    SLICE_X33Y133        FDRE                                         r  candidate_lanes[0].lane_pe/out_distortion_reg[29]/D
  -------------------------------------------------------------------    -------------------

                         (clock chia_rdo_clk rise edge)
                                                      5.000     5.000 r  
                                                      0.000     5.000 r  clk (IN)
                         net (fo=1725, unset)         0.029     5.029    candidate_lanes[0].lane_pe/clk
    SLICE_X33Y133        FDRE                                         r  candidate_lanes[0].lane_pe/out_distortion_reg[29]/C
                         clock pessimism              0.000     5.029    
                         clock uncertainty           -0.035     4.994    
    SLICE_X33Y133        FDRE (Setup_FFF_SLICEL_C_D)
                                                      0.044     5.038    candidate_lanes[0].lane_pe/out_distortion_reg[29]
  -------------------------------------------------------------------
                         required time                          5.038    
                         arrival time                         -65.422    
  -------------------------------------------------------------------
                         slack                                -60.384    

Slack (VIOLATED) :        -60.381ns  (required time - arrival time)
  Source:                 count_reg_reg[2]/C
                            (rising edge-triggered cell FDRE clocked by chia_rdo_clk  {rise@0.000ns fall@2.500ns period=5.000ns})
  Destination:            candidate_lanes[0].lane_pe/out_distortion_reg[30]/D
                            (rising edge-triggered cell FDRE clocked by chia_rdo_clk  {rise@0.000ns fall@2.500ns period=5.000ns})
  Path Group:             chia_rdo_clk
  Path Type:              Setup (Max at Slow Process Corner)
  Requirement:            5.000ns  (chia_rdo_clk rise@5.000ns - chia_rdo_clk rise@0.000ns)
  Data Path Delay:        65.377ns  (logic 34.057ns (52.094%)  route 31.320ns (47.906%))
  Logic Levels:           170  (CARRY8=69 DSP_A_B_DATA=5 DSP_ALU=10 DSP_M_DATA=4 DSP_MULTIPLIER=4 DSP_OUTPUT=10 DSP_PREADD_DATA=4 LUT1=1 LUT2=12 LUT3=12 LUT4=4 LUT5=12 LUT6=20 MUXF7=2 MUXF8=1)
  Clock Path Skew:        -0.013ns (DCD - SCD + CPR)
    Destination Clock Delay (DCD):    0.029ns = ( 5.029 - 5.000 ) 
    Source Clock Delay      (SCD):    0.042ns
    Clock Pessimism Removal (CPR):    0.000ns
  Clock Uncertainty:      0.035ns  ((TSJ^2 + TIJ^2)^1/2 + DJ) / 2 + PE
    Total System Jitter     (TSJ):    0.071ns
    Total Input Jitter      (TIJ):    0.000ns
    Discrete Jitter          (DJ):    0.000ns
    Phase Error              (PE):    0.000ns

    Location             Delay type                Incr(ns)  Path(ns)    Netlist Resource(s)
  -------------------------------------------------------------------    -------------------
                         (clock chia_rdo_clk rise edge)
                                                      0.000     0.000 r  
                                                      0.000     0.000 r  clk (IN)
                         net (fo=1725, unset)         0.042     0.042    clk
    SLICE_X56Y144        FDRE                                         r  count_reg_reg[2]/C
  -------------------------------------------------------------------    -------------------
    SLICE_X56Y144        FDRE (Prop_FFF_SLICEL_C_Q)
                                                      0.113     0.155 r  count_reg_reg[2]/Q
                         net (fo=5, routed)           0.223     0.378    candidate_lanes[0].lane_pe/codec/batches_model[2]
    SLICE_X57Y144        LUT4 (Prop_B6LUT_SLICEL_I2_O)
                                                      0.152     0.530 r  candidate_lanes[0].lane_pe/codec/lane_rank[0][5]_i_17/O
                         net (fo=1, routed)           0.013     0.543    candidate_lanes[0].lane_pe/codec/lane_rank[0][5]_i_17_n_0
    SLICE_X57Y144        CARRY8 (Prop_CARRY8_SLICEL_S[1]_CO[3])
                                                      0.250     0.793 f  candidate_lanes[0].lane_pe/codec/lane_rank_reg[0][5]_i_4/CO[3]
                         net (fo=124, routed)         0.340     1.134    candidate_lanes[0].lane_pe/codec/CO[0]
    SLICE_X57Y140        LUT6 (Prop_A6LUT_SLICEL_I1_O)
                                                      0.137     1.271 r  candidate_lanes[0].lane_pe/codec/multi_stage.rate_stage00_i_275/O
                         net (fo=136, routed)         0.277     1.548    candidate_lanes[0].lane_pe/codec/launched_count_reg[2]
    SLICE_X57Y143        LUT6 (Prop_H6LUT_SLICEL_I4_O)
                                                      0.227     1.775 f  candidate_lanes[0].lane_pe/codec/mode_reg[4]_i_64/O
                         net (fo=1, routed)           0.196     1.971    candidate_lanes[0].lane_pe/codec/mode_reg[4]_i_64_n_0
    SLICE_X57Y142        LUT6 (Prop_C6LUT_SLICEL_I3_O)
                                                      0.221     2.192 f  candidate_lanes[0].lane_pe/codec/mode_reg[4]_i_19/O
                         net (fo=1, routed)           0.015     2.207    candidate_lanes[0].lane_pe/codec/mode_reg[4]_i_19_n_0
    SLICE_X57Y142        MUXF7 (Prop_F7MUX_CD_SLICEL_I1_O)
                                                      0.088     2.295 f  candidate_lanes[0].lane_pe/codec/mode_reg_reg[4]_i_6/O
                         net (fo=1, routed)           0.000     2.295    candidate_lanes[0].lane_pe/codec/mode_reg_reg[4]_i_6_n_0
    SLICE_X57Y142        MUXF8 (Prop_F8MUX_BOT_SLICEL_I0_O)
                                                      0.031     2.326 f  candidate_lanes[0].lane_pe/codec/mode_reg_reg[4]_i_2/O
                         net (fo=3, routed)           0.618     2.944    candidate_lanes[0].lane_pe/codec/mode_reg_reg[4]_i_2_n_0
    SLICE_X54Y121        LUT6 (Prop_A6LUT_SLICEM_I0_O)
                                                      0.189     3.133 f  candidate_lanes[0].lane_pe/codec/mode_reg[4]_i_1/O
                         net (fo=24, routed)          0.395     3.528    candidate_lanes[0].lane_pe/codec/D[4]
    SLICE_X51Y121        LUT5 (Prop_B6LUT_SLICEL_I4_O)
                                                      0.058     3.586 r  candidate_lanes[0].lane_pe/codec/angular_temporary3__21_i_30/O
                         net (fo=157, routed)         0.204     3.790    candidate_lanes[0].lane_pe/codec/angular_temporary3__3_i_46_n_0
    SLICE_X50Y121        LUT6 (Prop_A6LUT_SLICEL_I0_O)
                                                      0.225     4.015 r  candidate_lanes[0].lane_pe/codec/angular_temporary3__3_i_52/O
                         net (fo=1, routed)           0.014     4.029    candidate_lanes[0].lane_pe/codec/angular_temporary3__3_i_52_n_0
    SLICE_X50Y121        CARRY8 (Prop_CARRY8_SLICEL_S[0]_O[0])
                                                      0.077     4.106 r  candidate_lanes[0].lane_pe/codec/angular_temporary3__3_i_14/O[0]
                         net (fo=246, routed)         0.531     4.637    candidate_lanes[0].lane_pe/codec/angular_temporary8[0]
    SLICE_X50Y115        LUT5 (Prop_A6LUT_SLICEL_I2_O)
                                                      0.225     4.862 r  candidate_lanes[0].lane_pe/codec/angular_temporary1__29_i_90/O
                         net (fo=1, routed)           0.014     4.876    candidate_lanes[0].lane_pe/codec/angular_temporary1__29_i_90_n_0
    SLICE_X50Y115        CARRY8 (Prop_CARRY8_SLICEL_S[0]_CO[7])
                                                      0.278     5.154 r  candidate_lanes[0].lane_pe/codec/angular_temporary1__29_i_51/CO[7]
                         net (fo=1, routed)           0.030     5.184    candidate_lanes[0].lane_pe/codec/angular_temporary1__29_i_51_n_0
    SLICE_X50Y116        CARRY8 (Prop_CARRY8_SLICEL_CI_CO[7])
                                                      0.073     5.257 r  candidate_lanes[0].lane_pe/codec/angular_temporary1__29_i_32/CO[7]
                         net (fo=50, routed)          0.241     5.498    candidate_lanes[0].lane_pe/codec/angular_temporary1__29_i_32_n_0
    SLICE_X50Y114        LUT6 (Prop_D6LUT_SLICEL_I5_O)
                                                      0.221     5.719 r  candidate_lanes[0].lane_pe/codec/angular_temporary1__9_i_107/O
                         net (fo=1, routed)           0.293     6.012    candidate_lanes[0].lane_pe/codec/angular_temporary1__9_i_107_n_0
    SLICE_X49Y110        CARRY8 (Prop_CARRY8_SLICEL_DI[2]_CO[7])
                                                      0.158     6.170 r  candidate_lanes[0].lane_pe/codec/angular_temporary1__9_i_56/CO[7]
                         net (fo=1, routed)           0.030     6.200    candidate_lanes[0].lane_pe/codec/angular_temporary1__9_i_56_n_0
    SLICE_X49Y111        CARRY8 (Prop_CARRY8_SLICEL_CI_O[0])
                                                      0.078     6.278 r  candidate_lanes[0].lane_pe/codec/angular_temporary1__9_i_28/O[0]
                         net (fo=22, routed)          0.222     6.501    candidate_lanes[0].lane_pe/codec/angular_temporary1__9_i_28_n_15
    SLICE_X50Y112        LUT3 (Prop_A6LUT_SLICEL_I0_O)
                                                      0.188     6.689 r  candidate_lanes[0].lane_pe/codec/angular_temporary3__1_i_91/O
                         net (fo=2, routed)           0.163     6.852    candidate_lanes[0].lane_pe/codec/inverse_angle_sum[8]
    SLICE_X50Y111        LUT6 (Prop_A6LUT_SLICEL_I0_O)
                                                      0.152     7.004 r  candidate_lanes[0].lane_pe/codec/angular_temporary3__1_i_96/O
                         net (fo=1, routed)           0.014     7.018    candidate_lanes[0].lane_pe/codec/angular_temporary3__1_i_96_n_0
    SLICE_X50Y111        CARRY8 (Prop_CARRY8_SLICEL_S[0]_O[4])
                                                      0.285     7.303 r  candidate_lanes[0].lane_pe/codec/angular_temporary3__1_i_39/O[4]
                         net (fo=4, routed)           0.350     7.653    candidate_lanes[0].lane_pe/codec/sel0[4]
    SLICE_X49Y109        LUT2 (Prop_F6LUT_SLICEL_I0_O)
                                                      0.081     7.734 r  candidate_lanes[0].lane_pe/codec/angular_temporary3__1_i_97/O
                         net (fo=7, routed)           0.595     8.329    candidate_lanes[0].lane_pe/codec/angular_temporary3__1_i_97_n_0
    SLICE_X47Y107        LUT6 (Prop_F6LUT_SLICEL_I0_O)
                                                      0.136     8.465 r  candidate_lanes[0].lane_pe/codec/angular_temporary3__1_i_125/O
                         net (fo=1, routed)           0.327     8.792    candidate_lanes[0].lane_pe/codec/angular_temporary3__1_i_125_n_0
    SLICE_X46Y100        LUT6 (Prop_E6LUT_SLICEL_I4_O)
                                                      0.057     8.849 f  candidate_lanes[0].lane_pe/codec/angular_temporary3__1_i_78/O
                         net (fo=1, routed)           0.067     8.916    candidate_lanes[0].lane_pe/codec/angular_temporary3__1_i_78_n_0
    SLICE_X46Y100        LUT6 (Prop_C6LUT_SLICEL_I5_O)
                                                      0.221     9.137 f  candidate_lanes[0].lane_pe/codec/angular_temporary3__1_i_32/O
                         net (fo=2, routed)           0.015     9.152    candidate_lanes[0].lane_pe/codec/angular_temporary3__1_i_32_n_0
    SLICE_X46Y100        MUXF7 (Prop_F7MUX_CD_SLICEL_I1_O)
                                                      0.096     9.248 f  candidate_lanes[0].lane_pe/codec/angular_temporary3__1_i_8/O
                         net (fo=1, routed)           0.570     9.818    candidate_lanes[0].lane_pe/codec/angular_temporary3__1/A[0]
    DSP48E2_X11Y42       DSP_A_B_DATA (Prop_DSP_A_B_DATA_DSP48E2_A[0]_A2_DATA[0])
                                                      0.258    10.076 r  candidate_lanes[0].lane_pe/codec/angular_temporary3__1/DSP_A_B_DATA_INST/A2_DATA[0]
                         net (fo=1, routed)           0.000    10.076    candidate_lanes[0].lane_pe/codec/angular_temporary3__1/DSP_A_B_DATA.A2_DATA<0>
    DSP48E2_X11Y42       DSP_PREADD_DATA (Prop_DSP_PREADD_DATA_DSP48E2_A2_DATA[0]_A2A1[0])
                                                      0.114    10.190 r  candidate_lanes[0].lane_pe/codec/angular_temporary3__1/DSP_PREADD_DATA_INST/A2A1[0]
                         net (fo=1, routed)           0.000    10.190    candidate_lanes[0].lane_pe/codec/angular_temporary3__1/DSP_PREADD_DATA.A2A1<0>
    DSP48E2_X11Y42       DSP_MULTIPLIER (Prop_DSP_MULTIPLIER_DSP48E2_A2A1[0]_U[21])
                                                      0.700    10.890 f  candidate_lanes[0].lane_pe/codec/angular_temporary3__1/DSP_MULTIPLIER_INST/U[21]
                         net (fo=1, routed)           0.000    10.890    candidate_lanes[0].lane_pe/codec/angular_temporary3__1/DSP_MULTIPLIER.U<21>
    DSP48E2_X11Y42       DSP_M_DATA (Prop_DSP_M_DATA_DSP48E2_U[21]_U_DATA[21])
                                                      0.067    10.957 r  candidate_lanes[0].lane_pe/codec/angular_temporary3__1/DSP_M_DATA_INST/U_DATA[21]
                         net (fo=1, routed)           0.000    10.957    candidate_lanes[0].lane_pe/codec/angular_temporary3__1/DSP_M_DATA.U_DATA<21>
    DSP48E2_X11Y42       DSP_ALU (Prop_DSP_ALU_DSP48E2_U_DATA[21]_ALU_OUT[47])
                                                      0.727    11.684 f  candidate_lanes[0].lane_pe/codec/angular_temporary3__1/DSP_ALU_INST/ALU_OUT[47]
                         net (fo=1, routed)           0.000    11.684    candidate_lanes[0].lane_pe/codec/angular_temporary3__1/DSP_ALU.ALU_OUT<47>
    DSP48E2_X11Y42       DSP_OUTPUT (Prop_DSP_OUTPUT_DSP48E2_ALU_OUT[47]_PCOUT[47])
                                                      0.167    11.851 r  candidate_lanes[0].lane_pe/codec/angular_temporary3__1/DSP_OUTPUT_INST/PCOUT[47]
                         net (fo=1, routed)           0.014    11.865    candidate_lanes[0].lane_pe/codec/angular_temporary3__2/PCIN[47]
    DSP48E2_X11Y43       DSP_ALU (Prop_DSP_ALU_DSP48E2_PCIN[47]_ALU_OUT[14])
                                                      0.739    12.604 r  candidate_lanes[0].lane_pe/codec/angular_temporary3__2/DSP_ALU_INST/ALU_OUT[14]
                         net (fo=1, routed)           0.000    12.604    candidate_lanes[0].lane_pe/codec/angular_temporary3__2/DSP_ALU.ALU_OUT<14>
    DSP48E2_X11Y43       DSP_OUTPUT (Prop_DSP_OUTPUT_DSP48E2_ALU_OUT[14]_P[14])
                                                      0.146    12.750 f  candidate_lanes[0].lane_pe/codec/angular_temporary3__2/DSP_OUTPUT_INST/P[14]
                         net (fo=17, routed)          0.636    13.386    candidate_lanes[0].lane_pe/codec/angular_temporary1__1/A[25]
    DSP48E2_X11Y36       DSP_A_B_DATA (Prop_DSP_A_B_DATA_DSP48E2_A[25]_A_ALU[25])
                                                      0.265    13.651 r  candidate_lanes[0].lane_pe/codec/angular_temporary1__1/DSP_A_B_DATA_INST/A_ALU[25]
                         net (fo=1, routed)           0.000    13.651    candidate_lanes[0].lane_pe/codec/angular_temporary1__1/DSP_A_B_DATA.A_ALU<25>
    DSP48E2_X11Y36       DSP_ALU (Prop_DSP_ALU_DSP48E2_A_ALU[25]_ALU_OUT[47])
                                                      0.726    14.377 f  candidate_lanes[0].lane_pe/codec/angular_temporary1__1/DSP_ALU_INST/ALU_OUT[47]
                         net (fo=1, routed)           0.000    14.377    candidate_lanes[0].lane_pe/codec/angular_temporary1__1/DSP_ALU.ALU_OUT<47>
    DSP48E2_X11Y36       DSP_OUTPUT (Prop_DSP_OUTPUT_DSP48E2_ALU_OUT[47]_PCOUT[47])
                                                      0.167    14.544 r  candidate_lanes[0].lane_pe/codec/angular_temporary1__1/DSP_OUTPUT_INST/PCOUT[47]
                         net (fo=1, routed)           0.014    14.558    candidate_lanes[0].lane_pe/codec/angular_temporary1__2/PCIN[47]
    DSP48E2_X11Y37       DSP_ALU (Prop_DSP_ALU_DSP48E2_PCIN[47]_ALU_OUT[8])
                                                      0.739    15.297 f  candidate_lanes[0].lane_pe/codec/angular_temporary1__2/DSP_ALU_INST/ALU_OUT[8]
                         net (fo=1, routed)           0.000    15.297    candidate_lanes[0].lane_pe/codec/angular_temporary1__2/DSP_ALU.ALU_OUT<8>
    DSP48E2_X11Y37       DSP_OUTPUT (Prop_DSP_OUTPUT_DSP48E2_ALU_OUT[8]_P[8])
                                                      0.146    15.443 r  candidate_lanes[0].lane_pe/codec/angular_temporary1__2/DSP_OUTPUT_INST/P[8]
                         net (fo=1, routed)           0.209    15.652    candidate_lanes[0].lane_pe/codec/angular_temporary1__2_n_97
    SLICE_X41Y91         LUT5 (Prop_E6LUT_SLICEM_I4_O)
                                                      0.187    15.839 r  candidate_lanes[0].lane_pe/codec/distortion13_i_231/O
                         net (fo=5, routed)           0.283    16.122    candidate_lanes[0].lane_pe/codec/distortion13_i_231_n_0
    SLICE_X42Y89         LUT6 (Prop_D6LUT_SLICEL_I0_O)
                                                      0.057    16.179 r  candidate_lanes[0].lane_pe/codec/distortion13_i_374/O
                         net (fo=1, routed)           0.013    16.192    candidate_lanes[0].lane_pe/codec/distortion13_i_374_n_0
    SLICE_X42Y89         CARRY8 (Prop_CARRY8_SLICEL_S[3]_CO[7])
                                                      0.220    16.412 r  candidate_lanes[0].lane_pe/codec/distortion13_i_226/CO[7]
                         net (fo=1, routed)           0.062    16.474    candidate_lanes[0].lane_pe/codec/distortion13_i_226_n_0
    SLICE_X42Y90         CARRY8 (Prop_CARRY8_SLICEL_CI_CO[7])
                                                      0.065    16.539 r  candidate_lanes[0].lane_pe/codec/distortion13_i_211/CO[7]
                         net (fo=1, routed)           0.030    16.569    candidate_lanes[0].lane_pe/codec/distortion13_i_211_n_0
    SLICE_X42Y91         CARRY8 (Prop_CARRY8_SLICEL_CI_CO[7])
                                                      0.065    16.634 r  candidate_lanes[0].lane_pe/codec/distortion13_i_210/CO[7]
                         net (fo=1, routed)           0.030    16.664    candidate_lanes[0].lane_pe/codec/distortion13_i_210_n_0
    SLICE_X42Y92         CARRY8 (Prop_CARRY8_SLICEL_CI_CO[3])
                                                      0.082    16.746 r  candidate_lanes[0].lane_pe/codec/distortion13_i_205/CO[3]
                         net (fo=35, routed)          0.372    17.118    candidate_lanes[0].lane_pe/codec/distortion13_i_205_n_4
    SLICE_X43Y89         LUT2 (Prop_B6LUT_SLICEM_I0_O)
                                                      0.225    17.343 r  candidate_lanes[0].lane_pe/codec/distortion13_i_247/O
                         net (fo=1, routed)           0.022    17.365    candidate_lanes[0].lane_pe/codec/distortion13_i_247_n_0
    SLICE_X43Y89         CARRY8 (Prop_CARRY8_SLICEM_S[1]_CO[3])
                                                      0.257    17.622 r  candidate_lanes[0].lane_pe/codec/distortion13_i_204/CO[3]
                         net (fo=30, routed)          0.315    17.936    candidate_lanes[0].lane_pe/codec/distortion13_i_204_n_4
    SLICE_X42Y87         LUT3 (Prop_C6LUT_SLICEL_I2_O)
                                                      0.187    18.123 r  candidate_lanes[0].lane_pe/codec/distortion13_i_235/O
                         net (fo=1, routed)           0.098    18.221    candidate_lanes[0].lane_pe/codec/distortion13_i_235_n_0
    SLICE_X41Y87         LUT5 (Prop_A6LUT_SLICEM_I0_O)
                                                      0.152    18.373 r  candidate_lanes[0].lane_pe/codec/distortion13_i_196/O
                         net (fo=2, routed)           0.104    18.478    candidate_lanes[0].lane_pe/codec/distortion13_i_196_n_0
    SLICE_X41Y88         LUT6 (Prop_C6LUT_SLICEM_I3_O)
                                                      0.056    18.534 r  candidate_lanes[0].lane_pe/codec/distortion4_i_103/O
                         net (fo=3, routed)           0.211    18.745    candidate_lanes[0].lane_pe/codec/distortion4_i_103_n_0
    SLICE_X37Y88         LUT2 (Prop_B6LUT_SLICEM_I1_O)
                                                      0.082    18.827 r  candidate_lanes[0].lane_pe/codec/(null)[0].value4__13_i_185/O
                         net (fo=1, routed)           0.022    18.849    candidate_lanes[0].lane_pe/codec/(null)[0].value4__13_i_185_n_0
    SLICE_X37Y88         CARRY8 (Prop_CARRY8_SLICEM_S[1]_O[5])
                                                      0.333    19.182 r  candidate_lanes[0].lane_pe/codec/(null)[0].value4__13_i_102/O[5]
                         net (fo=28, routed)          0.658    19.840    candidate_lanes[0].lane_pe/codec/codec_residual[113]
    SLICE_X37Y76         LUT2 (Prop_F6LUT_SLICEM_I1_O)
                                                      0.080    19.920 r  candidate_lanes[0].lane_pe/codec/(null)[0].value4__5_i_810/O
                         net (fo=1, routed)           0.029    19.949    candidate_lanes[0].lane_pe/codec/(null)[0].value4__5_i_810_n_0
    SLICE_X37Y76         CARRY8 (Prop_CARRY8_SLICEM_S[5]_CO[7])
                                                      0.238    20.187 r  candidate_lanes[0].lane_pe/codec/(null)[0].value4__5_i_525/CO[7]
                         net (fo=1, routed)           0.030    20.217    candidate_lanes[0].lane_pe/codec/(null)[0].value4__5_i_525_n_0
    SLICE_X37Y77         CARRY8 (Prop_CARRY8_SLICEM_CI_O[1])
                                                      0.106    20.323 r  candidate_lanes[0].lane_pe/codec/(null)[0].value4__5_i_760/O[1]
                         net (fo=2, routed)           0.224    20.547    candidate_lanes[0].lane_pe/codec/(null)[0].value4__5_i_760_n_14
    SLICE_X38Y76         LUT2 (Prop_F6LUT_SLICEM_I0_O)
                                                      0.149    20.696 r  candidate_lanes[0].lane_pe/codec/(null)[0].value4__5_i_763/O
                         net (fo=1, routed)           0.029    20.725    candidate_lanes[0].lane_pe/codec/(null)[0].value4__5_i_763_n_0
    SLICE_X38Y76         CARRY8 (Prop_CARRY8_SLICEM_S[5]_CO[7])
                                                      0.238    20.963 r  candidate_lanes[0].lane_pe/codec/(null)[0].value4__5_i_517/CO[7]
                         net (fo=1, routed)           0.030    20.993    candidate_lanes[0].lane_pe/codec/(null)[0].value4__5_i_517_n_0
    SLICE_X38Y77         CARRY8 (Prop_CARRY8_SLICEM_CI_O[0])
                                                      0.078    21.071 r  candidate_lanes[0].lane_pe/codec/(null)[0].value4__5_i_930/O[0]
                         net (fo=2, routed)           0.159    21.230    candidate_lanes[0].lane_pe/codec/transformed90_in[12]
    SLICE_X38Y75         LUT5 (Prop_G6LUT_SLICEM_I0_O)
                                                      0.057    21.287 r  candidate_lanes[0].lane_pe/codec/(null)[0].value4__5_i_584/O
                         net (fo=2, routed)           0.618    21.905    candidate_lanes[0].lane_pe/codec/(null)[0].value4__5_i_584_n_0
    SLICE_X45Y75         LUT6 (Prop_F6LUT_SLICEM_I0_O)
                                                      0.149    22.054 r  candidate_lanes[0].lane_pe/codec/(null)[0].value4__5_i_592/O
                         net (fo=1, routed)           0.029    22.083    candidate_lanes[0].lane_pe/codec/(null)[0].value4__5_i_592_n_0
    SLICE_X45Y75         CARRY8 (Prop_CARRY8_SLICEM_S[5]_O[6])
                                                      0.186    22.269 r  candidate_lanes[0].lane_pe/codec/(null)[0].value4__5_i_474/O[6]
                         net (fo=25, routed)          0.755    23.023    candidate_lanes[0].lane_pe/codec/(null)[0].value4__5_i_474_n_9
    SLICE_X47Y50         LUT2 (Prop_F6LUT_SLICEL_I1_O)
                                                      0.150    23.173 r  candidate_lanes[0].lane_pe/codec/(null)[0].value4__9_i_327/O
                         net (fo=1, routed)           0.015    23.188    candidate_lanes[0].lane_pe/codec/(null)[0].value4__9_i_327_n_0
    SLICE_X47Y50         CARRY8 (Prop_CARRY8_SLICEL_S[5]_O[6])
                                                      0.180    23.368 r  candidate_lanes[0].lane_pe/codec/(null)[0].value4__9_i_292/O[6]
                         net (fo=3, routed)           0.623    23.992    candidate_lanes[0].lane_pe/codec/(null)[0].value4__9_i_292_n_9
    SLICE_X45Y48         LUT6 (Prop_G6LUT_SLICEM_I0_O)
                                                      0.186    24.178 r  candidate_lanes[0].lane_pe/codec/(null)[0].value4__9_i_250/O
                         net (fo=1, routed)           0.021    24.199    candidate_lanes[0].lane_pe/codec/(null)[0].value4__9_i_250_n_0
    SLICE_X45Y48         CARRY8 (Prop_CARRY8_SLICEM_S[6]_CO[7])
                                                      0.175    24.374 r  candidate_lanes[0].lane_pe/codec/(null)[0].value4__9_i_116/CO[7]
                         net (fo=1, routed)           0.030    24.404    candidate_lanes[0].lane_pe/codec/(null)[0].value4__9_i_116_n_0
    SLICE_X45Y49         CARRY8 (Prop_CARRY8_SLICEM_CI_O[0])
                                                      0.078    24.482 r  candidate_lanes[0].lane_pe/codec/(null)[0].value4__9_i_104/O[0]
                         net (fo=4, routed)           0.686    25.168    candidate_lanes[0].lane_pe/codec/(null)[0].value4__9_i_104_n_15
    SLICE_X42Y68         LUT3 (Prop_G6LUT_SLICEL_I0_O)
                                                      0.226    25.394 r  candidate_lanes[0].lane_pe/codec/(null)[0].value4__9_i_123/O
                         net (fo=1, routed)           0.232    25.626    candidate_lanes[0].lane_pe/codec/(null)[0].value4__9_i_123_n_0
    SLICE_X42Y65         LUT5 (Prop_D6LUT_SLICEL_I1_O)
                                                      0.152    25.778 r  candidate_lanes[0].lane_pe/codec/(null)[0].value4__9_i_70/O
                         net (fo=1, routed)           0.013    25.791    candidate_lanes[0].lane_pe/codec/(null)[0].value4__9_i_70_n_0
    SLICE_X42Y65         CARRY8 (Prop_CARRY8_SLICEL_S[3]_O[4])
                                                      0.208    25.999 f  candidate_lanes[0].lane_pe/codec/(null)[0].value4__9_i_20/O[4]
                         net (fo=2, routed)           0.297    26.296    candidate_lanes[0].lane_pe/codec/codec_transformed__0[238]
    SLICE_X39Y63         LUT1 (Prop_F6LUT_SLICEL_I0_O)
                                                      0.136    26.432 r  candidate_lanes[0].lane_pe/codec/(null)[0].value4__9_i_41/O
                         net (fo=1, routed)           0.015    26.447    candidate_lanes[0].lane_pe/codec/(null)[0].value4__9_i_41_n_0
    SLICE_X39Y63         CARRY8 (Prop_CARRY8_SLICEL_S[5]_O[7])
                                                      0.194    26.641 f  candidate_lanes[0].lane_pe/codec/(null)[0].value4__9_i_18/O[7]
                         net (fo=1, routed)           0.199    26.840    candidate_lanes[0].lane_pe/codec/(null)[0].value4__9_i_18_n_8
    SLICE_X39Y66         LUT3 (Prop_B6LUT_SLICEL_I0_O)
                                                      0.152    26.992 f  candidate_lanes[0].lane_pe/codec/(null)[0].value4__9_i_1/O
                         net (fo=1, routed)           0.457    27.449    candidate_lanes[0].lane_pe/codec/(null)[0].value4__9/A[16]
    DSP48E2_X10Y18       DSP_A_B_DATA (Prop_DSP_A_B_DATA_DSP48E2_A[16]_A2_DATA[16])
                                                      0.258    27.707 r  candidate_lanes[0].lane_pe/codec/(null)[0].value4__9/DSP_A_B_DATA_INST/A2_DATA[16]
                         net (fo=1, routed)           0.000    27.707    candidate_lanes[0].lane_pe/codec/(null)[0].value4__9/DSP_A_B_DATA.A2_DATA<16>
    DSP48E2_X10Y18       DSP_PREADD_DATA (Prop_DSP_PREADD_DATA_DSP48E2_A2_DATA[16]_A2A1[16])
                                                      0.114    27.821 r  candidate_lanes[0].lane_pe/codec/(null)[0].value4__9/DSP_PREADD_DATA_INST/A2A1[16]
                         net (fo=1, routed)           0.000    27.821    candidate_lanes[0].lane_pe/codec/(null)[0].value4__9/DSP_PREADD_DATA.A2A1<16>
    DSP48E2_X10Y18       DSP_MULTIPLIER (Prop_DSP_MULTIPLIER_DSP48E2_A2A1[16]_U[36])
                                                      0.700    28.521 f  candidate_lanes[0].lane_pe/codec/(null)[0].value4__9/DSP_MULTIPLIER_INST/U[36]
                         net (fo=1, routed)           0.000    28.521    candidate_lanes[0].lane_pe/codec/(null)[0].value4__9/DSP_MULTIPLIER.U<36>
    DSP48E2_X10Y18       DSP_M_DATA (Prop_DSP_M_DATA_DSP48E2_U[36]_U_DATA[36])
                                                      0.067    28.588 r  candidate_lanes[0].lane_pe/codec/(null)[0].value4__9/DSP_M_DATA_INST/U_DATA[36]
                         net (fo=1, routed)           0.000    28.588    candidate_lanes[0].lane_pe/codec/(null)[0].value4__9/DSP_M_DATA.U_DATA<36>
    DSP48E2_X10Y18       DSP_ALU (Prop_DSP_ALU_DSP48E2_U_DATA[36]_ALU_OUT[47])
                                                      0.727    29.315 f  candidate_lanes[0].lane_pe/codec/(null)[0].value4__9/DSP_ALU_INST/ALU_OUT[47]
                         net (fo=1, routed)           0.000    29.315    candidate_lanes[0].lane_pe/codec/(null)[0].value4__9/DSP_ALU.ALU_OUT<47>
    DSP48E2_X10Y18       DSP_OUTPUT (Prop_DSP_OUTPUT_DSP48E2_ALU_OUT[47]_PCOUT[47])
                                                      0.167    29.482 r  candidate_lanes[0].lane_pe/codec/(null)[0].value4__9/DSP_OUTPUT_INST/PCOUT[47]
                         net (fo=1, routed)           0.014    29.496    candidate_lanes[0].lane_pe/codec/(null)[0].value4__10/PCIN[47]
    DSP48E2_X10Y19       DSP_ALU (Prop_DSP_ALU_DSP48E2_PCIN[47]_ALU_OUT[3])
                                                      0.739    30.235 f  candidate_lanes[0].lane_pe/codec/(null)[0].value4__10/DSP_ALU_INST/ALU_OUT[3]
                         net (fo=1, routed)           0.000    30.235    candidate_lanes[0].lane_pe/codec/(null)[0].value4__10/DSP_ALU.ALU_OUT<3>
    DSP48E2_X10Y19       DSP_OUTPUT (Prop_DSP_OUTPUT_DSP48E2_ALU_OUT[3]_P[3])
                                                      0.146    30.381 r  candidate_lanes[0].lane_pe/codec/(null)[0].value4__10/DSP_OUTPUT_INST/P[3]
                         net (fo=2, routed)           0.324    30.704    candidate_lanes[0].lane_pe/codec/(null)[0].value4__10_n_102
    SLICE_X37Y47         LUT6 (Prop_E6LUT_SLICEM_I5_O)
                                                      0.187    30.891 r  candidate_lanes[0].lane_pe/codec/clip164__7__0_i_135/O
                         net (fo=1, routed)           0.018    30.909    candidate_lanes[0].lane_pe/codec/clip164__7__0_i_135_n_0
    SLICE_X37Y47         CARRY8 (Prop_CARRY8_SLICEM_S[4]_CO[7])
                                                      0.236    31.145 r  candidate_lanes[0].lane_pe/codec/clip164__7__0_i_77/CO[7]
                         net (fo=1, routed)           0.030    31.175    candidate_lanes[0].lane_pe/codec/clip164__7__0_i_77_n_0
    SLICE_X37Y48         CARRY8 (Prop_CARRY8_SLICEM_CI_O[0])
                                                      0.078    31.253 f  candidate_lanes[0].lane_pe/codec/clip164__7__0_i_59/O[0]
                         net (fo=5, routed)           0.520    31.773    candidate_lanes[0].lane_pe/codec/clip164__7__0_i_59_n_15
    SLICE_X40Y63         LUT4 (Prop_B6LUT_SLICEM_I0_O)
                                                      0.152    31.925 r  candidate_lanes[0].lane_pe/codec/clip164__7__0_i_78/O
                         net (fo=2, routed)           0.122    32.047    candidate_lanes[0].lane_pe/codec/clip164__7__0_i_78_n_0
    SLICE_X40Y64         LUT5 (Prop_D6LUT_SLICEM_I4_O)
                                                      0.220    32.267 r  candidate_lanes[0].lane_pe/codec/clip164__7__0_i_69/O
                         net (fo=1, routed)           0.400    32.667    candidate_lanes[0].lane_pe/codec/clip164__7__0_i_69_n_0
    SLICE_X40Y65         CARRY8 (Prop_CARRY8_SLICEM_S[0]_CO[7])
                                                      0.281    32.948 r  candidate_lanes[0].lane_pe/codec/clip164__7__0_i_29/CO[7]
                         net (fo=1, routed)           0.030    32.978    candidate_lanes[0].lane_pe/codec/clip164__7__0_i_29_n_0
    SLICE_X40Y66         CARRY8 (Prop_CARRY8_SLICEM_CI_CO[7])
                                                      0.065    33.043 r  candidate_lanes[0].lane_pe/codec/clip164__7__0_i_18/CO[7]
                         net (fo=1, routed)           0.030    33.073    candidate_lanes[0].lane_pe/codec/clip164__7__0_i_18_n_0
    SLICE_X40Y67         CARRY8 (Prop_CARRY8_SLICEM_CI_O[5])
                                                      0.161    33.234 f  candidate_lanes[0].lane_pe/codec/clip164__8__0_i_12/O[5]
                         net (fo=1, routed)           0.164    33.398    candidate_lanes[0].lane_pe/codec/clip164__8__0_i_12_n_10
    SLICE_X39Y67         LUT3 (Prop_A6LUT_SLICEL_I0_O)
                                                      0.137    33.535 f  candidate_lanes[0].lane_pe/codec/clip164__8__0_i_14/O
                         net (fo=5, routed)           0.205    33.740    candidate_lanes[0].lane_pe/codec/clip164__8__0_i_14_n_0
    SLICE_X40Y68         LUT6 (Prop_H6LUT_SLICEM_I1_O)
                                                      0.228    33.968 f  candidate_lanes[0].lane_pe/codec/clip164__7__0_i_202/O
                         net (fo=1, routed)           0.200    34.168    candidate_lanes[0].lane_pe/codec/clip164__7__0_i_202_n_0
    SLICE_X40Y69         CARRY8 (Prop_CARRY8_SLICEM_DI[4]_CO[7])
                                                      0.137    34.305 f  candidate_lanes[0].lane_pe/codec/clip164__7__0_i_157/CO[7]
                         net (fo=1, routed)           0.030    34.335    candidate_lanes[0].lane_pe/codec/clip164__7__0_i_157_n_0
    SLICE_X40Y70         CARRY8 (Prop_CARRY8_SLICEM_CI_CO[7])
                                                      0.065    34.400 f  candidate_lanes[0].lane_pe/codec/clip164__7__0_i_97/CO[7]
                         net (fo=1, routed)           0.030    34.430    candidate_lanes[0].lane_pe/codec/clip164__7__0_i_97_n_0
    SLICE_X40Y71         CARRY8 (Prop_CARRY8_SLICEM_CI_CO[7])
                                                      0.065    34.495 f  candidate_lanes[0].lane_pe/codec/clip164__7__0_i_50/CO[7]
                         net (fo=1, routed)           0.030    34.525    candidate_lanes[0].lane_pe/codec/clip164__7__0_i_50_n_0
    SLICE_X40Y72         CARRY8 (Prop_CARRY8_SLICEM_CI_CO[0])
                                                      0.074    34.599 f  candidate_lanes[0].lane_pe/codec/clip164__7__0_i_21/CO[0]
                         net (fo=26, routed)          0.663    35.262    candidate_lanes[0].lane_pe/codec/clip164__7__0_i_21_n_7
    SLICE_X47Y71         LUT5 (Prop_B6LUT_SLICEL_I3_O)
                                                      0.224    35.486 f  candidate_lanes[0].lane_pe/codec/clip164__7__0_i_4/O
                         net (fo=1, routed)           0.676    36.162    candidate_lanes[0].lane_pe/codec/clip164__7__0/A[13]
    DSP48E2_X12Y28       DSP_A_B_DATA (Prop_DSP_A_B_DATA_DSP48E2_A[13]_A2_DATA[13])
                                                      0.258    36.420 r  candidate_lanes[0].lane_pe/codec/clip164__7__0/DSP_A_B_DATA_INST/A2_DATA[13]
                         net (fo=1, routed)           0.000    36.420    candidate_lanes[0].lane_pe/codec/clip164__7__0/DSP_A_B_DATA.A2_DATA<13>
    DSP48E2_X12Y28       DSP_PREADD_DATA (Prop_DSP_PREADD_DATA_DSP48E2_A2_DATA[13]_A2A1[13])
                                                      0.114    36.534 r  candidate_lanes[0].lane_pe/codec/clip164__7__0/DSP_PREADD_DATA_INST/A2A1[13]
                         net (fo=1, routed)           0.000    36.534    candidate_lanes[0].lane_pe/codec/clip164__7__0/DSP_PREADD_DATA.A2A1<13>
    DSP48E2_X12Y28       DSP_MULTIPLIER (Prop_DSP_MULTIPLIER_DSP48E2_A2A1[13]_U[34])
                                                      0.700    37.234 f  candidate_lanes[0].lane_pe/codec/clip164__7__0/DSP_MULTIPLIER_INST/U[34]
                         net (fo=1, routed)           0.000    37.234    candidate_lanes[0].lane_pe/codec/clip164__7__0/DSP_MULTIPLIER.U<34>
    DSP48E2_X12Y28       DSP_M_DATA (Prop_DSP_M_DATA_DSP48E2_U[34]_U_DATA[34])
                                                      0.067    37.301 r  candidate_lanes[0].lane_pe/codec/clip164__7__0/DSP_M_DATA_INST/U_DATA[34]
                         net (fo=1, routed)           0.000    37.301    candidate_lanes[0].lane_pe/codec/clip164__7__0/DSP_M_DATA.U_DATA<34>
    DSP48E2_X12Y28       DSP_ALU (Prop_DSP_ALU_DSP48E2_U_DATA[34]_ALU_OUT[47])
                                                      0.727    38.028 f  candidate_lanes[0].lane_pe/codec/clip164__7__0/DSP_ALU_INST/ALU_OUT[47]
                         net (fo=1, routed)           0.000    38.028    candidate_lanes[0].lane_pe/codec/clip164__7__0/DSP_ALU.ALU_OUT<47>
    DSP48E2_X12Y28       DSP_OUTPUT (Prop_DSP_OUTPUT_DSP48E2_ALU_OUT[47]_PCOUT[47])
                                                      0.167    38.195 r  candidate_lanes[0].lane_pe/codec/clip164__7__0/DSP_OUTPUT_INST/PCOUT[47]
                         net (fo=1, routed)           0.014    38.209    candidate_lanes[0].lane_pe/codec/clip164__8__0/PCIN[47]
    DSP48E2_X12Y29       DSP_ALU (Prop_DSP_ALU_DSP48E2_PCIN[47]_ALU_OUT[4])
                                                      0.739    38.948 r  candidate_lanes[0].lane_pe/codec/clip164__8__0/DSP_ALU_INST/ALU_OUT[4]
                         net (fo=1, routed)           0.000    38.948    candidate_lanes[0].lane_pe/codec/clip164__8__0/DSP_ALU.ALU_OUT<4>
    DSP48E2_X12Y29       DSP_OUTPUT (Prop_DSP_OUTPUT_DSP48E2_ALU_OUT[4]_P[4])
                                                      0.146    39.094 f  candidate_lanes[0].lane_pe/codec/clip164__8__0/DSP_OUTPUT_INST/P[4]
                         net (fo=4, routed)           0.462    39.556    candidate_lanes[0].lane_pe/codec/clip164__8__0_n_101
    SLICE_X54Y73         LUT6 (Prop_G6LUT_SLICEM_I3_O)
                                                      0.186    39.742 f  candidate_lanes[0].lane_pe/codec/distortion10_i_1803/O
                         net (fo=6, routed)           0.348    40.090    candidate_lanes[0].lane_pe/codec/distortion10_i_1803_n_0
    SLICE_X59Y75         LUT2 (Prop_F6LUT_SLICEL_I1_O)
                                                      0.150    40.240 r  candidate_lanes[0].lane_pe/codec/distortion15__0__0_i_2512/O
                         net (fo=1, routed)           0.015    40.255    candidate_lanes[0].lane_pe/codec/distortion15__0__0_i_2512_n_0
    SLICE_X59Y75         CARRY8 (Prop_CARRY8_SLICEL_S[5]_CO[7])
                                                      0.232    40.487 r  candidate_lanes[0].lane_pe/codec/distortion15__0__0_i_2470/CO[7]
                         net (fo=1, routed)           0.030    40.517    candidate_lanes[0].lane_pe/codec/distortion15__0__0_i_2470_n_0
    SLICE_X59Y76         CARRY8 (Prop_CARRY8_SLICEL_CI_CO[7])
                                                      0.065    40.582 r  candidate_lanes[0].lane_pe/codec/distortion15__0__0_i_2240/CO[7]
                         net (fo=1, routed)           0.030    40.612    candidate_lanes[0].lane_pe/codec/distortion15__0__0_i_2240_n_0
    SLICE_X59Y77         CARRY8 (Prop_CARRY8_SLICEL_CI_CO[7])
                                                      0.065    40.677 r  candidate_lanes[0].lane_pe/codec/distortion15__0__0_i_1956/CO[7]
                         net (fo=1, routed)           0.030    40.707    candidate_lanes[0].lane_pe/codec/distortion15__0__0_i_1956_n_0
    SLICE_X59Y78         CARRY8 (Prop_CARRY8_SLICEL_CI_CO[0])
                                                      0.074    40.781 r  candidate_lanes[0].lane_pe/codec/distortion15__0__0_i_1565/CO[0]
                         net (fo=140, routed)         0.808    41.589    candidate_lanes[0].lane_pe/codec/distortion15__0__0_i_1565_n_7
    SLICE_X59Y120        LUT5 (Prop_B6LUT_SLICEL_I3_O)
                                                      0.083    41.672 r  candidate_lanes[0].lane_pe/codec/distortion15__0__0_i_1241/O
                         net (fo=20, routed)          0.446    42.118    candidate_lanes[0].lane_pe/codec/codec_dequantized__0[114]
    SLICE_X57Y123        LUT2 (Prop_C6LUT_SLICEL_I1_O)
                                                      0.136    42.254 r  candidate_lanes[0].lane_pe/codec/distortion2_i_1931/O
                         net (fo=1, routed)           0.015    42.269    candidate_lanes[0].lane_pe/codec/distortion2_i_1931_n_0
    SLICE_X57Y123        CARRY8 (Prop_CARRY8_SLICEL_S[2]_CO[7])
                                                      0.219    42.488 r  candidate_lanes[0].lane_pe/codec/distortion2_i_1655/CO[7]
                         net (fo=1, routed)           0.030    42.518    candidate_lanes[0].lane_pe/codec/distortion2_i_1655_n_0
    SLICE_X57Y124        CARRY8 (Prop_CARRY8_SLICEL_CI_O[1])
                                                      0.106    42.624 r  candidate_lanes[0].lane_pe/codec/distortion2_i_1657/O[1]
                         net (fo=3, routed)           0.306    42.931    candidate_lanes[0].lane_pe/codec/distortion2_i_1657_n_14
    SLICE_X60Y125        LUT3 (Prop_B6LUT_SLICEL_I1_O)
                                                      0.188    43.119 r  candidate_lanes[0].lane_pe/codec/distortion2_i_1307/O
                         net (fo=1, routed)           0.373    43.492    candidate_lanes[0].lane_pe/codec/distortion2_i_1307_n_0
    SLICE_X59Y125        CARRY8 (Prop_CARRY8_SLICEL_DI[1]_O[3])
                                                      0.147    43.639 r  candidate_lanes[0].lane_pe/codec/distortion2_i_905/O[3]
                         net (fo=3, routed)           0.479    44.117    candidate_lanes[0].lane_pe/codec/(null)[0].value4__0__2[16]
    SLICE_X53Y129        LUT3 (Prop_E5LUT_SLICEM_I1_O)
                                                      0.225    44.342 r  candidate_lanes[0].lane_pe/codec/distortion2_i_912/O
                         net (fo=2, routed)           0.228    44.570    candidate_lanes[0].lane_pe/codec/distortion2_i_912_n_0
    SLICE_X56Y129        LUT5 (Prop_F6LUT_SLICEL_I1_O)
                                                      0.056    44.626 r  candidate_lanes[0].lane_pe/codec/distortion1_i_907/O
                         net (fo=2, routed)           0.329    44.955    candidate_lanes[0].lane_pe/codec/distortion1_i_907_n_0
    SLICE_X55Y129        LUT6 (Prop_A6LUT_SLICEL_I0_O)
                                                      0.137    45.092 r  candidate_lanes[0].lane_pe/codec/distortion1_i_915/O
                         net (fo=1, routed)           0.014    45.106    candidate_lanes[0].lane_pe/codec/distortion1_i_915_n_0
    SLICE_X55Y129        CARRY8 (Prop_CARRY8_SLICEL_S[0]_O[5])
                                                      0.331    45.437 r  candidate_lanes[0].lane_pe/codec/distortion1_i_664/O[5]
                         net (fo=1, routed)           0.425    45.862    candidate_lanes[0].lane_pe/codec/distortion1_i_664_n_10
    SLICE_X55Y133        CARRY8 (Prop_CARRY8_SLICEL_S[1]_CO[7])
                                                      0.261    46.123 r  candidate_lanes[0].lane_pe/codec/distortion1_i_544/CO[7]
                         net (fo=1, routed)           0.030    46.153    candidate_lanes[0].lane_pe/codec/distortion1_i_544_n_0
    SLICE_X55Y134        CARRY8 (Prop_CARRY8_SLICEL_CI_O[1])
                                                      0.106    46.259 r  candidate_lanes[0].lane_pe/codec/distortion1_i_543/O[1]
                         net (fo=25, routed)          0.865    47.124    candidate_lanes[0].lane_pe/codec/distortion1_i_543_n_14
    SLICE_X46Y142        LUT2 (Prop_E6LUT_SLICEL_I1_O)
                                                      0.083    47.207 r  candidate_lanes[0].lane_pe/codec/distortion2_i_1162/O
                         net (fo=1, routed)           0.011    47.218    candidate_lanes[0].lane_pe/codec/distortion2_i_1162_n_0
    SLICE_X46Y142        CARRY8 (Prop_CARRY8_SLICEL_S[4]_CO[7])
                                                      0.232    47.450 f  candidate_lanes[0].lane_pe/codec/distortion2_i_877/CO[7]
                         net (fo=1, routed)           0.030    47.480    candidate_lanes[0].lane_pe/codec/distortion2_i_877_n_0
    SLICE_X46Y143        CARRY8 (Prop_CARRY8_SLICEL_CI_CO[7])
                                                      0.065    47.545 f  candidate_lanes[0].lane_pe/codec/distortion2_i_704/CO[7]
                         net (fo=1, routed)           0.030    47.575    candidate_lanes[0].lane_pe/codec/distortion2_i_704_n_0
    SLICE_X46Y144        CARRY8 (Prop_CARRY8_SLICEL_CI_CO[7])
                                                      0.065    47.640 f  candidate_lanes[0].lane_pe/codec/distortion2_i_525/CO[7]
                         net (fo=1, routed)           0.030    47.670    candidate_lanes[0].lane_pe/codec/distortion2_i_525_n_0
    SLICE_X46Y145        CARRY8 (Prop_CARRY8_SLICEL_CI_CO[0])
                                                      0.074    47.744 f  candidate_lanes[0].lane_pe/codec/distortion2_i_417/CO[0]
                         net (fo=388, routed)         0.725    48.469    candidate_lanes[0].lane_pe/codec/distortion2_i_417_n_7
    SLICE_X48Y155        LUT3 (Prop_C5LUT_SLICEL_I1_O)
                                                      0.152    48.621 r  candidate_lanes[0].lane_pe/codec/distortion3_i_745/O
                         net (fo=1, routed)           0.000    48.621    candidate_lanes[0].lane_pe/codec/distortion3_i_745_n_0
    SLICE_X48Y155        CARRY8 (Prop_CARRY8_SLICEL_DI[2]_O[4])
                                                      0.245    48.866 r  candidate_lanes[0].lane_pe/codec/distortion3_i_572/O[4]
                         net (fo=3, routed)           0.609    49.475    candidate_lanes[0].lane_pe/codec/distortion3_i_572_n_11
    SLICE_X49Y154        LUT5 (Prop_E6LUT_SLICEL_I4_O)
                                                      0.138    49.613 r  candidate_lanes[0].lane_pe/codec/distortion3_i_511/O
                         net (fo=1, routed)           0.303    49.916    candidate_lanes[0].lane_pe/codec/distortion3_i_511_n_0
    SLICE_X49Y155        CARRY8 (Prop_CARRY8_SLICEL_DI[5]_CO[7])
                                                      0.108    50.024 r  candidate_lanes[0].lane_pe/codec/distortion3_i_358/CO[7]
                         net (fo=1, routed)           0.030    50.054    candidate_lanes[0].lane_pe/codec/distortion3_i_358_n_0
    SLICE_X49Y156        CARRY8 (Prop_CARRY8_SLICEL_CI_O[0])
                                                      0.078    50.132 r  candidate_lanes[0].lane_pe/codec/distortion3_i_331/O[0]
                         net (fo=3, routed)           0.847    50.979    candidate_lanes[0].lane_pe/codec/distortion3_i_331_n_15
    SLICE_X46Y163        LUT3 (Prop_C6LUT_SLICEL_I0_O)
                                                      0.187    51.166 r  candidate_lanes[0].lane_pe/codec/distortion3_i_359/O
                         net (fo=2, routed)           0.168    51.334    candidate_lanes[0].lane_pe/codec/distortion3_i_359_n_0
    SLICE_X46Y163        LUT5 (Prop_E5LUT_SLICEL_I4_O)
                                                      0.222    51.556 r  candidate_lanes[0].lane_pe/codec/distortion3_i_270/O
                         net (fo=2, routed)           0.359    51.915    candidate_lanes[0].lane_pe/codec/distortion3_i_270_n_0
    SLICE_X46Y147        LUT6 (Prop_F6LUT_SLICEL_I0_O)
                                                      0.081    51.996 r  candidate_lanes[0].lane_pe/codec/distortion3_i_278/O
                         net (fo=1, routed)           0.015    52.011    candidate_lanes[0].lane_pe/codec/distortion3_i_278_n_0
    SLICE_X46Y147        CARRY8 (Prop_CARRY8_SLICEL_S[5]_CO[7])
                                                      0.232    52.243 r  candidate_lanes[0].lane_pe/codec/distortion3_i_205/CO[7]
                         net (fo=1, routed)           0.030    52.273    candidate_lanes[0].lane_pe/codec/distortion3_i_205_n_0
    SLICE_X46Y148        CARRY8 (Prop_CARRY8_SLICEL_CI_O[4])
                                                      0.119    52.392 r  candidate_lanes[0].lane_pe/codec/distortion3_i_188/O[4]
                         net (fo=1, routed)           0.490    52.882    candidate_lanes[0].lane_pe/codec/distortion3_i_188_n_11
    SLICE_X45Y147        CARRY8 (Prop_CARRY8_SLICEM_S[2]_CO[7])
                                                      0.229    53.111 r  candidate_lanes[0].lane_pe/codec/distortion3_i_151/CO[7]
                         net (fo=1, routed)           0.030    53.141    candidate_lanes[0].lane_pe/codec/distortion3_i_151_n_0
    SLICE_X45Y148        CARRY8 (Prop_CARRY8_SLICEM_CI_O[1])
                                                      0.106    53.247 r  candidate_lanes[0].lane_pe/codec/distortion3_i_129/O[1]
                         net (fo=5, routed)           0.851    54.098    candidate_lanes[0].lane_pe/codec/distortion3_i_129_n_14
    SLICE_X39Y125        LUT2 (Prop_A6LUT_SLICEL_I0_O)
                                                      0.152    54.250 r  candidate_lanes[0].lane_pe/codec/distortion3_i_444/O
                         net (fo=1, routed)           0.014    54.264    candidate_lanes[0].lane_pe/codec/distortion3_i_444_n_0
    SLICE_X39Y125        CARRY8 (Prop_CARRY8_SLICEL_S[0]_CO[7])
                                                      0.278    54.542 r  candidate_lanes[0].lane_pe/codec/distortion3_i_309/CO[7]
                         net (fo=1, routed)           0.030    54.572    candidate_lanes[0].lane_pe/codec/distortion3_i_309_n_0
    SLICE_X39Y126        CARRY8 (Prop_CARRY8_SLICEL_CI_CO[7])
                                                      0.065    54.637 r  candidate_lanes[0].lane_pe/codec/distortion3_i_231/CO[7]
                         net (fo=1, routed)           0.030    54.667    candidate_lanes[0].lane_pe/codec/distortion3_i_231_n_0
    SLICE_X39Y127        CARRY8 (Prop_CARRY8_SLICEL_CI_CO[7])
                                                      0.065    54.732 r  candidate_lanes[0].lane_pe/codec/distortion3_i_179/CO[7]
                         net (fo=1, routed)           0.030    54.762    candidate_lanes[0].lane_pe/codec/distortion3_i_179_n_0
    SLICE_X39Y128        CARRY8 (Prop_CARRY8_SLICEL_CI_CO[0])
                                                      0.074    54.836 r  candidate_lanes[0].lane_pe/codec/distortion3_i_131/CO[0]
                         net (fo=32, routed)          0.347    55.183    candidate_lanes[0].lane_pe/codec/clip161__0
    SLICE_X42Y123        LUT4 (Prop_A6LUT_SLICEL_I3_O)
                                                      0.225    55.408 r  candidate_lanes[0].lane_pe/codec/distortion3_i_108/O
                         net (fo=1, routed)           0.014    55.422    candidate_lanes[0].lane_pe/codec/distortion3_i_108_n_0
    SLICE_X42Y123        CARRY8 (Prop_CARRY8_SLICEL_S[0]_CO[7])
                                                      0.278    55.700 r  candidate_lanes[0].lane_pe/codec/distortion3_i_40/CO[7]
                         net (fo=1, routed)           0.030    55.730    candidate_lanes[0].lane_pe/codec/distortion3_i_40_n_0
    SLICE_X42Y124        CARRY8 (Prop_CARRY8_SLICEL_CI_CO[7])
                                                      0.065    55.795 r  candidate_lanes[0].lane_pe/codec/distortion3_i_39/CO[7]
                         net (fo=1, routed)           0.030    55.825    candidate_lanes[0].lane_pe/codec/distortion3_i_39_n_0
    SLICE_X42Y125        CARRY8 (Prop_CARRY8_SLICEL_CI_CO[7])
                                                      0.065    55.890 r  candidate_lanes[0].lane_pe/codec/distortion3_i_38/CO[7]
                         net (fo=1, routed)           0.030    55.920    candidate_lanes[0].lane_pe/codec/distortion3_i_38_n_0
    SLICE_X42Y126        CARRY8 (Prop_CARRY8_SLICEL_CI_O[3])
                                                      0.114    56.034 f  candidate_lanes[0].lane_pe/codec/distortion3_i_37/O[3]
                         net (fo=3, routed)           0.220    56.253    candidate_lanes[0].lane_pe/codec/(null)[0].value__3[27]
    SLICE_X41Y125        LUT2 (Prop_B6LUT_SLICEM_I0_O)
                                                      0.225    56.478 r  candidate_lanes[0].lane_pe/codec/distortion3_i_48/O
                         net (fo=1, routed)           0.022    56.500    candidate_lanes[0].lane_pe/codec/distortion3_i_48_n_0
    SLICE_X41Y125        CARRY8 (Prop_CARRY8_SLICEM_S[1]_CO[3])
                                                      0.257    56.757 r  candidate_lanes[0].lane_pe/codec/distortion3_i_36/CO[3]
                         net (fo=31, routed)          0.338    57.096    candidate_lanes[0].lane_pe/codec/clip81__2
    SLICE_X40Y123        LUT4 (Prop_A6LUT_SLICEM_I1_O)
                                                      0.083    57.179 r  candidate_lanes[0].lane_pe/codec/distortion3_i_35/O
                         net (fo=1, routed)           0.017    57.196    candidate_lanes[0].lane_pe/codec/distortion3_i_35_n_0
    SLICE_X40Y123        CARRY8 (Prop_CARRY8_SLICEM_S[0]_CO[7])
                                                      0.281    57.477 r  candidate_lanes[0].lane_pe/codec/distortion3_i_4/CO[7]
                         net (fo=1, routed)           0.030    57.507    candidate_lanes[0].lane_pe/codec/distortion3_i_4_n_0
    SLICE_X40Y124        CARRY8 (Prop_CARRY8_SLICEM_CI_O[3])
                                                      0.114    57.621 f  candidate_lanes[0].lane_pe/codec/distortion3_i_3/O[3]
                         net (fo=4, routed)           0.614    58.235    candidate_lanes[0].lane_pe/codec/distortion3__0/A[11]
    DSP48E2_X11Y51       DSP_A_B_DATA (Prop_DSP_A_B_DATA_DSP48E2_A[11]_A2_DATA[11])
                                                      0.258    58.493 r  candidate_lanes[0].lane_pe/codec/distortion3__0/DSP_A_B_DATA_INST/A2_DATA[11]
                         net (fo=1, routed)           0.000    58.493    candidate_lanes[0].lane_pe/codec/distortion3__0/DSP_A_B_DATA.A2_DATA<11>
    DSP48E2_X11Y51       DSP_PREADD_DATA (Prop_DSP_PREADD_DATA_DSP48E2_A2_DATA[11]_A2A1[11])
                                                      0.114    58.607 r  candidate_lanes[0].lane_pe/codec/distortion3__0/DSP_PREADD_DATA_INST/A2A1[11]
                         net (fo=1, routed)           0.000    58.607    candidate_lanes[0].lane_pe/codec/distortion3__0/DSP_PREADD_DATA.A2A1<11>
    DSP48E2_X11Y51       DSP_MULTIPLIER (Prop_DSP_MULTIPLIER_DSP48E2_A2A1[11]_U[32])
                                                      0.700    59.307 f  candidate_lanes[0].lane_pe/codec/distortion3__0/DSP_MULTIPLIER_INST/U[32]
                         net (fo=1, routed)           0.000    59.307    candidate_lanes[0].lane_pe/codec/distortion3__0/DSP_MULTIPLIER.U<32>
    DSP48E2_X11Y51       DSP_M_DATA (Prop_DSP_M_DATA_DSP48E2_U[32]_U_DATA[32])
                                                      0.067    59.374 r  candidate_lanes[0].lane_pe/codec/distortion3__0/DSP_M_DATA_INST/U_DATA[32]
                         net (fo=1, routed)           0.000    59.374    candidate_lanes[0].lane_pe/codec/distortion3__0/DSP_M_DATA.U_DATA<32>
    DSP48E2_X11Y51       DSP_ALU (Prop_DSP_ALU_DSP48E2_U_DATA[32]_ALU_OUT[47])
                                                      0.727    60.101 f  candidate_lanes[0].lane_pe/codec/distortion3__0/DSP_ALU_INST/ALU_OUT[47]
                         net (fo=1, routed)           0.000    60.101    candidate_lanes[0].lane_pe/codec/distortion3__0/DSP_ALU.ALU_OUT<47>
    DSP48E2_X11Y51       DSP_OUTPUT (Prop_DSP_OUTPUT_DSP48E2_ALU_OUT[47]_PCOUT[47])
                                                      0.167    60.268 r  candidate_lanes[0].lane_pe/codec/distortion3__0/DSP_OUTPUT_INST/PCOUT[47]
                         net (fo=1, routed)           0.038    60.306    candidate_lanes[0].lane_pe/codec/distortion3__1/PCIN[47]
    DSP48E2_X11Y52       DSP_ALU (Prop_DSP_ALU_DSP48E2_PCIN[47]_ALU_OUT[0])
                                                      0.739    61.045 f  candidate_lanes[0].lane_pe/codec/distortion3__1/DSP_ALU_INST/ALU_OUT[0]
                         net (fo=1, routed)           0.000    61.045    candidate_lanes[0].lane_pe/codec/distortion3__1/DSP_ALU.ALU_OUT<0>
    DSP48E2_X11Y52       DSP_OUTPUT (Prop_DSP_OUTPUT_DSP48E2_ALU_OUT[0]_P[0])
                                                      0.146    61.191 r  candidate_lanes[0].lane_pe/codec/distortion3__1/DSP_OUTPUT_INST/P[0]
                         net (fo=2, routed)           0.177    61.368    candidate_lanes[0].lane_pe/codec/distortion3__1_n_105
    SLICE_X40Y130        LUT2 (Prop_B6LUT_SLICEM_I0_O)
                                                      0.057    61.425 r  candidate_lanes[0].lane_pe/codec/out_distortion[28]_i_485/O
                         net (fo=1, routed)           0.022    61.447    candidate_lanes[0].lane_pe/codec/out_distortion[28]_i_485_n_0
    SLICE_X40Y130        CARRY8 (Prop_CARRY8_SLICEM_S[1]_O[2])
                                                      0.179    61.626 r  candidate_lanes[0].lane_pe/codec/out_distortion_reg[28]_i_434/O[2]
                         net (fo=3, routed)           0.318    61.944    candidate_lanes[0].lane_pe/codec/out_distortion_reg[28]_i_434_n_13
    SLICE_X37Y128        LUT3 (Prop_A6LUT_SLICEM_I2_O)
                                                      0.138    62.082 r  candidate_lanes[0].lane_pe/codec/out_distortion[28]_i_362/O
                         net (fo=1, routed)           0.638    62.720    candidate_lanes[0].lane_pe/codec/out_distortion[28]_i_362_n_0
    SLICE_X34Y127        CARRY8 (Prop_CARRY8_SLICEM_DI[3]_O[5])
                                                      0.268    62.988 r  candidate_lanes[0].lane_pe/codec/out_distortion_reg[28]_i_180/O[5]
                         net (fo=3, routed)           0.332    63.320    candidate_lanes[0].lane_pe/codec/out_distortion_reg[28]_i_180_n_10
    SLICE_X29Y128        LUT3 (Prop_D6LUT_SLICEM_I0_O)
                                                      0.056    63.376 r  candidate_lanes[0].lane_pe/codec/out_distortion[28]_i_128/O
                         net (fo=1, routed)           0.492    63.868    candidate_lanes[0].lane_pe/codec/out_distortion[28]_i_128_n_0
    SLICE_X31Y128        CARRY8 (Prop_CARRY8_SLICEM_DI[6]_O[7])
                                                      0.133    64.001 r  candidate_lanes[0].lane_pe/codec/out_distortion_reg[28]_i_29/O[7]
                         net (fo=3, routed)           0.315    64.316    candidate_lanes[0].lane_pe/codec/out_distortion_reg[28]_i_29_n_8
    SLICE_X34Y132        LUT3 (Prop_E6LUT_SLICEM_I1_O)
                                                      0.057    64.373 r  candidate_lanes[0].lane_pe/codec/out_distortion[28]_i_31/O
                         net (fo=2, routed)           0.450    64.823    candidate_lanes[0].lane_pe/codec/out_distortion[28]_i_31_n_0
    SLICE_X33Y132        LUT6 (Prop_H6LUT_SLICEL_I1_O)
                                                      0.188    65.011 r  candidate_lanes[0].lane_pe/codec/out_distortion[23]_i_10/O
                         net (fo=1, routed)           0.015    65.026    candidate_lanes[0].lane_pe/codec/out_distortion[23]_i_10_n_0
    SLICE_X33Y132        CARRY8 (Prop_CARRY8_SLICEL_S[7]_CO[7])
                                                      0.172    65.198 r  candidate_lanes[0].lane_pe/codec/out_distortion_reg[23]_i_1/CO[7]
                         net (fo=1, routed)           0.030    65.228    candidate_lanes[0].lane_pe/codec/out_distortion_reg[23]_i_1_n_0
    SLICE_X33Y133        CARRY8 (Prop_CARRY8_SLICEL_CI_O[6])
                                                      0.157    65.385 r  candidate_lanes[0].lane_pe/codec/out_distortion_reg[28]_i_1/O[6]
                         net (fo=1, routed)           0.034    65.419    candidate_lanes[0].lane_pe/codec_distortion__0[30]
    SLICE_X33Y133        FDRE                                         r  candidate_lanes[0].lane_pe/out_distortion_reg[30]/D
  -------------------------------------------------------------------    -------------------

                         (clock chia_rdo_clk rise edge)
                                                      5.000     5.000 r  
                                                      0.000     5.000 r  clk (IN)
                         net (fo=1725, unset)         0.029     5.029    candidate_lanes[0].lane_pe/clk
    SLICE_X33Y133        FDRE                                         r  candidate_lanes[0].lane_pe/out_distortion_reg[30]/C
                         clock pessimism              0.000     5.029    
                         clock uncertainty           -0.035     4.994    
    SLICE_X33Y133        FDRE (Setup_GFF_SLICEL_C_D)
                                                      0.044     5.038    candidate_lanes[0].lane_pe/out_distortion_reg[30]
  -------------------------------------------------------------------
                         required time                          5.038    
                         arrival time                         -65.419    
  -------------------------------------------------------------------
                         slack                                -60.381    

Slack (VIOLATED) :        -60.341ns  (required time - arrival time)
  Source:                 count_reg_reg[2]/C
                            (rising edge-triggered cell FDRE clocked by chia_rdo_clk  {rise@0.000ns fall@2.500ns period=5.000ns})
  Destination:            candidate_lanes[0].lane_pe/out_distortion_reg[28]/D
                            (rising edge-triggered cell FDRE clocked by chia_rdo_clk  {rise@0.000ns fall@2.500ns period=5.000ns})
  Path Group:             chia_rdo_clk
  Path Type:              Setup (Max at Slow Process Corner)
  Requirement:            5.000ns  (chia_rdo_clk rise@5.000ns - chia_rdo_clk rise@0.000ns)
  Data Path Delay:        65.337ns  (logic 34.019ns (52.067%)  route 31.318ns (47.933%))
  Logic Levels:           170  (CARRY8=69 DSP_A_B_DATA=5 DSP_ALU=10 DSP_M_DATA=4 DSP_MULTIPLIER=4 DSP_OUTPUT=10 DSP_PREADD_DATA=4 LUT1=1 LUT2=12 LUT3=12 LUT4=4 LUT5=12 LUT6=20 MUXF7=2 MUXF8=1)
  Clock Path Skew:        -0.013ns (DCD - SCD + CPR)
    Destination Clock Delay (DCD):    0.029ns = ( 5.029 - 5.000 ) 
    Source Clock Delay      (SCD):    0.042ns
    Clock Pessimism Removal (CPR):    0.000ns
  Clock Uncertainty:      0.035ns  ((TSJ^2 + TIJ^2)^1/2 + DJ) / 2 + PE
    Total System Jitter     (TSJ):    0.071ns
    Total Input Jitter      (TIJ):    0.000ns
    Discrete Jitter          (DJ):    0.000ns
    Phase Error              (PE):    0.000ns

    Location             Delay type                Incr(ns)  Path(ns)    Netlist Resource(s)
  -------------------------------------------------------------------    -------------------
                         (clock chia_rdo_clk rise edge)
                                                      0.000     0.000 r  
                                                      0.000     0.000 r  clk (IN)
                         net (fo=1725, unset)         0.042     0.042    clk
    SLICE_X56Y144        FDRE                                         r  count_reg_reg[2]/C
  -------------------------------------------------------------------    -------------------
    SLICE_X56Y144        FDRE (Prop_FFF_SLICEL_C_Q)
                                                      0.113     0.155 r  count_reg_reg[2]/Q
                         net (fo=5, routed)           0.223     0.378    candidate_lanes[0].lane_pe/codec/batches_model[2]
    SLICE_X57Y144        LUT4 (Prop_B6LUT_SLICEL_I2_O)
                                                      0.152     0.530 r  candidate_lanes[0].lane_pe/codec/lane_rank[0][5]_i_17/O
                         net (fo=1, routed)           0.013     0.543    candidate_lanes[0].lane_pe/codec/lane_rank[0][5]_i_17_n_0
    SLICE_X57Y144        CARRY8 (Prop_CARRY8_SLICEL_S[1]_CO[3])
                                                      0.250     0.793 f  candidate_lanes[0].lane_pe/codec/lane_rank_reg[0][5]_i_4/CO[3]
                         net (fo=124, routed)         0.340     1.134    candidate_lanes[0].lane_pe/codec/CO[0]
    SLICE_X57Y140        LUT6 (Prop_A6LUT_SLICEL_I1_O)
                                                      0.137     1.271 r  candidate_lanes[0].lane_pe/codec/multi_stage.rate_stage00_i_275/O
                         net (fo=136, routed)         0.277     1.548    candidate_lanes[0].lane_pe/codec/launched_count_reg[2]
    SLICE_X57Y143        LUT6 (Prop_H6LUT_SLICEL_I4_O)
                                                      0.227     1.775 f  candidate_lanes[0].lane_pe/codec/mode_reg[4]_i_64/O
                         net (fo=1, routed)           0.196     1.971    candidate_lanes[0].lane_pe/codec/mode_reg[4]_i_64_n_0
    SLICE_X57Y142        LUT6 (Prop_C6LUT_SLICEL_I3_O)
                                                      0.221     2.192 f  candidate_lanes[0].lane_pe/codec/mode_reg[4]_i_19/O
                         net (fo=1, routed)           0.015     2.207    candidate_lanes[0].lane_pe/codec/mode_reg[4]_i_19_n_0
    SLICE_X57Y142        MUXF7 (Prop_F7MUX_CD_SLICEL_I1_O)
                                                      0.088     2.295 f  candidate_lanes[0].lane_pe/codec/mode_reg_reg[4]_i_6/O
                         net (fo=1, routed)           0.000     2.295    candidate_lanes[0].lane_pe/codec/mode_reg_reg[4]_i_6_n_0
    SLICE_X57Y142        MUXF8 (Prop_F8MUX_BOT_SLICEL_I0_O)
                                                      0.031     2.326 f  candidate_lanes[0].lane_pe/codec/mode_reg_reg[4]_i_2/O
                         net (fo=3, routed)           0.618     2.944    candidate_lanes[0].lane_pe/codec/mode_reg_reg[4]_i_2_n_0
    SLICE_X54Y121        LUT6 (Prop_A6LUT_SLICEM_I0_O)
                                                      0.189     3.133 f  candidate_lanes[0].lane_pe/codec/mode_reg[4]_i_1/O
                         net (fo=24, routed)          0.395     3.528    candidate_lanes[0].lane_pe/codec/D[4]
    SLICE_X51Y121        LUT5 (Prop_B6LUT_SLICEL_I4_O)
                                                      0.058     3.586 r  candidate_lanes[0].lane_pe/codec/angular_temporary3__21_i_30/O
                         net (fo=157, routed)         0.204     3.790    candidate_lanes[0].lane_pe/codec/angular_temporary3__3_i_46_n_0
    SLICE_X50Y121        LUT6 (Prop_A6LUT_SLICEL_I0_O)
                                                      0.225     4.015 r  candidate_lanes[0].lane_pe/codec/angular_temporary3__3_i_52/O
                         net (fo=1, routed)           0.014     4.029    candidate_lanes[0].lane_pe/codec/angular_temporary3__3_i_52_n_0
    SLICE_X50Y121        CARRY8 (Prop_CARRY8_SLICEL_S[0]_O[0])
                                                      0.077     4.106 r  candidate_lanes[0].lane_pe/codec/angular_temporary3__3_i_14/O[0]
                         net (fo=246, routed)         0.531     4.637    candidate_lanes[0].lane_pe/codec/angular_temporary8[0]
    SLICE_X50Y115        LUT5 (Prop_A6LUT_SLICEL_I2_O)
                                                      0.225     4.862 r  candidate_lanes[0].lane_pe/codec/angular_temporary1__29_i_90/O
                         net (fo=1, routed)           0.014     4.876    candidate_lanes[0].lane_pe/codec/angular_temporary1__29_i_90_n_0
    SLICE_X50Y115        CARRY8 (Prop_CARRY8_SLICEL_S[0]_CO[7])
                                                      0.278     5.154 r  candidate_lanes[0].lane_pe/codec/angular_temporary1__29_i_51/CO[7]
                         net (fo=1, routed)           0.030     5.184    candidate_lanes[0].lane_pe/codec/angular_temporary1__29_i_51_n_0
    SLICE_X50Y116        CARRY8 (Prop_CARRY8_SLICEL_CI_CO[7])
                                                      0.073     5.257 r  candidate_lanes[0].lane_pe/codec/angular_temporary1__29_i_32/CO[7]
                         net (fo=50, routed)          0.241     5.498    candidate_lanes[0].lane_pe/codec/angular_temporary1__29_i_32_n_0
    SLICE_X50Y114        LUT6 (Prop_D6LUT_SLICEL_I5_O)
                                                      0.221     5.719 r  candidate_lanes[0].lane_pe/codec/angular_temporary1__9_i_107/O
                         net (fo=1, routed)           0.293     6.012    candidate_lanes[0].lane_pe/codec/angular_temporary1__9_i_107_n_0
    SLICE_X49Y110        CARRY8 (Prop_CARRY8_SLICEL_DI[2]_CO[7])
                                                      0.158     6.170 r  candidate_lanes[0].lane_pe/codec/angular_temporary1__9_i_56/CO[7]
                         net (fo=1, routed)           0.030     6.200    candidate_lanes[0].lane_pe/codec/angular_temporary1__9_i_56_n_0
    SLICE_X49Y111        CARRY8 (Prop_CARRY8_SLICEL_CI_O[0])
                                                      0.078     6.278 r  candidate_lanes[0].lane_pe/codec/angular_temporary1__9_i_28/O[0]
                         net (fo=22, routed)          0.222     6.501    candidate_lanes[0].lane_pe/codec/angular_temporary1__9_i_28_n_15
    SLICE_X50Y112        LUT3 (Prop_A6LUT_SLICEL_I0_O)
                                                      0.188     6.689 r  candidate_lanes[0].lane_pe/codec/angular_temporary3__1_i_91/O
                         net (fo=2, routed)           0.163     6.852    candidate_lanes[0].lane_pe/codec/inverse_angle_sum[8]
    SLICE_X50Y111        LUT6 (Prop_A6LUT_SLICEL_I0_O)
                                                      0.152     7.004 r  candidate_lanes[0].lane_pe/codec/angular_temporary3__1_i_96/O
                         net (fo=1, routed)           0.014     7.018    candidate_lanes[0].lane_pe/codec/angular_temporary3__1_i_96_n_0
    SLICE_X50Y111        CARRY8 (Prop_CARRY8_SLICEL_S[0]_O[4])
                                                      0.285     7.303 r  candidate_lanes[0].lane_pe/codec/angular_temporary3__1_i_39/O[4]
                         net (fo=4, routed)           0.350     7.653    candidate_lanes[0].lane_pe/codec/sel0[4]
    SLICE_X49Y109        LUT2 (Prop_F6LUT_SLICEL_I0_O)
                                                      0.081     7.734 r  candidate_lanes[0].lane_pe/codec/angular_temporary3__1_i_97/O
                         net (fo=7, routed)           0.595     8.329    candidate_lanes[0].lane_pe/codec/angular_temporary3__1_i_97_n_0
    SLICE_X47Y107        LUT6 (Prop_F6LUT_SLICEL_I0_O)
                                                      0.136     8.465 r  candidate_lanes[0].lane_pe/codec/angular_temporary3__1_i_125/O
                         net (fo=1, routed)           0.327     8.792    candidate_lanes[0].lane_pe/codec/angular_temporary3__1_i_125_n_0
    SLICE_X46Y100        LUT6 (Prop_E6LUT_SLICEL_I4_O)
                                                      0.057     8.849 f  candidate_lanes[0].lane_pe/codec/angular_temporary3__1_i_78/O
                         net (fo=1, routed)           0.067     8.916    candidate_lanes[0].lane_pe/codec/angular_temporary3__1_i_78_n_0
    SLICE_X46Y100        LUT6 (Prop_C6LUT_SLICEL_I5_O)
                                                      0.221     9.137 f  candidate_lanes[0].lane_pe/codec/angular_temporary3__1_i_32/O
                         net (fo=2, routed)           0.015     9.152    candidate_lanes[0].lane_pe/codec/angular_temporary3__1_i_32_n_0
    SLICE_X46Y100        MUXF7 (Prop_F7MUX_CD_SLICEL_I1_O)
                                                      0.096     9.248 f  candidate_lanes[0].lane_pe/codec/angular_temporary3__1_i_8/O
                         net (fo=1, routed)           0.570     9.818    candidate_lanes[0].lane_pe/codec/angular_temporary3__1/A[0]
    DSP48E2_X11Y42       DSP_A_B_DATA (Prop_DSP_A_B_DATA_DSP48E2_A[0]_A2_DATA[0])
                                                      0.258    10.076 r  candidate_lanes[0].lane_pe/codec/angular_temporary3__1/DSP_A_B_DATA_INST/A2_DATA[0]
                         net (fo=1, routed)           0.000    10.076    candidate_lanes[0].lane_pe/codec/angular_temporary3__1/DSP_A_B_DATA.A2_DATA<0>
    DSP48E2_X11Y42       DSP_PREADD_DATA (Prop_DSP_PREADD_DATA_DSP48E2_A2_DATA[0]_A2A1[0])
                                                      0.114    10.190 r  candidate_lanes[0].lane_pe/codec/angular_temporary3__1/DSP_PREADD_DATA_INST/A2A1[0]
                         net (fo=1, routed)           0.000    10.190    candidate_lanes[0].lane_pe/codec/angular_temporary3__1/DSP_PREADD_DATA.A2A1<0>
    DSP48E2_X11Y42       DSP_MULTIPLIER (Prop_DSP_MULTIPLIER_DSP48E2_A2A1[0]_U[21])
                                                      0.700    10.890 f  candidate_lanes[0].lane_pe/codec/angular_temporary3__1/DSP_MULTIPLIER_INST/U[21]
                         net (fo=1, routed)           0.000    10.890    candidate_lanes[0].lane_pe/codec/angular_temporary3__1/DSP_MULTIPLIER.U<21>
    DSP48E2_X11Y42       DSP_M_DATA (Prop_DSP_M_DATA_DSP48E2_U[21]_U_DATA[21])
                                                      0.067    10.957 r  candidate_lanes[0].lane_pe/codec/angular_temporary3__1/DSP_M_DATA_INST/U_DATA[21]
                         net (fo=1, routed)           0.000    10.957    candidate_lanes[0].lane_pe/codec/angular_temporary3__1/DSP_M_DATA.U_DATA<21>
    DSP48E2_X11Y42       DSP_ALU (Prop_DSP_ALU_DSP48E2_U_DATA[21]_ALU_OUT[47])
                                                      0.727    11.684 f  candidate_lanes[0].lane_pe/codec/angular_temporary3__1/DSP_ALU_INST/ALU_OUT[47]
                         net (fo=1, routed)           0.000    11.684    candidate_lanes[0].lane_pe/codec/angular_temporary3__1/DSP_ALU.ALU_OUT<47>
    DSP48E2_X11Y42       DSP_OUTPUT (Prop_DSP_OUTPUT_DSP48E2_ALU_OUT[47]_PCOUT[47])
                                                      0.167    11.851 r  candidate_lanes[0].lane_pe/codec/angular_temporary3__1/DSP_OUTPUT_INST/PCOUT[47]
                         net (fo=1, routed)           0.014    11.865    candidate_lanes[0].lane_pe/codec/angular_temporary3__2/PCIN[47]
    DSP48E2_X11Y43       DSP_ALU (Prop_DSP_ALU_DSP48E2_PCIN[47]_ALU_OUT[14])
                                                      0.739    12.604 r  candidate_lanes[0].lane_pe/codec/angular_temporary3__2/DSP_ALU_INST/ALU_OUT[14]
                         net (fo=1, routed)           0.000    12.604    candidate_lanes[0].lane_pe/codec/angular_temporary3__2/DSP_ALU.ALU_OUT<14>
    DSP48E2_X11Y43       DSP_OUTPUT (Prop_DSP_OUTPUT_DSP48E2_ALU_OUT[14]_P[14])
                                                      0.146    12.750 f  candidate_lanes[0].lane_pe/codec/angular_temporary3__2/DSP_OUTPUT_INST/P[14]
                         net (fo=17, routed)          0.636    13.386    candidate_lanes[0].lane_pe/codec/angular_temporary1__1/A[25]
    DSP48E2_X11Y36       DSP_A_B_DATA (Prop_DSP_A_B_DATA_DSP48E2_A[25]_A_ALU[25])
                                                      0.265    13.651 r  candidate_lanes[0].lane_pe/codec/angular_temporary1__1/DSP_A_B_DATA_INST/A_ALU[25]
                         net (fo=1, routed)           0.000    13.651    candidate_lanes[0].lane_pe/codec/angular_temporary1__1/DSP_A_B_DATA.A_ALU<25>
    DSP48E2_X11Y36       DSP_ALU (Prop_DSP_ALU_DSP48E2_A_ALU[25]_ALU_OUT[47])
                                                      0.726    14.377 f  candidate_lanes[0].lane_pe/codec/angular_temporary1__1/DSP_ALU_INST/ALU_OUT[47]
                         net (fo=1, routed)           0.000    14.377    candidate_lanes[0].lane_pe/codec/angular_temporary1__1/DSP_ALU.ALU_OUT<47>
    DSP48E2_X11Y36       DSP_OUTPUT (Prop_DSP_OUTPUT_DSP48E2_ALU_OUT[47]_PCOUT[47])
                                                      0.167    14.544 r  candidate_lanes[0].lane_pe/codec/angular_temporary1__1/DSP_OUTPUT_INST/PCOUT[47]
                         net (fo=1, routed)           0.014    14.558    candidate_lanes[0].lane_pe/codec/angular_temporary1__2/PCIN[47]
    DSP48E2_X11Y37       DSP_ALU (Prop_DSP_ALU_DSP48E2_PCIN[47]_ALU_OUT[8])
                                                      0.739    15.297 f  candidate_lanes[0].lane_pe/codec/angular_temporary1__2/DSP_ALU_INST/ALU_OUT[8]
                         net (fo=1, routed)           0.000    15.297    candidate_lanes[0].lane_pe/codec/angular_temporary1__2/DSP_ALU.ALU_OUT<8>
    DSP48E2_X11Y37       DSP_OUTPUT (Prop_DSP_OUTPUT_DSP48E2_ALU_OUT[8]_P[8])
                                                      0.146    15.443 r  candidate_lanes[0].lane_pe/codec/angular_temporary1__2/DSP_OUTPUT_INST/P[8]
                         net (fo=1, routed)           0.209    15.652    candidate_lanes[0].lane_pe/codec/angular_temporary1__2_n_97
    SLICE_X41Y91         LUT5 (Prop_E6LUT_SLICEM_I4_O)
                                                      0.187    15.839 r  candidate_lanes[0].lane_pe/codec/distortion13_i_231/O
                         net (fo=5, routed)           0.283    16.122    candidate_lanes[0].lane_pe/codec/distortion13_i_231_n_0
    SLICE_X42Y89         LUT6 (Prop_D6LUT_SLICEL_I0_O)
                                                      0.057    16.179 r  candidate_lanes[0].lane_pe/codec/distortion13_i_374/O
                         net (fo=1, routed)           0.013    16.192    candidate_lanes[0].lane_pe/codec/distortion13_i_374_n_0
    SLICE_X42Y89         CARRY8 (Prop_CARRY8_SLICEL_S[3]_CO[7])
                                                      0.220    16.412 r  candidate_lanes[0].lane_pe/codec/distortion13_i_226/CO[7]
                         net (fo=1, routed)           0.062    16.474    candidate_lanes[0].lane_pe/codec/distortion13_i_226_n_0
    SLICE_X42Y90         CARRY8 (Prop_CARRY8_SLICEL_CI_CO[7])
                                                      0.065    16.539 r  candidate_lanes[0].lane_pe/codec/distortion13_i_211/CO[7]
                         net (fo=1, routed)           0.030    16.569    candidate_lanes[0].lane_pe/codec/distortion13_i_211_n_0
    SLICE_X42Y91         CARRY8 (Prop_CARRY8_SLICEL_CI_CO[7])
                                                      0.065    16.634 r  candidate_lanes[0].lane_pe/codec/distortion13_i_210/CO[7]
                         net (fo=1, routed)           0.030    16.664    candidate_lanes[0].lane_pe/codec/distortion13_i_210_n_0
    SLICE_X42Y92         CARRY8 (Prop_CARRY8_SLICEL_CI_CO[3])
                                                      0.082    16.746 r  candidate_lanes[0].lane_pe/codec/distortion13_i_205/CO[3]
                         net (fo=35, routed)          0.372    17.118    candidate_lanes[0].lane_pe/codec/distortion13_i_205_n_4
    SLICE_X43Y89         LUT2 (Prop_B6LUT_SLICEM_I0_O)
                                                      0.225    17.343 r  candidate_lanes[0].lane_pe/codec/distortion13_i_247/O
                         net (fo=1, routed)           0.022    17.365    candidate_lanes[0].lane_pe/codec/distortion13_i_247_n_0
    SLICE_X43Y89         CARRY8 (Prop_CARRY8_SLICEM_S[1]_CO[3])
                                                      0.257    17.622 r  candidate_lanes[0].lane_pe/codec/distortion13_i_204/CO[3]
                         net (fo=30, routed)          0.315    17.936    candidate_lanes[0].lane_pe/codec/distortion13_i_204_n_4
    SLICE_X42Y87         LUT3 (Prop_C6LUT_SLICEL_I2_O)
                                                      0.187    18.123 r  candidate_lanes[0].lane_pe/codec/distortion13_i_235/O
                         net (fo=1, routed)           0.098    18.221    candidate_lanes[0].lane_pe/codec/distortion13_i_235_n_0
    SLICE_X41Y87         LUT5 (Prop_A6LUT_SLICEM_I0_O)
                                                      0.152    18.373 r  candidate_lanes[0].lane_pe/codec/distortion13_i_196/O
                         net (fo=2, routed)           0.104    18.478    candidate_lanes[0].lane_pe/codec/distortion13_i_196_n_0
    SLICE_X41Y88         LUT6 (Prop_C6LUT_SLICEM_I3_O)
                                                      0.056    18.534 r  candidate_lanes[0].lane_pe/codec/distortion4_i_103/O
                         net (fo=3, routed)           0.211    18.745    candidate_lanes[0].lane_pe/codec/distortion4_i_103_n_0
    SLICE_X37Y88         LUT2 (Prop_B6LUT_SLICEM_I1_O)
                                                      0.082    18.827 r  candidate_lanes[0].lane_pe/codec/(null)[0].value4__13_i_185/O
                         net (fo=1, routed)           0.022    18.849    candidate_lanes[0].lane_pe/codec/(null)[0].value4__13_i_185_n_0
    SLICE_X37Y88         CARRY8 (Prop_CARRY8_SLICEM_S[1]_O[5])
                                                      0.333    19.182 r  candidate_lanes[0].lane_pe/codec/(null)[0].value4__13_i_102/O[5]
                         net (fo=28, routed)          0.658    19.840    candidate_lanes[0].lane_pe/codec/codec_residual[113]
    SLICE_X37Y76         LUT2 (Prop_F6LUT_SLICEM_I1_O)
                                                      0.080    19.920 r  candidate_lanes[0].lane_pe/codec/(null)[0].value4__5_i_810/O
                         net (fo=1, routed)           0.029    19.949    candidate_lanes[0].lane_pe/codec/(null)[0].value4__5_i_810_n_0
    SLICE_X37Y76         CARRY8 (Prop_CARRY8_SLICEM_S[5]_CO[7])
                                                      0.238    20.187 r  candidate_lanes[0].lane_pe/codec/(null)[0].value4__5_i_525/CO[7]
                         net (fo=1, routed)           0.030    20.217    candidate_lanes[0].lane_pe/codec/(null)[0].value4__5_i_525_n_0
    SLICE_X37Y77         CARRY8 (Prop_CARRY8_SLICEM_CI_O[1])
                                                      0.106    20.323 r  candidate_lanes[0].lane_pe/codec/(null)[0].value4__5_i_760/O[1]
                         net (fo=2, routed)           0.224    20.547    candidate_lanes[0].lane_pe/codec/(null)[0].value4__5_i_760_n_14
    SLICE_X38Y76         LUT2 (Prop_F6LUT_SLICEM_I0_O)
                                                      0.149    20.696 r  candidate_lanes[0].lane_pe/codec/(null)[0].value4__5_i_763/O
                         net (fo=1, routed)           0.029    20.725    candidate_lanes[0].lane_pe/codec/(null)[0].value4__5_i_763_n_0
    SLICE_X38Y76         CARRY8 (Prop_CARRY8_SLICEM_S[5]_CO[7])
                                                      0.238    20.963 r  candidate_lanes[0].lane_pe/codec/(null)[0].value4__5_i_517/CO[7]
                         net (fo=1, routed)           0.030    20.993    candidate_lanes[0].lane_pe/codec/(null)[0].value4__5_i_517_n_0
    SLICE_X38Y77         CARRY8 (Prop_CARRY8_SLICEM_CI_O[0])
                                                      0.078    21.071 r  candidate_lanes[0].lane_pe/codec/(null)[0].value4__5_i_930/O[0]
                         net (fo=2, routed)           0.159    21.230    candidate_lanes[0].lane_pe/codec/transformed90_in[12]
    SLICE_X38Y75         LUT5 (Prop_G6LUT_SLICEM_I0_O)
                                                      0.057    21.287 r  candidate_lanes[0].lane_pe/codec/(null)[0].value4__5_i_584/O
                         net (fo=2, routed)           0.618    21.905    candidate_lanes[0].lane_pe/codec/(null)[0].value4__5_i_584_n_0
    SLICE_X45Y75         LUT6 (Prop_F6LUT_SLICEM_I0_O)
                                                      0.149    22.054 r  candidate_lanes[0].lane_pe/codec/(null)[0].value4__5_i_592/O
                         net (fo=1, routed)           0.029    22.083    candidate_lanes[0].lane_pe/codec/(null)[0].value4__5_i_592_n_0
    SLICE_X45Y75         CARRY8 (Prop_CARRY8_SLICEM_S[5]_O[6])
                                                      0.186    22.269 r  candidate_lanes[0].lane_pe/codec/(null)[0].value4__5_i_474/O[6]
                         net (fo=25, routed)          0.755    23.023    candidate_lanes[0].lane_pe/codec/(null)[0].value4__5_i_474_n_9
    SLICE_X47Y50         LUT2 (Prop_F6LUT_SLICEL_I1_O)
                                                      0.150    23.173 r  candidate_lanes[0].lane_pe/codec/(null)[0].value4__9_i_327/O
                         net (fo=1, routed)           0.015    23.188    candidate_lanes[0].lane_pe/codec/(null)[0].value4__9_i_327_n_0
    SLICE_X47Y50         CARRY8 (Prop_CARRY8_SLICEL_S[5]_O[6])
                                                      0.180    23.368 r  candidate_lanes[0].lane_pe/codec/(null)[0].value4__9_i_292/O[6]
                         net (fo=3, routed)           0.623    23.992    candidate_lanes[0].lane_pe/codec/(null)[0].value4__9_i_292_n_9
    SLICE_X45Y48         LUT6 (Prop_G6LUT_SLICEM_I0_O)
                                                      0.186    24.178 r  candidate_lanes[0].lane_pe/codec/(null)[0].value4__9_i_250/O
                         net (fo=1, routed)           0.021    24.199    candidate_lanes[0].lane_pe/codec/(null)[0].value4__9_i_250_n_0
    SLICE_X45Y48         CARRY8 (Prop_CARRY8_SLICEM_S[6]_CO[7])
                                                      0.175    24.374 r  candidate_lanes[0].lane_pe/codec/(null)[0].value4__9_i_116/CO[7]
                         net (fo=1, routed)           0.030    24.404    candidate_lanes[0].lane_pe/codec/(null)[0].value4__9_i_116_n_0
    SLICE_X45Y49         CARRY8 (Prop_CARRY8_SLICEM_CI_O[0])
                                                      0.078    24.482 r  candidate_lanes[0].lane_pe/codec/(null)[0].value4__9_i_104/O[0]
                         net (fo=4, routed)           0.686    25.168    candidate_lanes[0].lane_pe/codec/(null)[0].value4__9_i_104_n_15
    SLICE_X42Y68         LUT3 (Prop_G6LUT_SLICEL_I0_O)
                                                      0.226    25.394 r  candidate_lanes[0].lane_pe/codec/(null)[0].value4__9_i_123/O
                         net (fo=1, routed)           0.232    25.626    candidate_lanes[0].lane_pe/codec/(null)[0].value4__9_i_123_n_0
    SLICE_X42Y65         LUT5 (Prop_D6LUT_SLICEL_I1_O)
                                                      0.152    25.778 r  candidate_lanes[0].lane_pe/codec/(null)[0].value4__9_i_70/O
                         net (fo=1, routed)           0.013    25.791    candidate_lanes[0].lane_pe/codec/(null)[0].value4__9_i_70_n_0
    SLICE_X42Y65         CARRY8 (Prop_CARRY8_SLICEL_S[3]_O[4])
                                                      0.208    25.999 f  candidate_lanes[0].lane_pe/codec/(null)[0].value4__9_i_20/O[4]
                         net (fo=2, routed)           0.297    26.296    candidate_lanes[0].lane_pe/codec/codec_transformed__0[238]
    SLICE_X39Y63         LUT1 (Prop_F6LUT_SLICEL_I0_O)
                                                      0.136    26.432 r  candidate_lanes[0].lane_pe/codec/(null)[0].value4__9_i_41/O
                         net (fo=1, routed)           0.015    26.447    candidate_lanes[0].lane_pe/codec/(null)[0].value4__9_i_41_n_0
    SLICE_X39Y63         CARRY8 (Prop_CARRY8_SLICEL_S[5]_O[7])
                                                      0.194    26.641 f  candidate_lanes[0].lane_pe/codec/(null)[0].value4__9_i_18/O[7]
                         net (fo=1, routed)           0.199    26.840    candidate_lanes[0].lane_pe/codec/(null)[0].value4__9_i_18_n_8
    SLICE_X39Y66         LUT3 (Prop_B6LUT_SLICEL_I0_O)
                                                      0.152    26.992 f  candidate_lanes[0].lane_pe/codec/(null)[0].value4__9_i_1/O
                         net (fo=1, routed)           0.457    27.449    candidate_lanes[0].lane_pe/codec/(null)[0].value4__9/A[16]
    DSP48E2_X10Y18       DSP_A_B_DATA (Prop_DSP_A_B_DATA_DSP48E2_A[16]_A2_DATA[16])
                                                      0.258    27.707 r  candidate_lanes[0].lane_pe/codec/(null)[0].value4__9/DSP_A_B_DATA_INST/A2_DATA[16]
                         net (fo=1, routed)           0.000    27.707    candidate_lanes[0].lane_pe/codec/(null)[0].value4__9/DSP_A_B_DATA.A2_DATA<16>
    DSP48E2_X10Y18       DSP_PREADD_DATA (Prop_DSP_PREADD_DATA_DSP48E2_A2_DATA[16]_A2A1[16])
                                                      0.114    27.821 r  candidate_lanes[0].lane_pe/codec/(null)[0].value4__9/DSP_PREADD_DATA_INST/A2A1[16]
                         net (fo=1, routed)           0.000    27.821    candidate_lanes[0].lane_pe/codec/(null)[0].value4__9/DSP_PREADD_DATA.A2A1<16>
    DSP48E2_X10Y18       DSP_MULTIPLIER (Prop_DSP_MULTIPLIER_DSP48E2_A2A1[16]_U[36])
                                                      0.700    28.521 f  candidate_lanes[0].lane_pe/codec/(null)[0].value4__9/DSP_MULTIPLIER_INST/U[36]
                         net (fo=1, routed)           0.000    28.521    candidate_lanes[0].lane_pe/codec/(null)[0].value4__9/DSP_MULTIPLIER.U<36>
    DSP48E2_X10Y18       DSP_M_DATA (Prop_DSP_M_DATA_DSP48E2_U[36]_U_DATA[36])
                                                      0.067    28.588 r  candidate_lanes[0].lane_pe/codec/(null)[0].value4__9/DSP_M_DATA_INST/U_DATA[36]
                         net (fo=1, routed)           0.000    28.588    candidate_lanes[0].lane_pe/codec/(null)[0].value4__9/DSP_M_DATA.U_DATA<36>
    DSP48E2_X10Y18       DSP_ALU (Prop_DSP_ALU_DSP48E2_U_DATA[36]_ALU_OUT[47])
                                                      0.727    29.315 f  candidate_lanes[0].lane_pe/codec/(null)[0].value4__9/DSP_ALU_INST/ALU_OUT[47]
                         net (fo=1, routed)           0.000    29.315    candidate_lanes[0].lane_pe/codec/(null)[0].value4__9/DSP_ALU.ALU_OUT<47>
    DSP48E2_X10Y18       DSP_OUTPUT (Prop_DSP_OUTPUT_DSP48E2_ALU_OUT[47]_PCOUT[47])
                                                      0.167    29.482 r  candidate_lanes[0].lane_pe/codec/(null)[0].value4__9/DSP_OUTPUT_INST/PCOUT[47]
                         net (fo=1, routed)           0.014    29.496    candidate_lanes[0].lane_pe/codec/(null)[0].value4__10/PCIN[47]
    DSP48E2_X10Y19       DSP_ALU (Prop_DSP_ALU_DSP48E2_PCIN[47]_ALU_OUT[3])
                                                      0.739    30.235 f  candidate_lanes[0].lane_pe/codec/(null)[0].value4__10/DSP_ALU_INST/ALU_OUT[3]
                         net (fo=1, routed)           0.000    30.235    candidate_lanes[0].lane_pe/codec/(null)[0].value4__10/DSP_ALU.ALU_OUT<3>
    DSP48E2_X10Y19       DSP_OUTPUT (Prop_DSP_OUTPUT_DSP48E2_ALU_OUT[3]_P[3])
                                                      0.146    30.381 r  candidate_lanes[0].lane_pe/codec/(null)[0].value4__10/DSP_OUTPUT_INST/P[3]
                         net (fo=2, routed)           0.324    30.704    candidate_lanes[0].lane_pe/codec/(null)[0].value4__10_n_102
    SLICE_X37Y47         LUT6 (Prop_E6LUT_SLICEM_I5_O)
                                                      0.187    30.891 r  candidate_lanes[0].lane_pe/codec/clip164__7__0_i_135/O
                         net (fo=1, routed)           0.018    30.909    candidate_lanes[0].lane_pe/codec/clip164__7__0_i_135_n_0
    SLICE_X37Y47         CARRY8 (Prop_CARRY8_SLICEM_S[4]_CO[7])
                                                      0.236    31.145 r  candidate_lanes[0].lane_pe/codec/clip164__7__0_i_77/CO[7]
                         net (fo=1, routed)           0.030    31.175    candidate_lanes[0].lane_pe/codec/clip164__7__0_i_77_n_0
    SLICE_X37Y48         CARRY8 (Prop_CARRY8_SLICEM_CI_O[0])
                                                      0.078    31.253 f  candidate_lanes[0].lane_pe/codec/clip164__7__0_i_59/O[0]
                         net (fo=5, routed)           0.520    31.773    candidate_lanes[0].lane_pe/codec/clip164__7__0_i_59_n_15
    SLICE_X40Y63         LUT4 (Prop_B6LUT_SLICEM_I0_O)
                                                      0.152    31.925 r  candidate_lanes[0].lane_pe/codec/clip164__7__0_i_78/O
                         net (fo=2, routed)           0.122    32.047    candidate_lanes[0].lane_pe/codec/clip164__7__0_i_78_n_0
    SLICE_X40Y64         LUT5 (Prop_D6LUT_SLICEM_I4_O)
                                                      0.220    32.267 r  candidate_lanes[0].lane_pe/codec/clip164__7__0_i_69/O
                         net (fo=1, routed)           0.400    32.667    candidate_lanes[0].lane_pe/codec/clip164__7__0_i_69_n_0
    SLICE_X40Y65         CARRY8 (Prop_CARRY8_SLICEM_S[0]_CO[7])
                                                      0.281    32.948 r  candidate_lanes[0].lane_pe/codec/clip164__7__0_i_29/CO[7]
                         net (fo=1, routed)           0.030    32.978    candidate_lanes[0].lane_pe/codec/clip164__7__0_i_29_n_0
    SLICE_X40Y66         CARRY8 (Prop_CARRY8_SLICEM_CI_CO[7])
                                                      0.065    33.043 r  candidate_lanes[0].lane_pe/codec/clip164__7__0_i_18/CO[7]
                         net (fo=1, routed)           0.030    33.073    candidate_lanes[0].lane_pe/codec/clip164__7__0_i_18_n_0
    SLICE_X40Y67         CARRY8 (Prop_CARRY8_SLICEM_CI_O[5])
                                                      0.161    33.234 f  candidate_lanes[0].lane_pe/codec/clip164__8__0_i_12/O[5]
                         net (fo=1, routed)           0.164    33.398    candidate_lanes[0].lane_pe/codec/clip164__8__0_i_12_n_10
    SLICE_X39Y67         LUT3 (Prop_A6LUT_SLICEL_I0_O)
                                                      0.137    33.535 f  candidate_lanes[0].lane_pe/codec/clip164__8__0_i_14/O
                         net (fo=5, routed)           0.205    33.740    candidate_lanes[0].lane_pe/codec/clip164__8__0_i_14_n_0
    SLICE_X40Y68         LUT6 (Prop_H6LUT_SLICEM_I1_O)
                                                      0.228    33.968 f  candidate_lanes[0].lane_pe/codec/clip164__7__0_i_202/O
                         net (fo=1, routed)           0.200    34.168    candidate_lanes[0].lane_pe/codec/clip164__7__0_i_202_n_0
    SLICE_X40Y69         CARRY8 (Prop_CARRY8_SLICEM_DI[4]_CO[7])
                                                      0.137    34.305 f  candidate_lanes[0].lane_pe/codec/clip164__7__0_i_157/CO[7]
                         net (fo=1, routed)           0.030    34.335    candidate_lanes[0].lane_pe/codec/clip164__7__0_i_157_n_0
    SLICE_X40Y70         CARRY8 (Prop_CARRY8_SLICEM_CI_CO[7])
                                                      0.065    34.400 f  candidate_lanes[0].lane_pe/codec/clip164__7__0_i_97/CO[7]
                         net (fo=1, routed)           0.030    34.430    candidate_lanes[0].lane_pe/codec/clip164__7__0_i_97_n_0
    SLICE_X40Y71         CARRY8 (Prop_CARRY8_SLICEM_CI_CO[7])
                                                      0.065    34.495 f  candidate_lanes[0].lane_pe/codec/clip164__7__0_i_50/CO[7]
                         net (fo=1, routed)           0.030    34.525    candidate_lanes[0].lane_pe/codec/clip164__7__0_i_50_n_0
    SLICE_X40Y72         CARRY8 (Prop_CARRY8_SLICEM_CI_CO[0])
                                                      0.074    34.599 f  candidate_lanes[0].lane_pe/codec/clip164__7__0_i_21/CO[0]
                         net (fo=26, routed)          0.663    35.262    candidate_lanes[0].lane_pe/codec/clip164__7__0_i_21_n_7
    SLICE_X47Y71         LUT5 (Prop_B6LUT_SLICEL_I3_O)
                                                      0.224    35.486 f  candidate_lanes[0].lane_pe/codec/clip164__7__0_i_4/O
                         net (fo=1, routed)           0.676    36.162    candidate_lanes[0].lane_pe/codec/clip164__7__0/A[13]
    DSP48E2_X12Y28       DSP_A_B_DATA (Prop_DSP_A_B_DATA_DSP48E2_A[13]_A2_DATA[13])
                                                      0.258    36.420 r  candidate_lanes[0].lane_pe/codec/clip164__7__0/DSP_A_B_DATA_INST/A2_DATA[13]
                         net (fo=1, routed)           0.000    36.420    candidate_lanes[0].lane_pe/codec/clip164__7__0/DSP_A_B_DATA.A2_DATA<13>
    DSP48E2_X12Y28       DSP_PREADD_DATA (Prop_DSP_PREADD_DATA_DSP48E2_A2_DATA[13]_A2A1[13])
                                                      0.114    36.534 r  candidate_lanes[0].lane_pe/codec/clip164__7__0/DSP_PREADD_DATA_INST/A2A1[13]
                         net (fo=1, routed)           0.000    36.534    candidate_lanes[0].lane_pe/codec/clip164__7__0/DSP_PREADD_DATA.A2A1<13>
    DSP48E2_X12Y28       DSP_MULTIPLIER (Prop_DSP_MULTIPLIER_DSP48E2_A2A1[13]_U[34])
                                                      0.700    37.234 f  candidate_lanes[0].lane_pe/codec/clip164__7__0/DSP_MULTIPLIER_INST/U[34]
                         net (fo=1, routed)           0.000    37.234    candidate_lanes[0].lane_pe/codec/clip164__7__0/DSP_MULTIPLIER.U<34>
    DSP48E2_X12Y28       DSP_M_DATA (Prop_DSP_M_DATA_DSP48E2_U[34]_U_DATA[34])
                                                      0.067    37.301 r  candidate_lanes[0].lane_pe/codec/clip164__7__0/DSP_M_DATA_INST/U_DATA[34]
                         net (fo=1, routed)           0.000    37.301    candidate_lanes[0].lane_pe/codec/clip164__7__0/DSP_M_DATA.U_DATA<34>
    DSP48E2_X12Y28       DSP_ALU (Prop_DSP_ALU_DSP48E2_U_DATA[34]_ALU_OUT[47])
                                                      0.727    38.028 f  candidate_lanes[0].lane_pe/codec/clip164__7__0/DSP_ALU_INST/ALU_OUT[47]
                         net (fo=1, routed)           0.000    38.028    candidate_lanes[0].lane_pe/codec/clip164__7__0/DSP_ALU.ALU_OUT<47>
    DSP48E2_X12Y28       DSP_OUTPUT (Prop_DSP_OUTPUT_DSP48E2_ALU_OUT[47]_PCOUT[47])
                                                      0.167    38.195 r  candidate_lanes[0].lane_pe/codec/clip164__7__0/DSP_OUTPUT_INST/PCOUT[47]
                         net (fo=1, routed)           0.014    38.209    candidate_lanes[0].lane_pe/codec/clip164__8__0/PCIN[47]
    DSP48E2_X12Y29       DSP_ALU (Prop_DSP_ALU_DSP48E2_PCIN[47]_ALU_OUT[4])
                                                      0.739    38.948 r  candidate_lanes[0].lane_pe/codec/clip164__8__0/DSP_ALU_INST/ALU_OUT[4]
                         net (fo=1, routed)           0.000    38.948    candidate_lanes[0].lane_pe/codec/clip164__8__0/DSP_ALU.ALU_OUT<4>
    DSP48E2_X12Y29       DSP_OUTPUT (Prop_DSP_OUTPUT_DSP48E2_ALU_OUT[4]_P[4])
                                                      0.146    39.094 f  candidate_lanes[0].lane_pe/codec/clip164__8__0/DSP_OUTPUT_INST/P[4]
                         net (fo=4, routed)           0.462    39.556    candidate_lanes[0].lane_pe/codec/clip164__8__0_n_101
    SLICE_X54Y73         LUT6 (Prop_G6LUT_SLICEM_I3_O)
                                                      0.186    39.742 f  candidate_lanes[0].lane_pe/codec/distortion10_i_1803/O
                         net (fo=6, routed)           0.348    40.090    candidate_lanes[0].lane_pe/codec/distortion10_i_1803_n_0
    SLICE_X59Y75         LUT2 (Prop_F6LUT_SLICEL_I1_O)
                                                      0.150    40.240 r  candidate_lanes[0].lane_pe/codec/distortion15__0__0_i_2512/O
                         net (fo=1, routed)           0.015    40.255    candidate_lanes[0].lane_pe/codec/distortion15__0__0_i_2512_n_0
    SLICE_X59Y75         CARRY8 (Prop_CARRY8_SLICEL_S[5]_CO[7])
                                                      0.232    40.487 r  candidate_lanes[0].lane_pe/codec/distortion15__0__0_i_2470/CO[7]
                         net (fo=1, routed)           0.030    40.517    candidate_lanes[0].lane_pe/codec/distortion15__0__0_i_2470_n_0
    SLICE_X59Y76         CARRY8 (Prop_CARRY8_SLICEL_CI_CO[7])
                                                      0.065    40.582 r  candidate_lanes[0].lane_pe/codec/distortion15__0__0_i_2240/CO[7]
                         net (fo=1, routed)           0.030    40.612    candidate_lanes[0].lane_pe/codec/distortion15__0__0_i_2240_n_0
    SLICE_X59Y77         CARRY8 (Prop_CARRY8_SLICEL_CI_CO[7])
                                                      0.065    40.677 r  candidate_lanes[0].lane_pe/codec/distortion15__0__0_i_1956/CO[7]
                         net (fo=1, routed)           0.030    40.707    candidate_lanes[0].lane_pe/codec/distortion15__0__0_i_1956_n_0
    SLICE_X59Y78         CARRY8 (Prop_CARRY8_SLICEL_CI_CO[0])
                                                      0.074    40.781 r  candidate_lanes[0].lane_pe/codec/distortion15__0__0_i_1565/CO[0]
                         net (fo=140, routed)         0.808    41.589    candidate_lanes[0].lane_pe/codec/distortion15__0__0_i_1565_n_7
    SLICE_X59Y120        LUT5 (Prop_B6LUT_SLICEL_I3_O)
                                                      0.083    41.672 r  candidate_lanes[0].lane_pe/codec/distortion15__0__0_i_1241/O
                         net (fo=20, routed)          0.446    42.118    candidate_lanes[0].lane_pe/codec/codec_dequantized__0[114]
    SLICE_X57Y123        LUT2 (Prop_C6LUT_SLICEL_I1_O)
                                                      0.136    42.254 r  candidate_lanes[0].lane_pe/codec/distortion2_i_1931/O
                         net (fo=1, routed)           0.015    42.269    candidate_lanes[0].lane_pe/codec/distortion2_i_1931_n_0
    SLICE_X57Y123        CARRY8 (Prop_CARRY8_SLICEL_S[2]_CO[7])
                                                      0.219    42.488 r  candidate_lanes[0].lane_pe/codec/distortion2_i_1655/CO[7]
                         net (fo=1, routed)           0.030    42.518    candidate_lanes[0].lane_pe/codec/distortion2_i_1655_n_0
    SLICE_X57Y124        CARRY8 (Prop_CARRY8_SLICEL_CI_O[1])
                                                      0.106    42.624 r  candidate_lanes[0].lane_pe/codec/distortion2_i_1657/O[1]
                         net (fo=3, routed)           0.306    42.931    candidate_lanes[0].lane_pe/codec/distortion2_i_1657_n_14
    SLICE_X60Y125        LUT3 (Prop_B6LUT_SLICEL_I1_O)
                                                      0.188    43.119 r  candidate_lanes[0].lane_pe/codec/distortion2_i_1307/O
                         net (fo=1, routed)           0.373    43.492    candidate_lanes[0].lane_pe/codec/distortion2_i_1307_n_0
    SLICE_X59Y125        CARRY8 (Prop_CARRY8_SLICEL_DI[1]_O[3])
                                                      0.147    43.639 r  candidate_lanes[0].lane_pe/codec/distortion2_i_905/O[3]
                         net (fo=3, routed)           0.479    44.117    candidate_lanes[0].lane_pe/codec/(null)[0].value4__0__2[16]
    SLICE_X53Y129        LUT3 (Prop_E5LUT_SLICEM_I1_O)
                                                      0.225    44.342 r  candidate_lanes[0].lane_pe/codec/distortion2_i_912/O
                         net (fo=2, routed)           0.228    44.570    candidate_lanes[0].lane_pe/codec/distortion2_i_912_n_0
    SLICE_X56Y129        LUT5 (Prop_F6LUT_SLICEL_I1_O)
                                                      0.056    44.626 r  candidate_lanes[0].lane_pe/codec/distortion1_i_907/O
                         net (fo=2, routed)           0.329    44.955    candidate_lanes[0].lane_pe/codec/distortion1_i_907_n_0
    SLICE_X55Y129        LUT6 (Prop_A6LUT_SLICEL_I0_O)
                                                      0.137    45.092 r  candidate_lanes[0].lane_pe/codec/distortion1_i_915/O
                         net (fo=1, routed)           0.014    45.106    candidate_lanes[0].lane_pe/codec/distortion1_i_915_n_0
    SLICE_X55Y129        CARRY8 (Prop_CARRY8_SLICEL_S[0]_O[5])
                                                      0.331    45.437 r  candidate_lanes[0].lane_pe/codec/distortion1_i_664/O[5]
                         net (fo=1, routed)           0.425    45.862    candidate_lanes[0].lane_pe/codec/distortion1_i_664_n_10
    SLICE_X55Y133        CARRY8 (Prop_CARRY8_SLICEL_S[1]_CO[7])
                                                      0.261    46.123 r  candidate_lanes[0].lane_pe/codec/distortion1_i_544/CO[7]
                         net (fo=1, routed)           0.030    46.153    candidate_lanes[0].lane_pe/codec/distortion1_i_544_n_0
    SLICE_X55Y134        CARRY8 (Prop_CARRY8_SLICEL_CI_O[1])
                                                      0.106    46.259 r  candidate_lanes[0].lane_pe/codec/distortion1_i_543/O[1]
                         net (fo=25, routed)          0.865    47.124    candidate_lanes[0].lane_pe/codec/distortion1_i_543_n_14
    SLICE_X46Y142        LUT2 (Prop_E6LUT_SLICEL_I1_O)
                                                      0.083    47.207 r  candidate_lanes[0].lane_pe/codec/distortion2_i_1162/O
                         net (fo=1, routed)           0.011    47.218    candidate_lanes[0].lane_pe/codec/distortion2_i_1162_n_0
    SLICE_X46Y142        CARRY8 (Prop_CARRY8_SLICEL_S[4]_CO[7])
                                                      0.232    47.450 f  candidate_lanes[0].lane_pe/codec/distortion2_i_877/CO[7]
                         net (fo=1, routed)           0.030    47.480    candidate_lanes[0].lane_pe/codec/distortion2_i_877_n_0
    SLICE_X46Y143        CARRY8 (Prop_CARRY8_SLICEL_CI_CO[7])
                                                      0.065    47.545 f  candidate_lanes[0].lane_pe/codec/distortion2_i_704/CO[7]
                         net (fo=1, routed)           0.030    47.575    candidate_lanes[0].lane_pe/codec/distortion2_i_704_n_0
    SLICE_X46Y144        CARRY8 (Prop_CARRY8_SLICEL_CI_CO[7])
                                                      0.065    47.640 f  candidate_lanes[0].lane_pe/codec/distortion2_i_525/CO[7]
                         net (fo=1, routed)           0.030    47.670    candidate_lanes[0].lane_pe/codec/distortion2_i_525_n_0
    SLICE_X46Y145        CARRY8 (Prop_CARRY8_SLICEL_CI_CO[0])
                                                      0.074    47.744 f  candidate_lanes[0].lane_pe/codec/distortion2_i_417/CO[0]
                         net (fo=388, routed)         0.725    48.469    candidate_lanes[0].lane_pe/codec/distortion2_i_417_n_7
    SLICE_X48Y155        LUT3 (Prop_C5LUT_SLICEL_I1_O)
                                                      0.152    48.621 r  candidate_lanes[0].lane_pe/codec/distortion3_i_745/O
                         net (fo=1, routed)           0.000    48.621    candidate_lanes[0].lane_pe/codec/distortion3_i_745_n_0
    SLICE_X48Y155        CARRY8 (Prop_CARRY8_SLICEL_DI[2]_O[4])
                                                      0.245    48.866 r  candidate_lanes[0].lane_pe/codec/distortion3_i_572/O[4]
                         net (fo=3, routed)           0.609    49.475    candidate_lanes[0].lane_pe/codec/distortion3_i_572_n_11
    SLICE_X49Y154        LUT5 (Prop_E6LUT_SLICEL_I4_O)
                                                      0.138    49.613 r  candidate_lanes[0].lane_pe/codec/distortion3_i_511/O
                         net (fo=1, routed)           0.303    49.916    candidate_lanes[0].lane_pe/codec/distortion3_i_511_n_0
    SLICE_X49Y155        CARRY8 (Prop_CARRY8_SLICEL_DI[5]_CO[7])
                                                      0.108    50.024 r  candidate_lanes[0].lane_pe/codec/distortion3_i_358/CO[7]
                         net (fo=1, routed)           0.030    50.054    candidate_lanes[0].lane_pe/codec/distortion3_i_358_n_0
    SLICE_X49Y156        CARRY8 (Prop_CARRY8_SLICEL_CI_O[0])
                                                      0.078    50.132 r  candidate_lanes[0].lane_pe/codec/distortion3_i_331/O[0]
                         net (fo=3, routed)           0.847    50.979    candidate_lanes[0].lane_pe/codec/distortion3_i_331_n_15
    SLICE_X46Y163        LUT3 (Prop_C6LUT_SLICEL_I0_O)
                                                      0.187    51.166 r  candidate_lanes[0].lane_pe/codec/distortion3_i_359/O
                         net (fo=2, routed)           0.168    51.334    candidate_lanes[0].lane_pe/codec/distortion3_i_359_n_0
    SLICE_X46Y163        LUT5 (Prop_E5LUT_SLICEL_I4_O)
                                                      0.222    51.556 r  candidate_lanes[0].lane_pe/codec/distortion3_i_270/O
                         net (fo=2, routed)           0.359    51.915    candidate_lanes[0].lane_pe/codec/distortion3_i_270_n_0
    SLICE_X46Y147        LUT6 (Prop_F6LUT_SLICEL_I0_O)
                                                      0.081    51.996 r  candidate_lanes[0].lane_pe/codec/distortion3_i_278/O
                         net (fo=1, routed)           0.015    52.011    candidate_lanes[0].lane_pe/codec/distortion3_i_278_n_0
    SLICE_X46Y147        CARRY8 (Prop_CARRY8_SLICEL_S[5]_CO[7])
                                                      0.232    52.243 r  candidate_lanes[0].lane_pe/codec/distortion3_i_205/CO[7]
                         net (fo=1, routed)           0.030    52.273    candidate_lanes[0].lane_pe/codec/distortion3_i_205_n_0
    SLICE_X46Y148        CARRY8 (Prop_CARRY8_SLICEL_CI_O[4])
                                                      0.119    52.392 r  candidate_lanes[0].lane_pe/codec/distortion3_i_188/O[4]
                         net (fo=1, routed)           0.490    52.882    candidate_lanes[0].lane_pe/codec/distortion3_i_188_n_11
    SLICE_X45Y147        CARRY8 (Prop_CARRY8_SLICEM_S[2]_CO[7])
                                                      0.229    53.111 r  candidate_lanes[0].lane_pe/codec/distortion3_i_151/CO[7]
                         net (fo=1, routed)           0.030    53.141    candidate_lanes[0].lane_pe/codec/distortion3_i_151_n_0
    SLICE_X45Y148        CARRY8 (Prop_CARRY8_SLICEM_CI_O[1])
                                                      0.106    53.247 r  candidate_lanes[0].lane_pe/codec/distortion3_i_129/O[1]
                         net (fo=5, routed)           0.851    54.098    candidate_lanes[0].lane_pe/codec/distortion3_i_129_n_14
    SLICE_X39Y125        LUT2 (Prop_A6LUT_SLICEL_I0_O)
                                                      0.152    54.250 r  candidate_lanes[0].lane_pe/codec/distortion3_i_444/O
                         net (fo=1, routed)           0.014    54.264    candidate_lanes[0].lane_pe/codec/distortion3_i_444_n_0
    SLICE_X39Y125        CARRY8 (Prop_CARRY8_SLICEL_S[0]_CO[7])
                                                      0.278    54.542 r  candidate_lanes[0].lane_pe/codec/distortion3_i_309/CO[7]
                         net (fo=1, routed)           0.030    54.572    candidate_lanes[0].lane_pe/codec/distortion3_i_309_n_0
    SLICE_X39Y126        CARRY8 (Prop_CARRY8_SLICEL_CI_CO[7])
                                                      0.065    54.637 r  candidate_lanes[0].lane_pe/codec/distortion3_i_231/CO[7]
                         net (fo=1, routed)           0.030    54.667    candidate_lanes[0].lane_pe/codec/distortion3_i_231_n_0
    SLICE_X39Y127        CARRY8 (Prop_CARRY8_SLICEL_CI_CO[7])
                                                      0.065    54.732 r  candidate_lanes[0].lane_pe/codec/distortion3_i_179/CO[7]
                         net (fo=1, routed)           0.030    54.762    candidate_lanes[0].lane_pe/codec/distortion3_i_179_n_0
    SLICE_X39Y128        CARRY8 (Prop_CARRY8_SLICEL_CI_CO[0])
                                                      0.074    54.836 r  candidate_lanes[0].lane_pe/codec/distortion3_i_131/CO[0]
                         net (fo=32, routed)          0.347    55.183    candidate_lanes[0].lane_pe/codec/clip161__0
    SLICE_X42Y123        LUT4 (Prop_A6LUT_SLICEL_I3_O)
                                                      0.225    55.408 r  candidate_lanes[0].lane_pe/codec/distortion3_i_108/O
                         net (fo=1, routed)           0.014    55.422    candidate_lanes[0].lane_pe/codec/distortion3_i_108_n_0
    SLICE_X42Y123        CARRY8 (Prop_CARRY8_SLICEL_S[0]_CO[7])
                                                      0.278    55.700 r  candidate_lanes[0].lane_pe/codec/distortion3_i_40/CO[7]
                         net (fo=1, routed)           0.030    55.730    candidate_lanes[0].lane_pe/codec/distortion3_i_40_n_0
    SLICE_X42Y124        CARRY8 (Prop_CARRY8_SLICEL_CI_CO[7])
                                                      0.065    55.795 r  candidate_lanes[0].lane_pe/codec/distortion3_i_39/CO[7]
                         net (fo=1, routed)           0.030    55.825    candidate_lanes[0].lane_pe/codec/distortion3_i_39_n_0
    SLICE_X42Y125        CARRY8 (Prop_CARRY8_SLICEL_CI_CO[7])
                                                      0.065    55.890 r  candidate_lanes[0].lane_pe/codec/distortion3_i_38/CO[7]
                         net (fo=1, routed)           0.030    55.920    candidate_lanes[0].lane_pe/codec/distortion3_i_38_n_0
    SLICE_X42Y126        CARRY8 (Prop_CARRY8_SLICEL_CI_O[3])
                                                      0.114    56.034 f  candidate_lanes[0].lane_pe/codec/distortion3_i_37/O[3]
                         net (fo=3, routed)           0.220    56.253    candidate_lanes[0].lane_pe/codec/(null)[0].value__3[27]
    SLICE_X41Y125        LUT2 (Prop_B6LUT_SLICEM_I0_O)
                                                      0.225    56.478 r  candidate_lanes[0].lane_pe/codec/distortion3_i_48/O
                         net (fo=1, routed)           0.022    56.500    candidate_lanes[0].lane_pe/codec/distortion3_i_48_n_0
    SLICE_X41Y125        CARRY8 (Prop_CARRY8_SLICEM_S[1]_CO[3])
                                                      0.257    56.757 r  candidate_lanes[0].lane_pe/codec/distortion3_i_36/CO[3]
                         net (fo=31, routed)          0.338    57.096    candidate_lanes[0].lane_pe/codec/clip81__2
    SLICE_X40Y123        LUT4 (Prop_A6LUT_SLICEM_I1_O)
                                                      0.083    57.179 r  candidate_lanes[0].lane_pe/codec/distortion3_i_35/O
                         net (fo=1, routed)           0.017    57.196    candidate_lanes[0].lane_pe/codec/distortion3_i_35_n_0
    SLICE_X40Y123        CARRY8 (Prop_CARRY8_SLICEM_S[0]_CO[7])
                                                      0.281    57.477 r  candidate_lanes[0].lane_pe/codec/distortion3_i_4/CO[7]
                         net (fo=1, routed)           0.030    57.507    candidate_lanes[0].lane_pe/codec/distortion3_i_4_n_0
    SLICE_X40Y124        CARRY8 (Prop_CARRY8_SLICEM_CI_O[3])
                                                      0.114    57.621 f  candidate_lanes[0].lane_pe/codec/distortion3_i_3/O[3]
                         net (fo=4, routed)           0.614    58.235    candidate_lanes[0].lane_pe/codec/distortion3__0/A[11]
    DSP48E2_X11Y51       DSP_A_B_DATA (Prop_DSP_A_B_DATA_DSP48E2_A[11]_A2_DATA[11])
                                                      0.258    58.493 r  candidate_lanes[0].lane_pe/codec/distortion3__0/DSP_A_B_DATA_INST/A2_DATA[11]
                         net (fo=1, routed)           0.000    58.493    candidate_lanes[0].lane_pe/codec/distortion3__0/DSP_A_B_DATA.A2_DATA<11>
    DSP48E2_X11Y51       DSP_PREADD_DATA (Prop_DSP_PREADD_DATA_DSP48E2_A2_DATA[11]_A2A1[11])
                                                      0.114    58.607 r  candidate_lanes[0].lane_pe/codec/distortion3__0/DSP_PREADD_DATA_INST/A2A1[11]
                         net (fo=1, routed)           0.000    58.607    candidate_lanes[0].lane_pe/codec/distortion3__0/DSP_PREADD_DATA.A2A1<11>
    DSP48E2_X11Y51       DSP_MULTIPLIER (Prop_DSP_MULTIPLIER_DSP48E2_A2A1[11]_U[32])
                                                      0.700    59.307 f  candidate_lanes[0].lane_pe/codec/distortion3__0/DSP_MULTIPLIER_INST/U[32]
                         net (fo=1, routed)           0.000    59.307    candidate_lanes[0].lane_pe/codec/distortion3__0/DSP_MULTIPLIER.U<32>
    DSP48E2_X11Y51       DSP_M_DATA (Prop_DSP_M_DATA_DSP48E2_U[32]_U_DATA[32])
                                                      0.067    59.374 r  candidate_lanes[0].lane_pe/codec/distortion3__0/DSP_M_DATA_INST/U_DATA[32]
                         net (fo=1, routed)           0.000    59.374    candidate_lanes[0].lane_pe/codec/distortion3__0/DSP_M_DATA.U_DATA<32>
    DSP48E2_X11Y51       DSP_ALU (Prop_DSP_ALU_DSP48E2_U_DATA[32]_ALU_OUT[47])
                                                      0.727    60.101 f  candidate_lanes[0].lane_pe/codec/distortion3__0/DSP_ALU_INST/ALU_OUT[47]
                         net (fo=1, routed)           0.000    60.101    candidate_lanes[0].lane_pe/codec/distortion3__0/DSP_ALU.ALU_OUT<47>
    DSP48E2_X11Y51       DSP_OUTPUT (Prop_DSP_OUTPUT_DSP48E2_ALU_OUT[47]_PCOUT[47])
                                                      0.167    60.268 r  candidate_lanes[0].lane_pe/codec/distortion3__0/DSP_OUTPUT_INST/PCOUT[47]
                         net (fo=1, routed)           0.038    60.306    candidate_lanes[0].lane_pe/codec/distortion3__1/PCIN[47]
    DSP48E2_X11Y52       DSP_ALU (Prop_DSP_ALU_DSP48E2_PCIN[47]_ALU_OUT[0])
                                                      0.739    61.045 f  candidate_lanes[0].lane_pe/codec/distortion3__1/DSP_ALU_INST/ALU_OUT[0]
                         net (fo=1, routed)           0.000    61.045    candidate_lanes[0].lane_pe/codec/distortion3__1/DSP_ALU.ALU_OUT<0>
    DSP48E2_X11Y52       DSP_OUTPUT (Prop_DSP_OUTPUT_DSP48E2_ALU_OUT[0]_P[0])
                                                      0.146    61.191 r  candidate_lanes[0].lane_pe/codec/distortion3__1/DSP_OUTPUT_INST/P[0]
                         net (fo=2, routed)           0.177    61.368    candidate_lanes[0].lane_pe/codec/distortion3__1_n_105
    SLICE_X40Y130        LUT2 (Prop_B6LUT_SLICEM_I0_O)
                                                      0.057    61.425 r  candidate_lanes[0].lane_pe/codec/out_distortion[28]_i_485/O
                         net (fo=1, routed)           0.022    61.447    candidate_lanes[0].lane_pe/codec/out_distortion[28]_i_485_n_0
    SLICE_X40Y130        CARRY8 (Prop_CARRY8_SLICEM_S[1]_O[2])
                                                      0.179    61.626 r  candidate_lanes[0].lane_pe/codec/out_distortion_reg[28]_i_434/O[2]
                         net (fo=3, routed)           0.318    61.944    candidate_lanes[0].lane_pe/codec/out_distortion_reg[28]_i_434_n_13
    SLICE_X37Y128        LUT3 (Prop_A6LUT_SLICEM_I2_O)
                                                      0.138    62.082 r  candidate_lanes[0].lane_pe/codec/out_distortion[28]_i_362/O
                         net (fo=1, routed)           0.638    62.720    candidate_lanes[0].lane_pe/codec/out_distortion[28]_i_362_n_0
    SLICE_X34Y127        CARRY8 (Prop_CARRY8_SLICEM_DI[3]_O[5])
                                                      0.268    62.988 r  candidate_lanes[0].lane_pe/codec/out_distortion_reg[28]_i_180/O[5]
                         net (fo=3, routed)           0.332    63.320    candidate_lanes[0].lane_pe/codec/out_distortion_reg[28]_i_180_n_10
    SLICE_X29Y128        LUT3 (Prop_D6LUT_SLICEM_I0_O)
                                                      0.056    63.376 r  candidate_lanes[0].lane_pe/codec/out_distortion[28]_i_128/O
                         net (fo=1, routed)           0.492    63.868    candidate_lanes[0].lane_pe/codec/out_distortion[28]_i_128_n_0
    SLICE_X31Y128        CARRY8 (Prop_CARRY8_SLICEM_DI[6]_O[7])
                                                      0.133    64.001 r  candidate_lanes[0].lane_pe/codec/out_distortion_reg[28]_i_29/O[7]
                         net (fo=3, routed)           0.315    64.316    candidate_lanes[0].lane_pe/codec/out_distortion_reg[28]_i_29_n_8
    SLICE_X34Y132        LUT3 (Prop_E6LUT_SLICEM_I1_O)
                                                      0.057    64.373 r  candidate_lanes[0].lane_pe/codec/out_distortion[28]_i_31/O
                         net (fo=2, routed)           0.450    64.823    candidate_lanes[0].lane_pe/codec/out_distortion[28]_i_31_n_0
    SLICE_X33Y132        LUT6 (Prop_H6LUT_SLICEL_I1_O)
                                                      0.188    65.011 r  candidate_lanes[0].lane_pe/codec/out_distortion[23]_i_10/O
                         net (fo=1, routed)           0.015    65.026    candidate_lanes[0].lane_pe/codec/out_distortion[23]_i_10_n_0
    SLICE_X33Y132        CARRY8 (Prop_CARRY8_SLICEL_S[7]_CO[7])
                                                      0.172    65.198 r  candidate_lanes[0].lane_pe/codec/out_distortion_reg[23]_i_1/CO[7]
                         net (fo=1, routed)           0.030    65.228    candidate_lanes[0].lane_pe/codec/out_distortion_reg[23]_i_1_n_0
    SLICE_X33Y133        CARRY8 (Prop_CARRY8_SLICEL_CI_O[4])
                                                      0.119    65.347 r  candidate_lanes[0].lane_pe/codec/out_distortion_reg[28]_i_1/O[4]
                         net (fo=1, routed)           0.032    65.379    candidate_lanes[0].lane_pe/codec_distortion[28]
    SLICE_X33Y133        FDRE                                         r  candidate_lanes[0].lane_pe/out_distortion_reg[28]/D
  -------------------------------------------------------------------    -------------------

                         (clock chia_rdo_clk rise edge)
                                                      5.000     5.000 r  
                                                      0.000     5.000 r  clk (IN)
                         net (fo=1725, unset)         0.029     5.029    candidate_lanes[0].lane_pe/clk
    SLICE_X33Y133        FDRE                                         r  candidate_lanes[0].lane_pe/out_distortion_reg[28]/C
                         clock pessimism              0.000     5.029    
                         clock uncertainty           -0.035     4.994    
    SLICE_X33Y133        FDRE (Setup_EFF_SLICEL_C_D)
                                                      0.044     5.038    candidate_lanes[0].lane_pe/out_distortion_reg[28]
  -------------------------------------------------------------------
                         required time                          5.038    
                         arrival time                         -65.379    
  -------------------------------------------------------------------
                         slack                                -60.341    

Slack (VIOLATED) :        -60.338ns  (required time - arrival time)
  Source:                 count_reg_reg[2]/C
                            (rising edge-triggered cell FDRE clocked by chia_rdo_clk  {rise@0.000ns fall@2.500ns period=5.000ns})
  Destination:            candidate_lanes[0].lane_pe/out_distortion_reg[27]/D
                            (rising edge-triggered cell FDRE clocked by chia_rdo_clk  {rise@0.000ns fall@2.500ns period=5.000ns})
  Path Group:             chia_rdo_clk
  Path Type:              Setup (Max at Slow Process Corner)
  Requirement:            5.000ns  (chia_rdo_clk rise@5.000ns - chia_rdo_clk rise@0.000ns)
  Data Path Delay:        65.334ns  (logic 34.014ns (52.062%)  route 31.320ns (47.938%))
  Logic Levels:           170  (CARRY8=69 DSP_A_B_DATA=5 DSP_ALU=10 DSP_M_DATA=4 DSP_MULTIPLIER=4 DSP_OUTPUT=10 DSP_PREADD_DATA=4 LUT1=1 LUT2=12 LUT3=12 LUT4=4 LUT5=12 LUT6=20 MUXF7=2 MUXF8=1)
  Clock Path Skew:        -0.013ns (DCD - SCD + CPR)
    Destination Clock Delay (DCD):    0.029ns = ( 5.029 - 5.000 ) 
    Source Clock Delay      (SCD):    0.042ns
    Clock Pessimism Removal (CPR):    0.000ns
  Clock Uncertainty:      0.035ns  ((TSJ^2 + TIJ^2)^1/2 + DJ) / 2 + PE
    Total System Jitter     (TSJ):    0.071ns
    Total Input Jitter      (TIJ):    0.000ns
    Discrete Jitter          (DJ):    0.000ns
    Phase Error              (PE):    0.000ns

    Location             Delay type                Incr(ns)  Path(ns)    Netlist Resource(s)
  -------------------------------------------------------------------    -------------------
                         (clock chia_rdo_clk rise edge)
                                                      0.000     0.000 r  
                                                      0.000     0.000 r  clk (IN)
                         net (fo=1725, unset)         0.042     0.042    clk
    SLICE_X56Y144        FDRE                                         r  count_reg_reg[2]/C
  -------------------------------------------------------------------    -------------------
    SLICE_X56Y144        FDRE (Prop_FFF_SLICEL_C_Q)
                                                      0.113     0.155 r  count_reg_reg[2]/Q
                         net (fo=5, routed)           0.223     0.378    candidate_lanes[0].lane_pe/codec/batches_model[2]
    SLICE_X57Y144        LUT4 (Prop_B6LUT_SLICEL_I2_O)
                                                      0.152     0.530 r  candidate_lanes[0].lane_pe/codec/lane_rank[0][5]_i_17/O
                         net (fo=1, routed)           0.013     0.543    candidate_lanes[0].lane_pe/codec/lane_rank[0][5]_i_17_n_0
    SLICE_X57Y144        CARRY8 (Prop_CARRY8_SLICEL_S[1]_CO[3])
                                                      0.250     0.793 f  candidate_lanes[0].lane_pe/codec/lane_rank_reg[0][5]_i_4/CO[3]
                         net (fo=124, routed)         0.340     1.134    candidate_lanes[0].lane_pe/codec/CO[0]
    SLICE_X57Y140        LUT6 (Prop_A6LUT_SLICEL_I1_O)
                                                      0.137     1.271 r  candidate_lanes[0].lane_pe/codec/multi_stage.rate_stage00_i_275/O
                         net (fo=136, routed)         0.277     1.548    candidate_lanes[0].lane_pe/codec/launched_count_reg[2]
    SLICE_X57Y143        LUT6 (Prop_H6LUT_SLICEL_I4_O)
                                                      0.227     1.775 f  candidate_lanes[0].lane_pe/codec/mode_reg[4]_i_64/O
                         net (fo=1, routed)           0.196     1.971    candidate_lanes[0].lane_pe/codec/mode_reg[4]_i_64_n_0
    SLICE_X57Y142        LUT6 (Prop_C6LUT_SLICEL_I3_O)
                                                      0.221     2.192 f  candidate_lanes[0].lane_pe/codec/mode_reg[4]_i_19/O
                         net (fo=1, routed)           0.015     2.207    candidate_lanes[0].lane_pe/codec/mode_reg[4]_i_19_n_0
    SLICE_X57Y142        MUXF7 (Prop_F7MUX_CD_SLICEL_I1_O)
                                                      0.088     2.295 f  candidate_lanes[0].lane_pe/codec/mode_reg_reg[4]_i_6/O
                         net (fo=1, routed)           0.000     2.295    candidate_lanes[0].lane_pe/codec/mode_reg_reg[4]_i_6_n_0
    SLICE_X57Y142        MUXF8 (Prop_F8MUX_BOT_SLICEL_I0_O)
                                                      0.031     2.326 f  candidate_lanes[0].lane_pe/codec/mode_reg_reg[4]_i_2/O
                         net (fo=3, routed)           0.618     2.944    candidate_lanes[0].lane_pe/codec/mode_reg_reg[4]_i_2_n_0
    SLICE_X54Y121        LUT6 (Prop_A6LUT_SLICEM_I0_O)
                                                      0.189     3.133 f  candidate_lanes[0].lane_pe/codec/mode_reg[4]_i_1/O
                         net (fo=24, routed)          0.395     3.528    candidate_lanes[0].lane_pe/codec/D[4]
    SLICE_X51Y121        LUT5 (Prop_B6LUT_SLICEL_I4_O)
                                                      0.058     3.586 r  candidate_lanes[0].lane_pe/codec/angular_temporary3__21_i_30/O
                         net (fo=157, routed)         0.204     3.790    candidate_lanes[0].lane_pe/codec/angular_temporary3__3_i_46_n_0
    SLICE_X50Y121        LUT6 (Prop_A6LUT_SLICEL_I0_O)
                                                      0.225     4.015 r  candidate_lanes[0].lane_pe/codec/angular_temporary3__3_i_52/O
                         net (fo=1, routed)           0.014     4.029    candidate_lanes[0].lane_pe/codec/angular_temporary3__3_i_52_n_0
    SLICE_X50Y121        CARRY8 (Prop_CARRY8_SLICEL_S[0]_O[0])
                                                      0.077     4.106 r  candidate_lanes[0].lane_pe/codec/angular_temporary3__3_i_14/O[0]
                         net (fo=246, routed)         0.531     4.637    candidate_lanes[0].lane_pe/codec/angular_temporary8[0]
    SLICE_X50Y115        LUT5 (Prop_A6LUT_SLICEL_I2_O)
                                                      0.225     4.862 r  candidate_lanes[0].lane_pe/codec/angular_temporary1__29_i_90/O
                         net (fo=1, routed)           0.014     4.876    candidate_lanes[0].lane_pe/codec/angular_temporary1__29_i_90_n_0
    SLICE_X50Y115        CARRY8 (Prop_CARRY8_SLICEL_S[0]_CO[7])
                                                      0.278     5.154 r  candidate_lanes[0].lane_pe/codec/angular_temporary1__29_i_51/CO[7]
                         net (fo=1, routed)           0.030     5.184    candidate_lanes[0].lane_pe/codec/angular_temporary1__29_i_51_n_0
    SLICE_X50Y116        CARRY8 (Prop_CARRY8_SLICEL_CI_CO[7])
                                                      0.073     5.257 r  candidate_lanes[0].lane_pe/codec/angular_temporary1__29_i_32/CO[7]
                         net (fo=50, routed)          0.241     5.498    candidate_lanes[0].lane_pe/codec/angular_temporary1__29_i_32_n_0
    SLICE_X50Y114        LUT6 (Prop_D6LUT_SLICEL_I5_O)
                                                      0.221     5.719 r  candidate_lanes[0].lane_pe/codec/angular_temporary1__9_i_107/O
                         net (fo=1, routed)           0.293     6.012    candidate_lanes[0].lane_pe/codec/angular_temporary1__9_i_107_n_0
    SLICE_X49Y110        CARRY8 (Prop_CARRY8_SLICEL_DI[2]_CO[7])
                                                      0.158     6.170 r  candidate_lanes[0].lane_pe/codec/angular_temporary1__9_i_56/CO[7]
                         net (fo=1, routed)           0.030     6.200    candidate_lanes[0].lane_pe/codec/angular_temporary1__9_i_56_n_0
    SLICE_X49Y111        CARRY8 (Prop_CARRY8_SLICEL_CI_O[0])
                                                      0.078     6.278 r  candidate_lanes[0].lane_pe/codec/angular_temporary1__9_i_28/O[0]
                         net (fo=22, routed)          0.222     6.501    candidate_lanes[0].lane_pe/codec/angular_temporary1__9_i_28_n_15
    SLICE_X50Y112        LUT3 (Prop_A6LUT_SLICEL_I0_O)
                                                      0.188     6.689 r  candidate_lanes[0].lane_pe/codec/angular_temporary3__1_i_91/O
                         net (fo=2, routed)           0.163     6.852    candidate_lanes[0].lane_pe/codec/inverse_angle_sum[8]
    SLICE_X50Y111        LUT6 (Prop_A6LUT_SLICEL_I0_O)
                                                      0.152     7.004 r  candidate_lanes[0].lane_pe/codec/angular_temporary3__1_i_96/O
                         net (fo=1, routed)           0.014     7.018    candidate_lanes[0].lane_pe/codec/angular_temporary3__1_i_96_n_0
    SLICE_X50Y111        CARRY8 (Prop_CARRY8_SLICEL_S[0]_O[4])
                                                      0.285     7.303 r  candidate_lanes[0].lane_pe/codec/angular_temporary3__1_i_39/O[4]
                         net (fo=4, routed)           0.350     7.653    candidate_lanes[0].lane_pe/codec/sel0[4]
    SLICE_X49Y109        LUT2 (Prop_F6LUT_SLICEL_I0_O)
                                                      0.081     7.734 r  candidate_lanes[0].lane_pe/codec/angular_temporary3__1_i_97/O
                         net (fo=7, routed)           0.595     8.329    candidate_lanes[0].lane_pe/codec/angular_temporary3__1_i_97_n_0
    SLICE_X47Y107        LUT6 (Prop_F6LUT_SLICEL_I0_O)
                                                      0.136     8.465 r  candidate_lanes[0].lane_pe/codec/angular_temporary3__1_i_125/O
                         net (fo=1, routed)           0.327     8.792    candidate_lanes[0].lane_pe/codec/angular_temporary3__1_i_125_n_0
    SLICE_X46Y100        LUT6 (Prop_E6LUT_SLICEL_I4_O)
                                                      0.057     8.849 f  candidate_lanes[0].lane_pe/codec/angular_temporary3__1_i_78/O
                         net (fo=1, routed)           0.067     8.916    candidate_lanes[0].lane_pe/codec/angular_temporary3__1_i_78_n_0
    SLICE_X46Y100        LUT6 (Prop_C6LUT_SLICEL_I5_O)
                                                      0.221     9.137 f  candidate_lanes[0].lane_pe/codec/angular_temporary3__1_i_32/O
                         net (fo=2, routed)           0.015     9.152    candidate_lanes[0].lane_pe/codec/angular_temporary3__1_i_32_n_0
    SLICE_X46Y100        MUXF7 (Prop_F7MUX_CD_SLICEL_I1_O)
                                                      0.096     9.248 f  candidate_lanes[0].lane_pe/codec/angular_temporary3__1_i_8/O
                         net (fo=1, routed)           0.570     9.818    candidate_lanes[0].lane_pe/codec/angular_temporary3__1/A[0]
    DSP48E2_X11Y42       DSP_A_B_DATA (Prop_DSP_A_B_DATA_DSP48E2_A[0]_A2_DATA[0])
                                                      0.258    10.076 r  candidate_lanes[0].lane_pe/codec/angular_temporary3__1/DSP_A_B_DATA_INST/A2_DATA[0]
                         net (fo=1, routed)           0.000    10.076    candidate_lanes[0].lane_pe/codec/angular_temporary3__1/DSP_A_B_DATA.A2_DATA<0>
    DSP48E2_X11Y42       DSP_PREADD_DATA (Prop_DSP_PREADD_DATA_DSP48E2_A2_DATA[0]_A2A1[0])
                                                      0.114    10.190 r  candidate_lanes[0].lane_pe/codec/angular_temporary3__1/DSP_PREADD_DATA_INST/A2A1[0]
                         net (fo=1, routed)           0.000    10.190    candidate_lanes[0].lane_pe/codec/angular_temporary3__1/DSP_PREADD_DATA.A2A1<0>
    DSP48E2_X11Y42       DSP_MULTIPLIER (Prop_DSP_MULTIPLIER_DSP48E2_A2A1[0]_U[21])
                                                      0.700    10.890 f  candidate_lanes[0].lane_pe/codec/angular_temporary3__1/DSP_MULTIPLIER_INST/U[21]
                         net (fo=1, routed)           0.000    10.890    candidate_lanes[0].lane_pe/codec/angular_temporary3__1/DSP_MULTIPLIER.U<21>
    DSP48E2_X11Y42       DSP_M_DATA (Prop_DSP_M_DATA_DSP48E2_U[21]_U_DATA[21])
                                                      0.067    10.957 r  candidate_lanes[0].lane_pe/codec/angular_temporary3__1/DSP_M_DATA_INST/U_DATA[21]
                         net (fo=1, routed)           0.000    10.957    candidate_lanes[0].lane_pe/codec/angular_temporary3__1/DSP_M_DATA.U_DATA<21>
    DSP48E2_X11Y42       DSP_ALU (Prop_DSP_ALU_DSP48E2_U_DATA[21]_ALU_OUT[47])
                                                      0.727    11.684 f  candidate_lanes[0].lane_pe/codec/angular_temporary3__1/DSP_ALU_INST/ALU_OUT[47]
                         net (fo=1, routed)           0.000    11.684    candidate_lanes[0].lane_pe/codec/angular_temporary3__1/DSP_ALU.ALU_OUT<47>
    DSP48E2_X11Y42       DSP_OUTPUT (Prop_DSP_OUTPUT_DSP48E2_ALU_OUT[47]_PCOUT[47])
                                                      0.167    11.851 r  candidate_lanes[0].lane_pe/codec/angular_temporary3__1/DSP_OUTPUT_INST/PCOUT[47]
                         net (fo=1, routed)           0.014    11.865    candidate_lanes[0].lane_pe/codec/angular_temporary3__2/PCIN[47]
    DSP48E2_X11Y43       DSP_ALU (Prop_DSP_ALU_DSP48E2_PCIN[47]_ALU_OUT[14])
                                                      0.739    12.604 r  candidate_lanes[0].lane_pe/codec/angular_temporary3__2/DSP_ALU_INST/ALU_OUT[14]
                         net (fo=1, routed)           0.000    12.604    candidate_lanes[0].lane_pe/codec/angular_temporary3__2/DSP_ALU.ALU_OUT<14>
    DSP48E2_X11Y43       DSP_OUTPUT (Prop_DSP_OUTPUT_DSP48E2_ALU_OUT[14]_P[14])
                                                      0.146    12.750 f  candidate_lanes[0].lane_pe/codec/angular_temporary3__2/DSP_OUTPUT_INST/P[14]
                         net (fo=17, routed)          0.636    13.386    candidate_lanes[0].lane_pe/codec/angular_temporary1__1/A[25]
    DSP48E2_X11Y36       DSP_A_B_DATA (Prop_DSP_A_B_DATA_DSP48E2_A[25]_A_ALU[25])
                                                      0.265    13.651 r  candidate_lanes[0].lane_pe/codec/angular_temporary1__1/DSP_A_B_DATA_INST/A_ALU[25]
                         net (fo=1, routed)           0.000    13.651    candidate_lanes[0].lane_pe/codec/angular_temporary1__1/DSP_A_B_DATA.A_ALU<25>
    DSP48E2_X11Y36       DSP_ALU (Prop_DSP_ALU_DSP48E2_A_ALU[25]_ALU_OUT[47])
                                                      0.726    14.377 f  candidate_lanes[0].lane_pe/codec/angular_temporary1__1/DSP_ALU_INST/ALU_OUT[47]
                         net (fo=1, routed)           0.000    14.377    candidate_lanes[0].lane_pe/codec/angular_temporary1__1/DSP_ALU.ALU_OUT<47>
    DSP48E2_X11Y36       DSP_OUTPUT (Prop_DSP_OUTPUT_DSP48E2_ALU_OUT[47]_PCOUT[47])
                                                      0.167    14.544 r  candidate_lanes[0].lane_pe/codec/angular_temporary1__1/DSP_OUTPUT_INST/PCOUT[47]
                         net (fo=1, routed)           0.014    14.558    candidate_lanes[0].lane_pe/codec/angular_temporary1__2/PCIN[47]
    DSP48E2_X11Y37       DSP_ALU (Prop_DSP_ALU_DSP48E2_PCIN[47]_ALU_OUT[8])
                                                      0.739    15.297 f  candidate_lanes[0].lane_pe/codec/angular_temporary1__2/DSP_ALU_INST/ALU_OUT[8]
                         net (fo=1, routed)           0.000    15.297    candidate_lanes[0].lane_pe/codec/angular_temporary1__2/DSP_ALU.ALU_OUT<8>
    DSP48E2_X11Y37       DSP_OUTPUT (Prop_DSP_OUTPUT_DSP48E2_ALU_OUT[8]_P[8])
                                                      0.146    15.443 r  candidate_lanes[0].lane_pe/codec/angular_temporary1__2/DSP_OUTPUT_INST/P[8]
                         net (fo=1, routed)           0.209    15.652    candidate_lanes[0].lane_pe/codec/angular_temporary1__2_n_97
    SLICE_X41Y91         LUT5 (Prop_E6LUT_SLICEM_I4_O)
                                                      0.187    15.839 r  candidate_lanes[0].lane_pe/codec/distortion13_i_231/O
                         net (fo=5, routed)           0.283    16.122    candidate_lanes[0].lane_pe/codec/distortion13_i_231_n_0
    SLICE_X42Y89         LUT6 (Prop_D6LUT_SLICEL_I0_O)
                                                      0.057    16.179 r  candidate_lanes[0].lane_pe/codec/distortion13_i_374/O
                         net (fo=1, routed)           0.013    16.192    candidate_lanes[0].lane_pe/codec/distortion13_i_374_n_0
    SLICE_X42Y89         CARRY8 (Prop_CARRY8_SLICEL_S[3]_CO[7])
                                                      0.220    16.412 r  candidate_lanes[0].lane_pe/codec/distortion13_i_226/CO[7]
                         net (fo=1, routed)           0.062    16.474    candidate_lanes[0].lane_pe/codec/distortion13_i_226_n_0
    SLICE_X42Y90         CARRY8 (Prop_CARRY8_SLICEL_CI_CO[7])
                                                      0.065    16.539 r  candidate_lanes[0].lane_pe/codec/distortion13_i_211/CO[7]
                         net (fo=1, routed)           0.030    16.569    candidate_lanes[0].lane_pe/codec/distortion13_i_211_n_0
    SLICE_X42Y91         CARRY8 (Prop_CARRY8_SLICEL_CI_CO[7])
                                                      0.065    16.634 r  candidate_lanes[0].lane_pe/codec/distortion13_i_210/CO[7]
                         net (fo=1, routed)           0.030    16.664    candidate_lanes[0].lane_pe/codec/distortion13_i_210_n_0
    SLICE_X42Y92         CARRY8 (Prop_CARRY8_SLICEL_CI_CO[3])
                                                      0.082    16.746 r  candidate_lanes[0].lane_pe/codec/distortion13_i_205/CO[3]
                         net (fo=35, routed)          0.372    17.118    candidate_lanes[0].lane_pe/codec/distortion13_i_205_n_4
    SLICE_X43Y89         LUT2 (Prop_B6LUT_SLICEM_I0_O)
                                                      0.225    17.343 r  candidate_lanes[0].lane_pe/codec/distortion13_i_247/O
                         net (fo=1, routed)           0.022    17.365    candidate_lanes[0].lane_pe/codec/distortion13_i_247_n_0
    SLICE_X43Y89         CARRY8 (Prop_CARRY8_SLICEM_S[1]_CO[3])
                                                      0.257    17.622 r  candidate_lanes[0].lane_pe/codec/distortion13_i_204/CO[3]
                         net (fo=30, routed)          0.315    17.936    candidate_lanes[0].lane_pe/codec/distortion13_i_204_n_4
    SLICE_X42Y87         LUT3 (Prop_C6LUT_SLICEL_I2_O)
                                                      0.187    18.123 r  candidate_lanes[0].lane_pe/codec/distortion13_i_235/O
                         net (fo=1, routed)           0.098    18.221    candidate_lanes[0].lane_pe/codec/distortion13_i_235_n_0
    SLICE_X41Y87         LUT5 (Prop_A6LUT_SLICEM_I0_O)
                                                      0.152    18.373 r  candidate_lanes[0].lane_pe/codec/distortion13_i_196/O
                         net (fo=2, routed)           0.104    18.478    candidate_lanes[0].lane_pe/codec/distortion13_i_196_n_0
    SLICE_X41Y88         LUT6 (Prop_C6LUT_SLICEM_I3_O)
                                                      0.056    18.534 r  candidate_lanes[0].lane_pe/codec/distortion4_i_103/O
                         net (fo=3, routed)           0.211    18.745    candidate_lanes[0].lane_pe/codec/distortion4_i_103_n_0
    SLICE_X37Y88         LUT2 (Prop_B6LUT_SLICEM_I1_O)
                                                      0.082    18.827 r  candidate_lanes[0].lane_pe/codec/(null)[0].value4__13_i_185/O
                         net (fo=1, routed)           0.022    18.849    candidate_lanes[0].lane_pe/codec/(null)[0].value4__13_i_185_n_0
    SLICE_X37Y88         CARRY8 (Prop_CARRY8_SLICEM_S[1]_O[5])
                                                      0.333    19.182 r  candidate_lanes[0].lane_pe/codec/(null)[0].value4__13_i_102/O[5]
                         net (fo=28, routed)          0.658    19.840    candidate_lanes[0].lane_pe/codec/codec_residual[113]
    SLICE_X37Y76         LUT2 (Prop_F6LUT_SLICEM_I1_O)
                                                      0.080    19.920 r  candidate_lanes[0].lane_pe/codec/(null)[0].value4__5_i_810/O
                         net (fo=1, routed)           0.029    19.949    candidate_lanes[0].lane_pe/codec/(null)[0].value4__5_i_810_n_0
    SLICE_X37Y76         CARRY8 (Prop_CARRY8_SLICEM_S[5]_CO[7])
                                                      0.238    20.187 r  candidate_lanes[0].lane_pe/codec/(null)[0].value4__5_i_525/CO[7]
                         net (fo=1, routed)           0.030    20.217    candidate_lanes[0].lane_pe/codec/(null)[0].value4__5_i_525_n_0
    SLICE_X37Y77         CARRY8 (Prop_CARRY8_SLICEM_CI_O[1])
                                                      0.106    20.323 r  candidate_lanes[0].lane_pe/codec/(null)[0].value4__5_i_760/O[1]
                         net (fo=2, routed)           0.224    20.547    candidate_lanes[0].lane_pe/codec/(null)[0].value4__5_i_760_n_14
    SLICE_X38Y76         LUT2 (Prop_F6LUT_SLICEM_I0_O)
                                                      0.149    20.696 r  candidate_lanes[0].lane_pe/codec/(null)[0].value4__5_i_763/O
                         net (fo=1, routed)           0.029    20.725    candidate_lanes[0].lane_pe/codec/(null)[0].value4__5_i_763_n_0
    SLICE_X38Y76         CARRY8 (Prop_CARRY8_SLICEM_S[5]_CO[7])
                                                      0.238    20.963 r  candidate_lanes[0].lane_pe/codec/(null)[0].value4__5_i_517/CO[7]
                         net (fo=1, routed)           0.030    20.993    candidate_lanes[0].lane_pe/codec/(null)[0].value4__5_i_517_n_0
    SLICE_X38Y77         CARRY8 (Prop_CARRY8_SLICEM_CI_O[0])
                                                      0.078    21.071 r  candidate_lanes[0].lane_pe/codec/(null)[0].value4__5_i_930/O[0]
                         net (fo=2, routed)           0.159    21.230    candidate_lanes[0].lane_pe/codec/transformed90_in[12]
    SLICE_X38Y75         LUT5 (Prop_G6LUT_SLICEM_I0_O)
                                                      0.057    21.287 r  candidate_lanes[0].lane_pe/codec/(null)[0].value4__5_i_584/O
                         net (fo=2, routed)           0.618    21.905    candidate_lanes[0].lane_pe/codec/(null)[0].value4__5_i_584_n_0
    SLICE_X45Y75         LUT6 (Prop_F6LUT_SLICEM_I0_O)
                                                      0.149    22.054 r  candidate_lanes[0].lane_pe/codec/(null)[0].value4__5_i_592/O
                         net (fo=1, routed)           0.029    22.083    candidate_lanes[0].lane_pe/codec/(null)[0].value4__5_i_592_n_0
    SLICE_X45Y75         CARRY8 (Prop_CARRY8_SLICEM_S[5]_O[6])
                                                      0.186    22.269 r  candidate_lanes[0].lane_pe/codec/(null)[0].value4__5_i_474/O[6]
                         net (fo=25, routed)          0.755    23.023    candidate_lanes[0].lane_pe/codec/(null)[0].value4__5_i_474_n_9
    SLICE_X47Y50         LUT2 (Prop_F6LUT_SLICEL_I1_O)
                                                      0.150    23.173 r  candidate_lanes[0].lane_pe/codec/(null)[0].value4__9_i_327/O
                         net (fo=1, routed)           0.015    23.188    candidate_lanes[0].lane_pe/codec/(null)[0].value4__9_i_327_n_0
    SLICE_X47Y50         CARRY8 (Prop_CARRY8_SLICEL_S[5]_O[6])
                                                      0.180    23.368 r  candidate_lanes[0].lane_pe/codec/(null)[0].value4__9_i_292/O[6]
                         net (fo=3, routed)           0.623    23.992    candidate_lanes[0].lane_pe/codec/(null)[0].value4__9_i_292_n_9
    SLICE_X45Y48         LUT6 (Prop_G6LUT_SLICEM_I0_O)
                                                      0.186    24.178 r  candidate_lanes[0].lane_pe/codec/(null)[0].value4__9_i_250/O
                         net (fo=1, routed)           0.021    24.199    candidate_lanes[0].lane_pe/codec/(null)[0].value4__9_i_250_n_0
    SLICE_X45Y48         CARRY8 (Prop_CARRY8_SLICEM_S[6]_CO[7])
                                                      0.175    24.374 r  candidate_lanes[0].lane_pe/codec/(null)[0].value4__9_i_116/CO[7]
                         net (fo=1, routed)           0.030    24.404    candidate_lanes[0].lane_pe/codec/(null)[0].value4__9_i_116_n_0
    SLICE_X45Y49         CARRY8 (Prop_CARRY8_SLICEM_CI_O[0])
                                                      0.078    24.482 r  candidate_lanes[0].lane_pe/codec/(null)[0].value4__9_i_104/O[0]
                         net (fo=4, routed)           0.686    25.168    candidate_lanes[0].lane_pe/codec/(null)[0].value4__9_i_104_n_15
    SLICE_X42Y68         LUT3 (Prop_G6LUT_SLICEL_I0_O)
                                                      0.226    25.394 r  candidate_lanes[0].lane_pe/codec/(null)[0].value4__9_i_123/O
                         net (fo=1, routed)           0.232    25.626    candidate_lanes[0].lane_pe/codec/(null)[0].value4__9_i_123_n_0
    SLICE_X42Y65         LUT5 (Prop_D6LUT_SLICEL_I1_O)
                                                      0.152    25.778 r  candidate_lanes[0].lane_pe/codec/(null)[0].value4__9_i_70/O
                         net (fo=1, routed)           0.013    25.791    candidate_lanes[0].lane_pe/codec/(null)[0].value4__9_i_70_n_0
    SLICE_X42Y65         CARRY8 (Prop_CARRY8_SLICEL_S[3]_O[4])
                                                      0.208    25.999 f  candidate_lanes[0].lane_pe/codec/(null)[0].value4__9_i_20/O[4]
                         net (fo=2, routed)           0.297    26.296    candidate_lanes[0].lane_pe/codec/codec_transformed__0[238]
    SLICE_X39Y63         LUT1 (Prop_F6LUT_SLICEL_I0_O)
                                                      0.136    26.432 r  candidate_lanes[0].lane_pe/codec/(null)[0].value4__9_i_41/O
                         net (fo=1, routed)           0.015    26.447    candidate_lanes[0].lane_pe/codec/(null)[0].value4__9_i_41_n_0
    SLICE_X39Y63         CARRY8 (Prop_CARRY8_SLICEL_S[5]_O[7])
                                                      0.194    26.641 f  candidate_lanes[0].lane_pe/codec/(null)[0].value4__9_i_18/O[7]
                         net (fo=1, routed)           0.199    26.840    candidate_lanes[0].lane_pe/codec/(null)[0].value4__9_i_18_n_8
    SLICE_X39Y66         LUT3 (Prop_B6LUT_SLICEL_I0_O)
                                                      0.152    26.992 f  candidate_lanes[0].lane_pe/codec/(null)[0].value4__9_i_1/O
                         net (fo=1, routed)           0.457    27.449    candidate_lanes[0].lane_pe/codec/(null)[0].value4__9/A[16]
    DSP48E2_X10Y18       DSP_A_B_DATA (Prop_DSP_A_B_DATA_DSP48E2_A[16]_A2_DATA[16])
                                                      0.258    27.707 r  candidate_lanes[0].lane_pe/codec/(null)[0].value4__9/DSP_A_B_DATA_INST/A2_DATA[16]
                         net (fo=1, routed)           0.000    27.707    candidate_lanes[0].lane_pe/codec/(null)[0].value4__9/DSP_A_B_DATA.A2_DATA<16>
    DSP48E2_X10Y18       DSP_PREADD_DATA (Prop_DSP_PREADD_DATA_DSP48E2_A2_DATA[16]_A2A1[16])
                                                      0.114    27.821 r  candidate_lanes[0].lane_pe/codec/(null)[0].value4__9/DSP_PREADD_DATA_INST/A2A1[16]
                         net (fo=1, routed)           0.000    27.821    candidate_lanes[0].lane_pe/codec/(null)[0].value4__9/DSP_PREADD_DATA.A2A1<16>
    DSP48E2_X10Y18       DSP_MULTIPLIER (Prop_DSP_MULTIPLIER_DSP48E2_A2A1[16]_U[36])
                                                      0.700    28.521 f  candidate_lanes[0].lane_pe/codec/(null)[0].value4__9/DSP_MULTIPLIER_INST/U[36]
                         net (fo=1, routed)           0.000    28.521    candidate_lanes[0].lane_pe/codec/(null)[0].value4__9/DSP_MULTIPLIER.U<36>
    DSP48E2_X10Y18       DSP_M_DATA (Prop_DSP_M_DATA_DSP48E2_U[36]_U_DATA[36])
                                                      0.067    28.588 r  candidate_lanes[0].lane_pe/codec/(null)[0].value4__9/DSP_M_DATA_INST/U_DATA[36]
                         net (fo=1, routed)           0.000    28.588    candidate_lanes[0].lane_pe/codec/(null)[0].value4__9/DSP_M_DATA.U_DATA<36>
    DSP48E2_X10Y18       DSP_ALU (Prop_DSP_ALU_DSP48E2_U_DATA[36]_ALU_OUT[47])
                                                      0.727    29.315 f  candidate_lanes[0].lane_pe/codec/(null)[0].value4__9/DSP_ALU_INST/ALU_OUT[47]
                         net (fo=1, routed)           0.000    29.315    candidate_lanes[0].lane_pe/codec/(null)[0].value4__9/DSP_ALU.ALU_OUT<47>
    DSP48E2_X10Y18       DSP_OUTPUT (Prop_DSP_OUTPUT_DSP48E2_ALU_OUT[47]_PCOUT[47])
                                                      0.167    29.482 r  candidate_lanes[0].lane_pe/codec/(null)[0].value4__9/DSP_OUTPUT_INST/PCOUT[47]
                         net (fo=1, routed)           0.014    29.496    candidate_lanes[0].lane_pe/codec/(null)[0].value4__10/PCIN[47]
    DSP48E2_X10Y19       DSP_ALU (Prop_DSP_ALU_DSP48E2_PCIN[47]_ALU_OUT[3])
                                                      0.739    30.235 f  candidate_lanes[0].lane_pe/codec/(null)[0].value4__10/DSP_ALU_INST/ALU_OUT[3]
                         net (fo=1, routed)           0.000    30.235    candidate_lanes[0].lane_pe/codec/(null)[0].value4__10/DSP_ALU.ALU_OUT<3>
    DSP48E2_X10Y19       DSP_OUTPUT (Prop_DSP_OUTPUT_DSP48E2_ALU_OUT[3]_P[3])
                                                      0.146    30.381 r  candidate_lanes[0].lane_pe/codec/(null)[0].value4__10/DSP_OUTPUT_INST/P[3]
                         net (fo=2, routed)           0.324    30.704    candidate_lanes[0].lane_pe/codec/(null)[0].value4__10_n_102
    SLICE_X37Y47         LUT6 (Prop_E6LUT_SLICEM_I5_O)
                                                      0.187    30.891 r  candidate_lanes[0].lane_pe/codec/clip164__7__0_i_135/O
                         net (fo=1, routed)           0.018    30.909    candidate_lanes[0].lane_pe/codec/clip164__7__0_i_135_n_0
    SLICE_X37Y47         CARRY8 (Prop_CARRY8_SLICEM_S[4]_CO[7])
                                                      0.236    31.145 r  candidate_lanes[0].lane_pe/codec/clip164__7__0_i_77/CO[7]
                         net (fo=1, routed)           0.030    31.175    candidate_lanes[0].lane_pe/codec/clip164__7__0_i_77_n_0
    SLICE_X37Y48         CARRY8 (Prop_CARRY8_SLICEM_CI_O[0])
                                                      0.078    31.253 f  candidate_lanes[0].lane_pe/codec/clip164__7__0_i_59/O[0]
                         net (fo=5, routed)           0.520    31.773    candidate_lanes[0].lane_pe/codec/clip164__7__0_i_59_n_15
    SLICE_X40Y63         LUT4 (Prop_B6LUT_SLICEM_I0_O)
                                                      0.152    31.925 r  candidate_lanes[0].lane_pe/codec/clip164__7__0_i_78/O
                         net (fo=2, routed)           0.122    32.047    candidate_lanes[0].lane_pe/codec/clip164__7__0_i_78_n_0
    SLICE_X40Y64         LUT5 (Prop_D6LUT_SLICEM_I4_O)
                                                      0.220    32.267 r  candidate_lanes[0].lane_pe/codec/clip164__7__0_i_69/O
                         net (fo=1, routed)           0.400    32.667    candidate_lanes[0].lane_pe/codec/clip164__7__0_i_69_n_0
    SLICE_X40Y65         CARRY8 (Prop_CARRY8_SLICEM_S[0]_CO[7])
                                                      0.281    32.948 r  candidate_lanes[0].lane_pe/codec/clip164__7__0_i_29/CO[7]
                         net (fo=1, routed)           0.030    32.978    candidate_lanes[0].lane_pe/codec/clip164__7__0_i_29_n_0
    SLICE_X40Y66         CARRY8 (Prop_CARRY8_SLICEM_CI_CO[7])
                                                      0.065    33.043 r  candidate_lanes[0].lane_pe/codec/clip164__7__0_i_18/CO[7]
                         net (fo=1, routed)           0.030    33.073    candidate_lanes[0].lane_pe/codec/clip164__7__0_i_18_n_0
    SLICE_X40Y67         CARRY8 (Prop_CARRY8_SLICEM_CI_O[5])
                                                      0.161    33.234 f  candidate_lanes[0].lane_pe/codec/clip164__8__0_i_12/O[5]
                         net (fo=1, routed)           0.164    33.398    candidate_lanes[0].lane_pe/codec/clip164__8__0_i_12_n_10
    SLICE_X39Y67         LUT3 (Prop_A6LUT_SLICEL_I0_O)
                                                      0.137    33.535 f  candidate_lanes[0].lane_pe/codec/clip164__8__0_i_14/O
                         net (fo=5, routed)           0.205    33.740    candidate_lanes[0].lane_pe/codec/clip164__8__0_i_14_n_0
    SLICE_X40Y68         LUT6 (Prop_H6LUT_SLICEM_I1_O)
                                                      0.228    33.968 f  candidate_lanes[0].lane_pe/codec/clip164__7__0_i_202/O
                         net (fo=1, routed)           0.200    34.168    candidate_lanes[0].lane_pe/codec/clip164__7__0_i_202_n_0
    SLICE_X40Y69         CARRY8 (Prop_CARRY8_SLICEM_DI[4]_CO[7])
                                                      0.137    34.305 f  candidate_lanes[0].lane_pe/codec/clip164__7__0_i_157/CO[7]
                         net (fo=1, routed)           0.030    34.335    candidate_lanes[0].lane_pe/codec/clip164__7__0_i_157_n_0
    SLICE_X40Y70         CARRY8 (Prop_CARRY8_SLICEM_CI_CO[7])
                                                      0.065    34.400 f  candidate_lanes[0].lane_pe/codec/clip164__7__0_i_97/CO[7]
                         net (fo=1, routed)           0.030    34.430    candidate_lanes[0].lane_pe/codec/clip164__7__0_i_97_n_0
    SLICE_X40Y71         CARRY8 (Prop_CARRY8_SLICEM_CI_CO[7])
                                                      0.065    34.495 f  candidate_lanes[0].lane_pe/codec/clip164__7__0_i_50/CO[7]
                         net (fo=1, routed)           0.030    34.525    candidate_lanes[0].lane_pe/codec/clip164__7__0_i_50_n_0
    SLICE_X40Y72         CARRY8 (Prop_CARRY8_SLICEM_CI_CO[0])
                                                      0.074    34.599 f  candidate_lanes[0].lane_pe/codec/clip164__7__0_i_21/CO[0]
                         net (fo=26, routed)          0.663    35.262    candidate_lanes[0].lane_pe/codec/clip164__7__0_i_21_n_7
    SLICE_X47Y71         LUT5 (Prop_B6LUT_SLICEL_I3_O)
                                                      0.224    35.486 f  candidate_lanes[0].lane_pe/codec/clip164__7__0_i_4/O
                         net (fo=1, routed)           0.676    36.162    candidate_lanes[0].lane_pe/codec/clip164__7__0/A[13]
    DSP48E2_X12Y28       DSP_A_B_DATA (Prop_DSP_A_B_DATA_DSP48E2_A[13]_A2_DATA[13])
                                                      0.258    36.420 r  candidate_lanes[0].lane_pe/codec/clip164__7__0/DSP_A_B_DATA_INST/A2_DATA[13]
                         net (fo=1, routed)           0.000    36.420    candidate_lanes[0].lane_pe/codec/clip164__7__0/DSP_A_B_DATA.A2_DATA<13>
    DSP48E2_X12Y28       DSP_PREADD_DATA (Prop_DSP_PREADD_DATA_DSP48E2_A2_DATA[13]_A2A1[13])
                                                      0.114    36.534 r  candidate_lanes[0].lane_pe/codec/clip164__7__0/DSP_PREADD_DATA_INST/A2A1[13]
                         net (fo=1, routed)           0.000    36.534    candidate_lanes[0].lane_pe/codec/clip164__7__0/DSP_PREADD_DATA.A2A1<13>
    DSP48E2_X12Y28       DSP_MULTIPLIER (Prop_DSP_MULTIPLIER_DSP48E2_A2A1[13]_U[34])
                                                      0.700    37.234 f  candidate_lanes[0].lane_pe/codec/clip164__7__0/DSP_MULTIPLIER_INST/U[34]
                         net (fo=1, routed)           0.000    37.234    candidate_lanes[0].lane_pe/codec/clip164__7__0/DSP_MULTIPLIER.U<34>
    DSP48E2_X12Y28       DSP_M_DATA (Prop_DSP_M_DATA_DSP48E2_U[34]_U_DATA[34])
                                                      0.067    37.301 r  candidate_lanes[0].lane_pe/codec/clip164__7__0/DSP_M_DATA_INST/U_DATA[34]
                         net (fo=1, routed)           0.000    37.301    candidate_lanes[0].lane_pe/codec/clip164__7__0/DSP_M_DATA.U_DATA<34>
    DSP48E2_X12Y28       DSP_ALU (Prop_DSP_ALU_DSP48E2_U_DATA[34]_ALU_OUT[47])
                                                      0.727    38.028 f  candidate_lanes[0].lane_pe/codec/clip164__7__0/DSP_ALU_INST/ALU_OUT[47]
                         net (fo=1, routed)           0.000    38.028    candidate_lanes[0].lane_pe/codec/clip164__7__0/DSP_ALU.ALU_OUT<47>
    DSP48E2_X12Y28       DSP_OUTPUT (Prop_DSP_OUTPUT_DSP48E2_ALU_OUT[47]_PCOUT[47])
                                                      0.167    38.195 r  candidate_lanes[0].lane_pe/codec/clip164__7__0/DSP_OUTPUT_INST/PCOUT[47]
                         net (fo=1, routed)           0.014    38.209    candidate_lanes[0].lane_pe/codec/clip164__8__0/PCIN[47]
    DSP48E2_X12Y29       DSP_ALU (Prop_DSP_ALU_DSP48E2_PCIN[47]_ALU_OUT[4])
                                                      0.739    38.948 r  candidate_lanes[0].lane_pe/codec/clip164__8__0/DSP_ALU_INST/ALU_OUT[4]
                         net (fo=1, routed)           0.000    38.948    candidate_lanes[0].lane_pe/codec/clip164__8__0/DSP_ALU.ALU_OUT<4>
    DSP48E2_X12Y29       DSP_OUTPUT (Prop_DSP_OUTPUT_DSP48E2_ALU_OUT[4]_P[4])
                                                      0.146    39.094 f  candidate_lanes[0].lane_pe/codec/clip164__8__0/DSP_OUTPUT_INST/P[4]
                         net (fo=4, routed)           0.462    39.556    candidate_lanes[0].lane_pe/codec/clip164__8__0_n_101
    SLICE_X54Y73         LUT6 (Prop_G6LUT_SLICEM_I3_O)
                                                      0.186    39.742 f  candidate_lanes[0].lane_pe/codec/distortion10_i_1803/O
                         net (fo=6, routed)           0.348    40.090    candidate_lanes[0].lane_pe/codec/distortion10_i_1803_n_0
    SLICE_X59Y75         LUT2 (Prop_F6LUT_SLICEL_I1_O)
                                                      0.150    40.240 r  candidate_lanes[0].lane_pe/codec/distortion15__0__0_i_2512/O
                         net (fo=1, routed)           0.015    40.255    candidate_lanes[0].lane_pe/codec/distortion15__0__0_i_2512_n_0
    SLICE_X59Y75         CARRY8 (Prop_CARRY8_SLICEL_S[5]_CO[7])
                                                      0.232    40.487 r  candidate_lanes[0].lane_pe/codec/distortion15__0__0_i_2470/CO[7]
                         net (fo=1, routed)           0.030    40.517    candidate_lanes[0].lane_pe/codec/distortion15__0__0_i_2470_n_0
    SLICE_X59Y76         CARRY8 (Prop_CARRY8_SLICEL_CI_CO[7])
                                                      0.065    40.582 r  candidate_lanes[0].lane_pe/codec/distortion15__0__0_i_2240/CO[7]
                         net (fo=1, routed)           0.030    40.612    candidate_lanes[0].lane_pe/codec/distortion15__0__0_i_2240_n_0
    SLICE_X59Y77         CARRY8 (Prop_CARRY8_SLICEL_CI_CO[7])
                                                      0.065    40.677 r  candidate_lanes[0].lane_pe/codec/distortion15__0__0_i_1956/CO[7]
                         net (fo=1, routed)           0.030    40.707    candidate_lanes[0].lane_pe/codec/distortion15__0__0_i_1956_n_0
    SLICE_X59Y78         CARRY8 (Prop_CARRY8_SLICEL_CI_CO[0])
                                                      0.074    40.781 r  candidate_lanes[0].lane_pe/codec/distortion15__0__0_i_1565/CO[0]
                         net (fo=140, routed)         0.808    41.589    candidate_lanes[0].lane_pe/codec/distortion15__0__0_i_1565_n_7
    SLICE_X59Y120        LUT5 (Prop_B6LUT_SLICEL_I3_O)
                                                      0.083    41.672 r  candidate_lanes[0].lane_pe/codec/distortion15__0__0_i_1241/O
                         net (fo=20, routed)          0.446    42.118    candidate_lanes[0].lane_pe/codec/codec_dequantized__0[114]
    SLICE_X57Y123        LUT2 (Prop_C6LUT_SLICEL_I1_O)
                                                      0.136    42.254 r  candidate_lanes[0].lane_pe/codec/distortion2_i_1931/O
                         net (fo=1, routed)           0.015    42.269    candidate_lanes[0].lane_pe/codec/distortion2_i_1931_n_0
    SLICE_X57Y123        CARRY8 (Prop_CARRY8_SLICEL_S[2]_CO[7])
                                                      0.219    42.488 r  candidate_lanes[0].lane_pe/codec/distortion2_i_1655/CO[7]
                         net (fo=1, routed)           0.030    42.518    candidate_lanes[0].lane_pe/codec/distortion2_i_1655_n_0
    SLICE_X57Y124        CARRY8 (Prop_CARRY8_SLICEL_CI_O[1])
                                                      0.106    42.624 r  candidate_lanes[0].lane_pe/codec/distortion2_i_1657/O[1]
                         net (fo=3, routed)           0.306    42.931    candidate_lanes[0].lane_pe/codec/distortion2_i_1657_n_14
    SLICE_X60Y125        LUT3 (Prop_B6LUT_SLICEL_I1_O)
                                                      0.188    43.119 r  candidate_lanes[0].lane_pe/codec/distortion2_i_1307/O
                         net (fo=1, routed)           0.373    43.492    candidate_lanes[0].lane_pe/codec/distortion2_i_1307_n_0
    SLICE_X59Y125        CARRY8 (Prop_CARRY8_SLICEL_DI[1]_O[3])
                                                      0.147    43.639 r  candidate_lanes[0].lane_pe/codec/distortion2_i_905/O[3]
                         net (fo=3, routed)           0.479    44.117    candidate_lanes[0].lane_pe/codec/(null)[0].value4__0__2[16]
    SLICE_X53Y129        LUT3 (Prop_E5LUT_SLICEM_I1_O)
                                                      0.225    44.342 r  candidate_lanes[0].lane_pe/codec/distortion2_i_912/O
                         net (fo=2, routed)           0.228    44.570    candidate_lanes[0].lane_pe/codec/distortion2_i_912_n_0
    SLICE_X56Y129        LUT5 (Prop_F6LUT_SLICEL_I1_O)
                                                      0.056    44.626 r  candidate_lanes[0].lane_pe/codec/distortion1_i_907/O
                         net (fo=2, routed)           0.329    44.955    candidate_lanes[0].lane_pe/codec/distortion1_i_907_n_0
    SLICE_X55Y129        LUT6 (Prop_A6LUT_SLICEL_I0_O)
                                                      0.137    45.092 r  candidate_lanes[0].lane_pe/codec/distortion1_i_915/O
                         net (fo=1, routed)           0.014    45.106    candidate_lanes[0].lane_pe/codec/distortion1_i_915_n_0
    SLICE_X55Y129        CARRY8 (Prop_CARRY8_SLICEL_S[0]_O[5])
                                                      0.331    45.437 r  candidate_lanes[0].lane_pe/codec/distortion1_i_664/O[5]
                         net (fo=1, routed)           0.425    45.862    candidate_lanes[0].lane_pe/codec/distortion1_i_664_n_10
    SLICE_X55Y133        CARRY8 (Prop_CARRY8_SLICEL_S[1]_CO[7])
                                                      0.261    46.123 r  candidate_lanes[0].lane_pe/codec/distortion1_i_544/CO[7]
                         net (fo=1, routed)           0.030    46.153    candidate_lanes[0].lane_pe/codec/distortion1_i_544_n_0
    SLICE_X55Y134        CARRY8 (Prop_CARRY8_SLICEL_CI_O[1])
                                                      0.106    46.259 r  candidate_lanes[0].lane_pe/codec/distortion1_i_543/O[1]
                         net (fo=25, routed)          0.865    47.124    candidate_lanes[0].lane_pe/codec/distortion1_i_543_n_14
    SLICE_X46Y142        LUT2 (Prop_E6LUT_SLICEL_I1_O)
                                                      0.083    47.207 r  candidate_lanes[0].lane_pe/codec/distortion2_i_1162/O
                         net (fo=1, routed)           0.011    47.218    candidate_lanes[0].lane_pe/codec/distortion2_i_1162_n_0
    SLICE_X46Y142        CARRY8 (Prop_CARRY8_SLICEL_S[4]_CO[7])
                                                      0.232    47.450 f  candidate_lanes[0].lane_pe/codec/distortion2_i_877/CO[7]
                         net (fo=1, routed)           0.030    47.480    candidate_lanes[0].lane_pe/codec/distortion2_i_877_n_0
    SLICE_X46Y143        CARRY8 (Prop_CARRY8_SLICEL_CI_CO[7])
                                                      0.065    47.545 f  candidate_lanes[0].lane_pe/codec/distortion2_i_704/CO[7]
                         net (fo=1, routed)           0.030    47.575    candidate_lanes[0].lane_pe/codec/distortion2_i_704_n_0
    SLICE_X46Y144        CARRY8 (Prop_CARRY8_SLICEL_CI_CO[7])
                                                      0.065    47.640 f  candidate_lanes[0].lane_pe/codec/distortion2_i_525/CO[7]
                         net (fo=1, routed)           0.030    47.670    candidate_lanes[0].lane_pe/codec/distortion2_i_525_n_0
    SLICE_X46Y145        CARRY8 (Prop_CARRY8_SLICEL_CI_CO[0])
                                                      0.074    47.744 f  candidate_lanes[0].lane_pe/codec/distortion2_i_417/CO[0]
                         net (fo=388, routed)         0.725    48.469    candidate_lanes[0].lane_pe/codec/distortion2_i_417_n_7
    SLICE_X48Y155        LUT3 (Prop_C5LUT_SLICEL_I1_O)
                                                      0.152    48.621 r  candidate_lanes[0].lane_pe/codec/distortion3_i_745/O
                         net (fo=1, routed)           0.000    48.621    candidate_lanes[0].lane_pe/codec/distortion3_i_745_n_0
    SLICE_X48Y155        CARRY8 (Prop_CARRY8_SLICEL_DI[2]_O[4])
                                                      0.245    48.866 r  candidate_lanes[0].lane_pe/codec/distortion3_i_572/O[4]
                         net (fo=3, routed)           0.609    49.475    candidate_lanes[0].lane_pe/codec/distortion3_i_572_n_11
    SLICE_X49Y154        LUT5 (Prop_E6LUT_SLICEL_I4_O)
                                                      0.138    49.613 r  candidate_lanes[0].lane_pe/codec/distortion3_i_511/O
                         net (fo=1, routed)           0.303    49.916    candidate_lanes[0].lane_pe/codec/distortion3_i_511_n_0
    SLICE_X49Y155        CARRY8 (Prop_CARRY8_SLICEL_DI[5]_CO[7])
                                                      0.108    50.024 r  candidate_lanes[0].lane_pe/codec/distortion3_i_358/CO[7]
                         net (fo=1, routed)           0.030    50.054    candidate_lanes[0].lane_pe/codec/distortion3_i_358_n_0
    SLICE_X49Y156        CARRY8 (Prop_CARRY8_SLICEL_CI_O[0])
                                                      0.078    50.132 r  candidate_lanes[0].lane_pe/codec/distortion3_i_331/O[0]
                         net (fo=3, routed)           0.847    50.979    candidate_lanes[0].lane_pe/codec/distortion3_i_331_n_15
    SLICE_X46Y163        LUT3 (Prop_C6LUT_SLICEL_I0_O)
                                                      0.187    51.166 r  candidate_lanes[0].lane_pe/codec/distortion3_i_359/O
                         net (fo=2, routed)           0.168    51.334    candidate_lanes[0].lane_pe/codec/distortion3_i_359_n_0
    SLICE_X46Y163        LUT5 (Prop_E5LUT_SLICEL_I4_O)
                                                      0.222    51.556 r  candidate_lanes[0].lane_pe/codec/distortion3_i_270/O
                         net (fo=2, routed)           0.359    51.915    candidate_lanes[0].lane_pe/codec/distortion3_i_270_n_0
    SLICE_X46Y147        LUT6 (Prop_F6LUT_SLICEL_I0_O)
                                                      0.081    51.996 r  candidate_lanes[0].lane_pe/codec/distortion3_i_278/O
                         net (fo=1, routed)           0.015    52.011    candidate_lanes[0].lane_pe/codec/distortion3_i_278_n_0
    SLICE_X46Y147        CARRY8 (Prop_CARRY8_SLICEL_S[5]_CO[7])
                                                      0.232    52.243 r  candidate_lanes[0].lane_pe/codec/distortion3_i_205/CO[7]
                         net (fo=1, routed)           0.030    52.273    candidate_lanes[0].lane_pe/codec/distortion3_i_205_n_0
    SLICE_X46Y148        CARRY8 (Prop_CARRY8_SLICEL_CI_O[4])
                                                      0.119    52.392 r  candidate_lanes[0].lane_pe/codec/distortion3_i_188/O[4]
                         net (fo=1, routed)           0.490    52.882    candidate_lanes[0].lane_pe/codec/distortion3_i_188_n_11
    SLICE_X45Y147        CARRY8 (Prop_CARRY8_SLICEM_S[2]_CO[7])
                                                      0.229    53.111 r  candidate_lanes[0].lane_pe/codec/distortion3_i_151/CO[7]
                         net (fo=1, routed)           0.030    53.141    candidate_lanes[0].lane_pe/codec/distortion3_i_151_n_0
    SLICE_X45Y148        CARRY8 (Prop_CARRY8_SLICEM_CI_O[1])
                                                      0.106    53.247 r  candidate_lanes[0].lane_pe/codec/distortion3_i_129/O[1]
                         net (fo=5, routed)           0.851    54.098    candidate_lanes[0].lane_pe/codec/distortion3_i_129_n_14
    SLICE_X39Y125        LUT2 (Prop_A6LUT_SLICEL_I0_O)
                                                      0.152    54.250 r  candidate_lanes[0].lane_pe/codec/distortion3_i_444/O
                         net (fo=1, routed)           0.014    54.264    candidate_lanes[0].lane_pe/codec/distortion3_i_444_n_0
    SLICE_X39Y125        CARRY8 (Prop_CARRY8_SLICEL_S[0]_CO[7])
                                                      0.278    54.542 r  candidate_lanes[0].lane_pe/codec/distortion3_i_309/CO[7]
                         net (fo=1, routed)           0.030    54.572    candidate_lanes[0].lane_pe/codec/distortion3_i_309_n_0
    SLICE_X39Y126        CARRY8 (Prop_CARRY8_SLICEL_CI_CO[7])
                                                      0.065    54.637 r  candidate_lanes[0].lane_pe/codec/distortion3_i_231/CO[7]
                         net (fo=1, routed)           0.030    54.667    candidate_lanes[0].lane_pe/codec/distortion3_i_231_n_0
    SLICE_X39Y127        CARRY8 (Prop_CARRY8_SLICEL_CI_CO[7])
                                                      0.065    54.732 r  candidate_lanes[0].lane_pe/codec/distortion3_i_179/CO[7]
                         net (fo=1, routed)           0.030    54.762    candidate_lanes[0].lane_pe/codec/distortion3_i_179_n_0
    SLICE_X39Y128        CARRY8 (Prop_CARRY8_SLICEL_CI_CO[0])
                                                      0.074    54.836 r  candidate_lanes[0].lane_pe/codec/distortion3_i_131/CO[0]
                         net (fo=32, routed)          0.347    55.183    candidate_lanes[0].lane_pe/codec/clip161__0
    SLICE_X42Y123        LUT4 (Prop_A6LUT_SLICEL_I3_O)
                                                      0.225    55.408 r  candidate_lanes[0].lane_pe/codec/distortion3_i_108/O
                         net (fo=1, routed)           0.014    55.422    candidate_lanes[0].lane_pe/codec/distortion3_i_108_n_0
    SLICE_X42Y123        CARRY8 (Prop_CARRY8_SLICEL_S[0]_CO[7])
                                                      0.278    55.700 r  candidate_lanes[0].lane_pe/codec/distortion3_i_40/CO[7]
                         net (fo=1, routed)           0.030    55.730    candidate_lanes[0].lane_pe/codec/distortion3_i_40_n_0
    SLICE_X42Y124        CARRY8 (Prop_CARRY8_SLICEL_CI_CO[7])
                                                      0.065    55.795 r  candidate_lanes[0].lane_pe/codec/distortion3_i_39/CO[7]
                         net (fo=1, routed)           0.030    55.825    candidate_lanes[0].lane_pe/codec/distortion3_i_39_n_0
    SLICE_X42Y125        CARRY8 (Prop_CARRY8_SLICEL_CI_CO[7])
                                                      0.065    55.890 r  candidate_lanes[0].lane_pe/codec/distortion3_i_38/CO[7]
                         net (fo=1, routed)           0.030    55.920    candidate_lanes[0].lane_pe/codec/distortion3_i_38_n_0
    SLICE_X42Y126        CARRY8 (Prop_CARRY8_SLICEL_CI_O[3])
                                                      0.114    56.034 f  candidate_lanes[0].lane_pe/codec/distortion3_i_37/O[3]
                         net (fo=3, routed)           0.220    56.253    candidate_lanes[0].lane_pe/codec/(null)[0].value__3[27]
    SLICE_X41Y125        LUT2 (Prop_B6LUT_SLICEM_I0_O)
                                                      0.225    56.478 r  candidate_lanes[0].lane_pe/codec/distortion3_i_48/O
                         net (fo=1, routed)           0.022    56.500    candidate_lanes[0].lane_pe/codec/distortion3_i_48_n_0
    SLICE_X41Y125        CARRY8 (Prop_CARRY8_SLICEM_S[1]_CO[3])
                                                      0.257    56.757 r  candidate_lanes[0].lane_pe/codec/distortion3_i_36/CO[3]
                         net (fo=31, routed)          0.338    57.096    candidate_lanes[0].lane_pe/codec/clip81__2
    SLICE_X40Y123        LUT4 (Prop_A6LUT_SLICEM_I1_O)
                                                      0.083    57.179 r  candidate_lanes[0].lane_pe/codec/distortion3_i_35/O
                         net (fo=1, routed)           0.017    57.196    candidate_lanes[0].lane_pe/codec/distortion3_i_35_n_0
    SLICE_X40Y123        CARRY8 (Prop_CARRY8_SLICEM_S[0]_CO[7])
                                                      0.281    57.477 r  candidate_lanes[0].lane_pe/codec/distortion3_i_4/CO[7]
                         net (fo=1, routed)           0.030    57.507    candidate_lanes[0].lane_pe/codec/distortion3_i_4_n_0
    SLICE_X40Y124        CARRY8 (Prop_CARRY8_SLICEM_CI_O[3])
                                                      0.114    57.621 f  candidate_lanes[0].lane_pe/codec/distortion3_i_3/O[3]
                         net (fo=4, routed)           0.614    58.235    candidate_lanes[0].lane_pe/codec/distortion3__0/A[11]
    DSP48E2_X11Y51       DSP_A_B_DATA (Prop_DSP_A_B_DATA_DSP48E2_A[11]_A2_DATA[11])
                                                      0.258    58.493 r  candidate_lanes[0].lane_pe/codec/distortion3__0/DSP_A_B_DATA_INST/A2_DATA[11]
                         net (fo=1, routed)           0.000    58.493    candidate_lanes[0].lane_pe/codec/distortion3__0/DSP_A_B_DATA.A2_DATA<11>
    DSP48E2_X11Y51       DSP_PREADD_DATA (Prop_DSP_PREADD_DATA_DSP48E2_A2_DATA[11]_A2A1[11])
                                                      0.114    58.607 r  candidate_lanes[0].lane_pe/codec/distortion3__0/DSP_PREADD_DATA_INST/A2A1[11]
                         net (fo=1, routed)           0.000    58.607    candidate_lanes[0].lane_pe/codec/distortion3__0/DSP_PREADD_DATA.A2A1<11>
    DSP48E2_X11Y51       DSP_MULTIPLIER (Prop_DSP_MULTIPLIER_DSP48E2_A2A1[11]_U[32])
                                                      0.700    59.307 f  candidate_lanes[0].lane_pe/codec/distortion3__0/DSP_MULTIPLIER_INST/U[32]
                         net (fo=1, routed)           0.000    59.307    candidate_lanes[0].lane_pe/codec/distortion3__0/DSP_MULTIPLIER.U<32>
    DSP48E2_X11Y51       DSP_M_DATA (Prop_DSP_M_DATA_DSP48E2_U[32]_U_DATA[32])
                                                      0.067    59.374 r  candidate_lanes[0].lane_pe/codec/distortion3__0/DSP_M_DATA_INST/U_DATA[32]
                         net (fo=1, routed)           0.000    59.374    candidate_lanes[0].lane_pe/codec/distortion3__0/DSP_M_DATA.U_DATA<32>
    DSP48E2_X11Y51       DSP_ALU (Prop_DSP_ALU_DSP48E2_U_DATA[32]_ALU_OUT[47])
                                                      0.727    60.101 f  candidate_lanes[0].lane_pe/codec/distortion3__0/DSP_ALU_INST/ALU_OUT[47]
                         net (fo=1, routed)           0.000    60.101    candidate_lanes[0].lane_pe/codec/distortion3__0/DSP_ALU.ALU_OUT<47>
    DSP48E2_X11Y51       DSP_OUTPUT (Prop_DSP_OUTPUT_DSP48E2_ALU_OUT[47]_PCOUT[47])
                                                      0.167    60.268 r  candidate_lanes[0].lane_pe/codec/distortion3__0/DSP_OUTPUT_INST/PCOUT[47]
                         net (fo=1, routed)           0.038    60.306    candidate_lanes[0].lane_pe/codec/distortion3__1/PCIN[47]
    DSP48E2_X11Y52       DSP_ALU (Prop_DSP_ALU_DSP48E2_PCIN[47]_ALU_OUT[0])
                                                      0.739    61.045 f  candidate_lanes[0].lane_pe/codec/distortion3__1/DSP_ALU_INST/ALU_OUT[0]
                         net (fo=1, routed)           0.000    61.045    candidate_lanes[0].lane_pe/codec/distortion3__1/DSP_ALU.ALU_OUT<0>
    DSP48E2_X11Y52       DSP_OUTPUT (Prop_DSP_OUTPUT_DSP48E2_ALU_OUT[0]_P[0])
                                                      0.146    61.191 r  candidate_lanes[0].lane_pe/codec/distortion3__1/DSP_OUTPUT_INST/P[0]
                         net (fo=2, routed)           0.177    61.368    candidate_lanes[0].lane_pe/codec/distortion3__1_n_105
    SLICE_X40Y130        LUT2 (Prop_B6LUT_SLICEM_I0_O)
                                                      0.057    61.425 r  candidate_lanes[0].lane_pe/codec/out_distortion[28]_i_485/O
                         net (fo=1, routed)           0.022    61.447    candidate_lanes[0].lane_pe/codec/out_distortion[28]_i_485_n_0
    SLICE_X40Y130        CARRY8 (Prop_CARRY8_SLICEM_S[1]_O[2])
                                                      0.179    61.626 r  candidate_lanes[0].lane_pe/codec/out_distortion_reg[28]_i_434/O[2]
                         net (fo=3, routed)           0.318    61.944    candidate_lanes[0].lane_pe/codec/out_distortion_reg[28]_i_434_n_13
    SLICE_X37Y128        LUT3 (Prop_A6LUT_SLICEM_I2_O)
                                                      0.138    62.082 r  candidate_lanes[0].lane_pe/codec/out_distortion[28]_i_362/O
                         net (fo=1, routed)           0.638    62.720    candidate_lanes[0].lane_pe/codec/out_distortion[28]_i_362_n_0
    SLICE_X34Y127        CARRY8 (Prop_CARRY8_SLICEM_DI[3]_O[5])
                                                      0.268    62.988 r  candidate_lanes[0].lane_pe/codec/out_distortion_reg[28]_i_180/O[5]
                         net (fo=3, routed)           0.332    63.320    candidate_lanes[0].lane_pe/codec/out_distortion_reg[28]_i_180_n_10
    SLICE_X29Y128        LUT3 (Prop_D6LUT_SLICEM_I0_O)
                                                      0.056    63.376 r  candidate_lanes[0].lane_pe/codec/out_distortion[28]_i_128/O
                         net (fo=1, routed)           0.492    63.868    candidate_lanes[0].lane_pe/codec/out_distortion[28]_i_128_n_0
    SLICE_X31Y128        CARRY8 (Prop_CARRY8_SLICEM_DI[6]_O[7])
                                                      0.133    64.001 r  candidate_lanes[0].lane_pe/codec/out_distortion_reg[28]_i_29/O[7]
                         net (fo=3, routed)           0.315    64.316    candidate_lanes[0].lane_pe/codec/out_distortion_reg[28]_i_29_n_8
    SLICE_X34Y132        LUT3 (Prop_E6LUT_SLICEM_I1_O)
                                                      0.057    64.373 r  candidate_lanes[0].lane_pe/codec/out_distortion[28]_i_31/O
                         net (fo=2, routed)           0.450    64.823    candidate_lanes[0].lane_pe/codec/out_distortion[28]_i_31_n_0
    SLICE_X33Y132        LUT6 (Prop_H6LUT_SLICEL_I1_O)
                                                      0.188    65.011 r  candidate_lanes[0].lane_pe/codec/out_distortion[23]_i_10/O
                         net (fo=1, routed)           0.015    65.026    candidate_lanes[0].lane_pe/codec/out_distortion[23]_i_10_n_0
    SLICE_X33Y132        CARRY8 (Prop_CARRY8_SLICEL_S[7]_CO[7])
                                                      0.172    65.198 r  candidate_lanes[0].lane_pe/codec/out_distortion_reg[23]_i_1/CO[7]
                         net (fo=1, routed)           0.030    65.228    candidate_lanes[0].lane_pe/codec/out_distortion_reg[23]_i_1_n_0
    SLICE_X33Y133        CARRY8 (Prop_CARRY8_SLICEL_CI_O[3])
                                                      0.114    65.342 r  candidate_lanes[0].lane_pe/codec/out_distortion_reg[28]_i_1/O[3]
                         net (fo=1, routed)           0.034    65.376    candidate_lanes[0].lane_pe/codec_distortion[27]
    SLICE_X33Y133        FDRE                                         r  candidate_lanes[0].lane_pe/out_distortion_reg[27]/D
  -------------------------------------------------------------------    -------------------

                         (clock chia_rdo_clk rise edge)
                                                      5.000     5.000 r  
                                                      0.000     5.000 r  clk (IN)
                         net (fo=1725, unset)         0.029     5.029    candidate_lanes[0].lane_pe/clk
    SLICE_X33Y133        FDRE                                         r  candidate_lanes[0].lane_pe/out_distortion_reg[27]/C
                         clock pessimism              0.000     5.029    
                         clock uncertainty           -0.035     4.994    
    SLICE_X33Y133        FDRE (Setup_DFF_SLICEL_C_D)
                                                      0.044     5.038    candidate_lanes[0].lane_pe/out_distortion_reg[27]
  -------------------------------------------------------------------
                         required time                          5.038    
                         arrival time                         -65.376    
  -------------------------------------------------------------------
                         slack                                -60.338    

Slack (VIOLATED) :        -60.329ns  (required time - arrival time)
  Source:                 count_reg_reg[2]/C
                            (rising edge-triggered cell FDRE clocked by chia_rdo_clk  {rise@0.000ns fall@2.500ns period=5.000ns})
  Destination:            candidate_lanes[0].lane_pe/out_distortion_reg[25]/D
                            (rising edge-triggered cell FDRE clocked by chia_rdo_clk  {rise@0.000ns fall@2.500ns period=5.000ns})
  Path Group:             chia_rdo_clk
  Path Type:              Setup (Max at Slow Process Corner)
  Requirement:            5.000ns  (chia_rdo_clk rise@5.000ns - chia_rdo_clk rise@0.000ns)
  Data Path Delay:        65.325ns  (logic 34.006ns (52.057%)  route 31.319ns (47.943%))
  Logic Levels:           170  (CARRY8=69 DSP_A_B_DATA=5 DSP_ALU=10 DSP_M_DATA=4 DSP_MULTIPLIER=4 DSP_OUTPUT=10 DSP_PREADD_DATA=4 LUT1=1 LUT2=12 LUT3=12 LUT4=4 LUT5=12 LUT6=20 MUXF7=2 MUXF8=1)
  Clock Path Skew:        -0.013ns (DCD - SCD + CPR)
    Destination Clock Delay (DCD):    0.029ns = ( 5.029 - 5.000 ) 
    Source Clock Delay      (SCD):    0.042ns
    Clock Pessimism Removal (CPR):    0.000ns
  Clock Uncertainty:      0.035ns  ((TSJ^2 + TIJ^2)^1/2 + DJ) / 2 + PE
    Total System Jitter     (TSJ):    0.071ns
    Total Input Jitter      (TIJ):    0.000ns
    Discrete Jitter          (DJ):    0.000ns
    Phase Error              (PE):    0.000ns

    Location             Delay type                Incr(ns)  Path(ns)    Netlist Resource(s)
  -------------------------------------------------------------------    -------------------
                         (clock chia_rdo_clk rise edge)
                                                      0.000     0.000 r  
                                                      0.000     0.000 r  clk (IN)
                         net (fo=1725, unset)         0.042     0.042    clk
    SLICE_X56Y144        FDRE                                         r  count_reg_reg[2]/C
  -------------------------------------------------------------------    -------------------
    SLICE_X56Y144        FDRE (Prop_FFF_SLICEL_C_Q)
                                                      0.113     0.155 r  count_reg_reg[2]/Q
                         net (fo=5, routed)           0.223     0.378    candidate_lanes[0].lane_pe/codec/batches_model[2]
    SLICE_X57Y144        LUT4 (Prop_B6LUT_SLICEL_I2_O)
                                                      0.152     0.530 r  candidate_lanes[0].lane_pe/codec/lane_rank[0][5]_i_17/O
                         net (fo=1, routed)           0.013     0.543    candidate_lanes[0].lane_pe/codec/lane_rank[0][5]_i_17_n_0
    SLICE_X57Y144        CARRY8 (Prop_CARRY8_SLICEL_S[1]_CO[3])
                                                      0.250     0.793 f  candidate_lanes[0].lane_pe/codec/lane_rank_reg[0][5]_i_4/CO[3]
                         net (fo=124, routed)         0.340     1.134    candidate_lanes[0].lane_pe/codec/CO[0]
    SLICE_X57Y140        LUT6 (Prop_A6LUT_SLICEL_I1_O)
                                                      0.137     1.271 r  candidate_lanes[0].lane_pe/codec/multi_stage.rate_stage00_i_275/O
                         net (fo=136, routed)         0.277     1.548    candidate_lanes[0].lane_pe/codec/launched_count_reg[2]
    SLICE_X57Y143        LUT6 (Prop_H6LUT_SLICEL_I4_O)
                                                      0.227     1.775 f  candidate_lanes[0].lane_pe/codec/mode_reg[4]_i_64/O
                         net (fo=1, routed)           0.196     1.971    candidate_lanes[0].lane_pe/codec/mode_reg[4]_i_64_n_0
    SLICE_X57Y142        LUT6 (Prop_C6LUT_SLICEL_I3_O)
                                                      0.221     2.192 f  candidate_lanes[0].lane_pe/codec/mode_reg[4]_i_19/O
                         net (fo=1, routed)           0.015     2.207    candidate_lanes[0].lane_pe/codec/mode_reg[4]_i_19_n_0
    SLICE_X57Y142        MUXF7 (Prop_F7MUX_CD_SLICEL_I1_O)
                                                      0.088     2.295 f  candidate_lanes[0].lane_pe/codec/mode_reg_reg[4]_i_6/O
                         net (fo=1, routed)           0.000     2.295    candidate_lanes[0].lane_pe/codec/mode_reg_reg[4]_i_6_n_0
    SLICE_X57Y142        MUXF8 (Prop_F8MUX_BOT_SLICEL_I0_O)
                                                      0.031     2.326 f  candidate_lanes[0].lane_pe/codec/mode_reg_reg[4]_i_2/O
                         net (fo=3, routed)           0.618     2.944    candidate_lanes[0].lane_pe/codec/mode_reg_reg[4]_i_2_n_0
    SLICE_X54Y121        LUT6 (Prop_A6LUT_SLICEM_I0_O)
                                                      0.189     3.133 f  candidate_lanes[0].lane_pe/codec/mode_reg[4]_i_1/O
                         net (fo=24, routed)          0.395     3.528    candidate_lanes[0].lane_pe/codec/D[4]
    SLICE_X51Y121        LUT5 (Prop_B6LUT_SLICEL_I4_O)
                                                      0.058     3.586 r  candidate_lanes[0].lane_pe/codec/angular_temporary3__21_i_30/O
                         net (fo=157, routed)         0.204     3.790    candidate_lanes[0].lane_pe/codec/angular_temporary3__3_i_46_n_0
    SLICE_X50Y121        LUT6 (Prop_A6LUT_SLICEL_I0_O)
                                                      0.225     4.015 r  candidate_lanes[0].lane_pe/codec/angular_temporary3__3_i_52/O
                         net (fo=1, routed)           0.014     4.029    candidate_lanes[0].lane_pe/codec/angular_temporary3__3_i_52_n_0
    SLICE_X50Y121        CARRY8 (Prop_CARRY8_SLICEL_S[0]_O[0])
                                                      0.077     4.106 r  candidate_lanes[0].lane_pe/codec/angular_temporary3__3_i_14/O[0]
                         net (fo=246, routed)         0.531     4.637    candidate_lanes[0].lane_pe/codec/angular_temporary8[0]
    SLICE_X50Y115        LUT5 (Prop_A6LUT_SLICEL_I2_O)
                                                      0.225     4.862 r  candidate_lanes[0].lane_pe/codec/angular_temporary1__29_i_90/O
                         net (fo=1, routed)           0.014     4.876    candidate_lanes[0].lane_pe/codec/angular_temporary1__29_i_90_n_0
    SLICE_X50Y115        CARRY8 (Prop_CARRY8_SLICEL_S[0]_CO[7])
                                                      0.278     5.154 r  candidate_lanes[0].lane_pe/codec/angular_temporary1__29_i_51/CO[7]
                         net (fo=1, routed)           0.030     5.184    candidate_lanes[0].lane_pe/codec/angular_temporary1__29_i_51_n_0
    SLICE_X50Y116        CARRY8 (Prop_CARRY8_SLICEL_CI_CO[7])
                                                      0.073     5.257 r  candidate_lanes[0].lane_pe/codec/angular_temporary1__29_i_32/CO[7]
                         net (fo=50, routed)          0.241     5.498    candidate_lanes[0].lane_pe/codec/angular_temporary1__29_i_32_n_0
    SLICE_X50Y114        LUT6 (Prop_D6LUT_SLICEL_I5_O)
                                                      0.221     5.719 r  candidate_lanes[0].lane_pe/codec/angular_temporary1__9_i_107/O
                         net (fo=1, routed)           0.293     6.012    candidate_lanes[0].lane_pe/codec/angular_temporary1__9_i_107_n_0
    SLICE_X49Y110        CARRY8 (Prop_CARRY8_SLICEL_DI[2]_CO[7])
                                                      0.158     6.170 r  candidate_lanes[0].lane_pe/codec/angular_temporary1__9_i_56/CO[7]
                         net (fo=1, routed)           0.030     6.200    candidate_lanes[0].lane_pe/codec/angular_temporary1__9_i_56_n_0
    SLICE_X49Y111        CARRY8 (Prop_CARRY8_SLICEL_CI_O[0])
                                                      0.078     6.278 r  candidate_lanes[0].lane_pe/codec/angular_temporary1__9_i_28/O[0]
                         net (fo=22, routed)          0.222     6.501    candidate_lanes[0].lane_pe/codec/angular_temporary1__9_i_28_n_15
    SLICE_X50Y112        LUT3 (Prop_A6LUT_SLICEL_I0_O)
                                                      0.188     6.689 r  candidate_lanes[0].lane_pe/codec/angular_temporary3__1_i_91/O
                         net (fo=2, routed)           0.163     6.852    candidate_lanes[0].lane_pe/codec/inverse_angle_sum[8]
    SLICE_X50Y111        LUT6 (Prop_A6LUT_SLICEL_I0_O)
                                                      0.152     7.004 r  candidate_lanes[0].lane_pe/codec/angular_temporary3__1_i_96/O
                         net (fo=1, routed)           0.014     7.018    candidate_lanes[0].lane_pe/codec/angular_temporary3__1_i_96_n_0
    SLICE_X50Y111        CARRY8 (Prop_CARRY8_SLICEL_S[0]_O[4])
                                                      0.285     7.303 r  candidate_lanes[0].lane_pe/codec/angular_temporary3__1_i_39/O[4]
                         net (fo=4, routed)           0.350     7.653    candidate_lanes[0].lane_pe/codec/sel0[4]
    SLICE_X49Y109        LUT2 (Prop_F6LUT_SLICEL_I0_O)
                                                      0.081     7.734 r  candidate_lanes[0].lane_pe/codec/angular_temporary3__1_i_97/O
                         net (fo=7, routed)           0.595     8.329    candidate_lanes[0].lane_pe/codec/angular_temporary3__1_i_97_n_0
    SLICE_X47Y107        LUT6 (Prop_F6LUT_SLICEL_I0_O)
                                                      0.136     8.465 r  candidate_lanes[0].lane_pe/codec/angular_temporary3__1_i_125/O
                         net (fo=1, routed)           0.327     8.792    candidate_lanes[0].lane_pe/codec/angular_temporary3__1_i_125_n_0
    SLICE_X46Y100        LUT6 (Prop_E6LUT_SLICEL_I4_O)
                                                      0.057     8.849 f  candidate_lanes[0].lane_pe/codec/angular_temporary3__1_i_78/O
                         net (fo=1, routed)           0.067     8.916    candidate_lanes[0].lane_pe/codec/angular_temporary3__1_i_78_n_0
    SLICE_X46Y100        LUT6 (Prop_C6LUT_SLICEL_I5_O)
                                                      0.221     9.137 f  candidate_lanes[0].lane_pe/codec/angular_temporary3__1_i_32/O
                         net (fo=2, routed)           0.015     9.152    candidate_lanes[0].lane_pe/codec/angular_temporary3__1_i_32_n_0
    SLICE_X46Y100        MUXF7 (Prop_F7MUX_CD_SLICEL_I1_O)
                                                      0.096     9.248 f  candidate_lanes[0].lane_pe/codec/angular_temporary3__1_i_8/O
                         net (fo=1, routed)           0.570     9.818    candidate_lanes[0].lane_pe/codec/angular_temporary3__1/A[0]
    DSP48E2_X11Y42       DSP_A_B_DATA (Prop_DSP_A_B_DATA_DSP48E2_A[0]_A2_DATA[0])
                                                      0.258    10.076 r  candidate_lanes[0].lane_pe/codec/angular_temporary3__1/DSP_A_B_DATA_INST/A2_DATA[0]
                         net (fo=1, routed)           0.000    10.076    candidate_lanes[0].lane_pe/codec/angular_temporary3__1/DSP_A_B_DATA.A2_DATA<0>
    DSP48E2_X11Y42       DSP_PREADD_DATA (Prop_DSP_PREADD_DATA_DSP48E2_A2_DATA[0]_A2A1[0])
                                                      0.114    10.190 r  candidate_lanes[0].lane_pe/codec/angular_temporary3__1/DSP_PREADD_DATA_INST/A2A1[0]
                         net (fo=1, routed)           0.000    10.190    candidate_lanes[0].lane_pe/codec/angular_temporary3__1/DSP_PREADD_DATA.A2A1<0>
    DSP48E2_X11Y42       DSP_MULTIPLIER (Prop_DSP_MULTIPLIER_DSP48E2_A2A1[0]_U[21])
                                                      0.700    10.890 f  candidate_lanes[0].lane_pe/codec/angular_temporary3__1/DSP_MULTIPLIER_INST/U[21]
                         net (fo=1, routed)           0.000    10.890    candidate_lanes[0].lane_pe/codec/angular_temporary3__1/DSP_MULTIPLIER.U<21>
    DSP48E2_X11Y42       DSP_M_DATA (Prop_DSP_M_DATA_DSP48E2_U[21]_U_DATA[21])
                                                      0.067    10.957 r  candidate_lanes[0].lane_pe/codec/angular_temporary3__1/DSP_M_DATA_INST/U_DATA[21]
                         net (fo=1, routed)           0.000    10.957    candidate_lanes[0].lane_pe/codec/angular_temporary3__1/DSP_M_DATA.U_DATA<21>
    DSP48E2_X11Y42       DSP_ALU (Prop_DSP_ALU_DSP48E2_U_DATA[21]_ALU_OUT[47])
                                                      0.727    11.684 f  candidate_lanes[0].lane_pe/codec/angular_temporary3__1/DSP_ALU_INST/ALU_OUT[47]
                         net (fo=1, routed)           0.000    11.684    candidate_lanes[0].lane_pe/codec/angular_temporary3__1/DSP_ALU.ALU_OUT<47>
    DSP48E2_X11Y42       DSP_OUTPUT (Prop_DSP_OUTPUT_DSP48E2_ALU_OUT[47]_PCOUT[47])
                                                      0.167    11.851 r  candidate_lanes[0].lane_pe/codec/angular_temporary3__1/DSP_OUTPUT_INST/PCOUT[47]
                         net (fo=1, routed)           0.014    11.865    candidate_lanes[0].lane_pe/codec/angular_temporary3__2/PCIN[47]
    DSP48E2_X11Y43       DSP_ALU (Prop_DSP_ALU_DSP48E2_PCIN[47]_ALU_OUT[14])
                                                      0.739    12.604 r  candidate_lanes[0].lane_pe/codec/angular_temporary3__2/DSP_ALU_INST/ALU_OUT[14]
                         net (fo=1, routed)           0.000    12.604    candidate_lanes[0].lane_pe/codec/angular_temporary3__2/DSP_ALU.ALU_OUT<14>
    DSP48E2_X11Y43       DSP_OUTPUT (Prop_DSP_OUTPUT_DSP48E2_ALU_OUT[14]_P[14])
                                                      0.146    12.750 f  candidate_lanes[0].lane_pe/codec/angular_temporary3__2/DSP_OUTPUT_INST/P[14]
                         net (fo=17, routed)          0.636    13.386    candidate_lanes[0].lane_pe/codec/angular_temporary1__1/A[25]
    DSP48E2_X11Y36       DSP_A_B_DATA (Prop_DSP_A_B_DATA_DSP48E2_A[25]_A_ALU[25])
                                                      0.265    13.651 r  candidate_lanes[0].lane_pe/codec/angular_temporary1__1/DSP_A_B_DATA_INST/A_ALU[25]
                         net (fo=1, routed)           0.000    13.651    candidate_lanes[0].lane_pe/codec/angular_temporary1__1/DSP_A_B_DATA.A_ALU<25>
    DSP48E2_X11Y36       DSP_ALU (Prop_DSP_ALU_DSP48E2_A_ALU[25]_ALU_OUT[47])
                                                      0.726    14.377 f  candidate_lanes[0].lane_pe/codec/angular_temporary1__1/DSP_ALU_INST/ALU_OUT[47]
                         net (fo=1, routed)           0.000    14.377    candidate_lanes[0].lane_pe/codec/angular_temporary1__1/DSP_ALU.ALU_OUT<47>
    DSP48E2_X11Y36       DSP_OUTPUT (Prop_DSP_OUTPUT_DSP48E2_ALU_OUT[47]_PCOUT[47])
                                                      0.167    14.544 r  candidate_lanes[0].lane_pe/codec/angular_temporary1__1/DSP_OUTPUT_INST/PCOUT[47]
                         net (fo=1, routed)           0.014    14.558    candidate_lanes[0].lane_pe/codec/angular_temporary1__2/PCIN[47]
    DSP48E2_X11Y37       DSP_ALU (Prop_DSP_ALU_DSP48E2_PCIN[47]_ALU_OUT[8])
                                                      0.739    15.297 f  candidate_lanes[0].lane_pe/codec/angular_temporary1__2/DSP_ALU_INST/ALU_OUT[8]
                         net (fo=1, routed)           0.000    15.297    candidate_lanes[0].lane_pe/codec/angular_temporary1__2/DSP_ALU.ALU_OUT<8>
    DSP48E2_X11Y37       DSP_OUTPUT (Prop_DSP_OUTPUT_DSP48E2_ALU_OUT[8]_P[8])
                                                      0.146    15.443 r  candidate_lanes[0].lane_pe/codec/angular_temporary1__2/DSP_OUTPUT_INST/P[8]
                         net (fo=1, routed)           0.209    15.652    candidate_lanes[0].lane_pe/codec/angular_temporary1__2_n_97
    SLICE_X41Y91         LUT5 (Prop_E6LUT_SLICEM_I4_O)
                                                      0.187    15.839 r  candidate_lanes[0].lane_pe/codec/distortion13_i_231/O
                         net (fo=5, routed)           0.283    16.122    candidate_lanes[0].lane_pe/codec/distortion13_i_231_n_0
    SLICE_X42Y89         LUT6 (Prop_D6LUT_SLICEL_I0_O)
                                                      0.057    16.179 r  candidate_lanes[0].lane_pe/codec/distortion13_i_374/O
                         net (fo=1, routed)           0.013    16.192    candidate_lanes[0].lane_pe/codec/distortion13_i_374_n_0
    SLICE_X42Y89         CARRY8 (Prop_CARRY8_SLICEL_S[3]_CO[7])
                                                      0.220    16.412 r  candidate_lanes[0].lane_pe/codec/distortion13_i_226/CO[7]
                         net (fo=1, routed)           0.062    16.474    candidate_lanes[0].lane_pe/codec/distortion13_i_226_n_0
    SLICE_X42Y90         CARRY8 (Prop_CARRY8_SLICEL_CI_CO[7])
                                                      0.065    16.539 r  candidate_lanes[0].lane_pe/codec/distortion13_i_211/CO[7]
                         net (fo=1, routed)           0.030    16.569    candidate_lanes[0].lane_pe/codec/distortion13_i_211_n_0
    SLICE_X42Y91         CARRY8 (Prop_CARRY8_SLICEL_CI_CO[7])
                                                      0.065    16.634 r  candidate_lanes[0].lane_pe/codec/distortion13_i_210/CO[7]
                         net (fo=1, routed)           0.030    16.664    candidate_lanes[0].lane_pe/codec/distortion13_i_210_n_0
    SLICE_X42Y92         CARRY8 (Prop_CARRY8_SLICEL_CI_CO[3])
                                                      0.082    16.746 r  candidate_lanes[0].lane_pe/codec/distortion13_i_205/CO[3]
                         net (fo=35, routed)          0.372    17.118    candidate_lanes[0].lane_pe/codec/distortion13_i_205_n_4
    SLICE_X43Y89         LUT2 (Prop_B6LUT_SLICEM_I0_O)
                                                      0.225    17.343 r  candidate_lanes[0].lane_pe/codec/distortion13_i_247/O
                         net (fo=1, routed)           0.022    17.365    candidate_lanes[0].lane_pe/codec/distortion13_i_247_n_0
    SLICE_X43Y89         CARRY8 (Prop_CARRY8_SLICEM_S[1]_CO[3])
                                                      0.257    17.622 r  candidate_lanes[0].lane_pe/codec/distortion13_i_204/CO[3]
                         net (fo=30, routed)          0.315    17.936    candidate_lanes[0].lane_pe/codec/distortion13_i_204_n_4
    SLICE_X42Y87         LUT3 (Prop_C6LUT_SLICEL_I2_O)
                                                      0.187    18.123 r  candidate_lanes[0].lane_pe/codec/distortion13_i_235/O
                         net (fo=1, routed)           0.098    18.221    candidate_lanes[0].lane_pe/codec/distortion13_i_235_n_0
    SLICE_X41Y87         LUT5 (Prop_A6LUT_SLICEM_I0_O)
                                                      0.152    18.373 r  candidate_lanes[0].lane_pe/codec/distortion13_i_196/O
                         net (fo=2, routed)           0.104    18.478    candidate_lanes[0].lane_pe/codec/distortion13_i_196_n_0
    SLICE_X41Y88         LUT6 (Prop_C6LUT_SLICEM_I3_O)
                                                      0.056    18.534 r  candidate_lanes[0].lane_pe/codec/distortion4_i_103/O
                         net (fo=3, routed)           0.211    18.745    candidate_lanes[0].lane_pe/codec/distortion4_i_103_n_0
    SLICE_X37Y88         LUT2 (Prop_B6LUT_SLICEM_I1_O)
                                                      0.082    18.827 r  candidate_lanes[0].lane_pe/codec/(null)[0].value4__13_i_185/O
                         net (fo=1, routed)           0.022    18.849    candidate_lanes[0].lane_pe/codec/(null)[0].value4__13_i_185_n_0
    SLICE_X37Y88         CARRY8 (Prop_CARRY8_SLICEM_S[1]_O[5])
                                                      0.333    19.182 r  candidate_lanes[0].lane_pe/codec/(null)[0].value4__13_i_102/O[5]
                         net (fo=28, routed)          0.658    19.840    candidate_lanes[0].lane_pe/codec/codec_residual[113]
    SLICE_X37Y76         LUT2 (Prop_F6LUT_SLICEM_I1_O)
                                                      0.080    19.920 r  candidate_lanes[0].lane_pe/codec/(null)[0].value4__5_i_810/O
                         net (fo=1, routed)           0.029    19.949    candidate_lanes[0].lane_pe/codec/(null)[0].value4__5_i_810_n_0
    SLICE_X37Y76         CARRY8 (Prop_CARRY8_SLICEM_S[5]_CO[7])
                                                      0.238    20.187 r  candidate_lanes[0].lane_pe/codec/(null)[0].value4__5_i_525/CO[7]
                         net (fo=1, routed)           0.030    20.217    candidate_lanes[0].lane_pe/codec/(null)[0].value4__5_i_525_n_0
    SLICE_X37Y77         CARRY8 (Prop_CARRY8_SLICEM_CI_O[1])
                                                      0.106    20.323 r  candidate_lanes[0].lane_pe/codec/(null)[0].value4__5_i_760/O[1]
                         net (fo=2, routed)           0.224    20.547    candidate_lanes[0].lane_pe/codec/(null)[0].value4__5_i_760_n_14
    SLICE_X38Y76         LUT2 (Prop_F6LUT_SLICEM_I0_O)
                                                      0.149    20.696 r  candidate_lanes[0].lane_pe/codec/(null)[0].value4__5_i_763/O
                         net (fo=1, routed)           0.029    20.725    candidate_lanes[0].lane_pe/codec/(null)[0].value4__5_i_763_n_0
    SLICE_X38Y76         CARRY8 (Prop_CARRY8_SLICEM_S[5]_CO[7])
                                                      0.238    20.963 r  candidate_lanes[0].lane_pe/codec/(null)[0].value4__5_i_517/CO[7]
                         net (fo=1, routed)           0.030    20.993    candidate_lanes[0].lane_pe/codec/(null)[0].value4__5_i_517_n_0
    SLICE_X38Y77         CARRY8 (Prop_CARRY8_SLICEM_CI_O[0])
                                                      0.078    21.071 r  candidate_lanes[0].lane_pe/codec/(null)[0].value4__5_i_930/O[0]
                         net (fo=2, routed)           0.159    21.230    candidate_lanes[0].lane_pe/codec/transformed90_in[12]
    SLICE_X38Y75         LUT5 (Prop_G6LUT_SLICEM_I0_O)
                                                      0.057    21.287 r  candidate_lanes[0].lane_pe/codec/(null)[0].value4__5_i_584/O
                         net (fo=2, routed)           0.618    21.905    candidate_lanes[0].lane_pe/codec/(null)[0].value4__5_i_584_n_0
    SLICE_X45Y75         LUT6 (Prop_F6LUT_SLICEM_I0_O)
                                                      0.149    22.054 r  candidate_lanes[0].lane_pe/codec/(null)[0].value4__5_i_592/O
                         net (fo=1, routed)           0.029    22.083    candidate_lanes[0].lane_pe/codec/(null)[0].value4__5_i_592_n_0
    SLICE_X45Y75         CARRY8 (Prop_CARRY8_SLICEM_S[5]_O[6])
                                                      0.186    22.269 r  candidate_lanes[0].lane_pe/codec/(null)[0].value4__5_i_474/O[6]
                         net (fo=25, routed)          0.755    23.023    candidate_lanes[0].lane_pe/codec/(null)[0].value4__5_i_474_n_9
    SLICE_X47Y50         LUT2 (Prop_F6LUT_SLICEL_I1_O)
                                                      0.150    23.173 r  candidate_lanes[0].lane_pe/codec/(null)[0].value4__9_i_327/O
                         net (fo=1, routed)           0.015    23.188    candidate_lanes[0].lane_pe/codec/(null)[0].value4__9_i_327_n_0
    SLICE_X47Y50         CARRY8 (Prop_CARRY8_SLICEL_S[5]_O[6])
                                                      0.180    23.368 r  candidate_lanes[0].lane_pe/codec/(null)[0].value4__9_i_292/O[6]
                         net (fo=3, routed)           0.623    23.992    candidate_lanes[0].lane_pe/codec/(null)[0].value4__9_i_292_n_9
    SLICE_X45Y48         LUT6 (Prop_G6LUT_SLICEM_I0_O)
                                                      0.186    24.178 r  candidate_lanes[0].lane_pe/codec/(null)[0].value4__9_i_250/O
                         net (fo=1, routed)           0.021    24.199    candidate_lanes[0].lane_pe/codec/(null)[0].value4__9_i_250_n_0
    SLICE_X45Y48         CARRY8 (Prop_CARRY8_SLICEM_S[6]_CO[7])
                                                      0.175    24.374 r  candidate_lanes[0].lane_pe/codec/(null)[0].value4__9_i_116/CO[7]
                         net (fo=1, routed)           0.030    24.404    candidate_lanes[0].lane_pe/codec/(null)[0].value4__9_i_116_n_0
    SLICE_X45Y49         CARRY8 (Prop_CARRY8_SLICEM_CI_O[0])
                                                      0.078    24.482 r  candidate_lanes[0].lane_pe/codec/(null)[0].value4__9_i_104/O[0]
                         net (fo=4, routed)           0.686    25.168    candidate_lanes[0].lane_pe/codec/(null)[0].value4__9_i_104_n_15
    SLICE_X42Y68         LUT3 (Prop_G6LUT_SLICEL_I0_O)
                                                      0.226    25.394 r  candidate_lanes[0].lane_pe/codec/(null)[0].value4__9_i_123/O
                         net (fo=1, routed)           0.232    25.626    candidate_lanes[0].lane_pe/codec/(null)[0].value4__9_i_123_n_0
    SLICE_X42Y65         LUT5 (Prop_D6LUT_SLICEL_I1_O)
                                                      0.152    25.778 r  candidate_lanes[0].lane_pe/codec/(null)[0].value4__9_i_70/O
                         net (fo=1, routed)           0.013    25.791    candidate_lanes[0].lane_pe/codec/(null)[0].value4__9_i_70_n_0
    SLICE_X42Y65         CARRY8 (Prop_CARRY8_SLICEL_S[3]_O[4])
                                                      0.208    25.999 f  candidate_lanes[0].lane_pe/codec/(null)[0].value4__9_i_20/O[4]
                         net (fo=2, routed)           0.297    26.296    candidate_lanes[0].lane_pe/codec/codec_transformed__0[238]
    SLICE_X39Y63         LUT1 (Prop_F6LUT_SLICEL_I0_O)
                                                      0.136    26.432 r  candidate_lanes[0].lane_pe/codec/(null)[0].value4__9_i_41/O
                         net (fo=1, routed)           0.015    26.447    candidate_lanes[0].lane_pe/codec/(null)[0].value4__9_i_41_n_0
    SLICE_X39Y63         CARRY8 (Prop_CARRY8_SLICEL_S[5]_O[7])
                                                      0.194    26.641 f  candidate_lanes[0].lane_pe/codec/(null)[0].value4__9_i_18/O[7]
                         net (fo=1, routed)           0.199    26.840    candidate_lanes[0].lane_pe/codec/(null)[0].value4__9_i_18_n_8
    SLICE_X39Y66         LUT3 (Prop_B6LUT_SLICEL_I0_O)
                                                      0.152    26.992 f  candidate_lanes[0].lane_pe/codec/(null)[0].value4__9_i_1/O
                         net (fo=1, routed)           0.457    27.449    candidate_lanes[0].lane_pe/codec/(null)[0].value4__9/A[16]
    DSP48E2_X10Y18       DSP_A_B_DATA (Prop_DSP_A_B_DATA_DSP48E2_A[16]_A2_DATA[16])
                                                      0.258    27.707 r  candidate_lanes[0].lane_pe/codec/(null)[0].value4__9/DSP_A_B_DATA_INST/A2_DATA[16]
                         net (fo=1, routed)           0.000    27.707    candidate_lanes[0].lane_pe/codec/(null)[0].value4__9/DSP_A_B_DATA.A2_DATA<16>
    DSP48E2_X10Y18       DSP_PREADD_DATA (Prop_DSP_PREADD_DATA_DSP48E2_A2_DATA[16]_A2A1[16])
                                                      0.114    27.821 r  candidate_lanes[0].lane_pe/codec/(null)[0].value4__9/DSP_PREADD_DATA_INST/A2A1[16]
                         net (fo=1, routed)           0.000    27.821    candidate_lanes[0].lane_pe/codec/(null)[0].value4__9/DSP_PREADD_DATA.A2A1<16>
    DSP48E2_X10Y18       DSP_MULTIPLIER (Prop_DSP_MULTIPLIER_DSP48E2_A2A1[16]_U[36])
                                                      0.700    28.521 f  candidate_lanes[0].lane_pe/codec/(null)[0].value4__9/DSP_MULTIPLIER_INST/U[36]
                         net (fo=1, routed)           0.000    28.521    candidate_lanes[0].lane_pe/codec/(null)[0].value4__9/DSP_MULTIPLIER.U<36>
    DSP48E2_X10Y18       DSP_M_DATA (Prop_DSP_M_DATA_DSP48E2_U[36]_U_DATA[36])
                                                      0.067    28.588 r  candidate_lanes[0].lane_pe/codec/(null)[0].value4__9/DSP_M_DATA_INST/U_DATA[36]
                         net (fo=1, routed)           0.000    28.588    candidate_lanes[0].lane_pe/codec/(null)[0].value4__9/DSP_M_DATA.U_DATA<36>
    DSP48E2_X10Y18       DSP_ALU (Prop_DSP_ALU_DSP48E2_U_DATA[36]_ALU_OUT[47])
                                                      0.727    29.315 f  candidate_lanes[0].lane_pe/codec/(null)[0].value4__9/DSP_ALU_INST/ALU_OUT[47]
                         net (fo=1, routed)           0.000    29.315    candidate_lanes[0].lane_pe/codec/(null)[0].value4__9/DSP_ALU.ALU_OUT<47>
    DSP48E2_X10Y18       DSP_OUTPUT (Prop_DSP_OUTPUT_DSP48E2_ALU_OUT[47]_PCOUT[47])
                                                      0.167    29.482 r  candidate_lanes[0].lane_pe/codec/(null)[0].value4__9/DSP_OUTPUT_INST/PCOUT[47]
                         net (fo=1, routed)           0.014    29.496    candidate_lanes[0].lane_pe/codec/(null)[0].value4__10/PCIN[47]
    DSP48E2_X10Y19       DSP_ALU (Prop_DSP_ALU_DSP48E2_PCIN[47]_ALU_OUT[3])
                                                      0.739    30.235 f  candidate_lanes[0].lane_pe/codec/(null)[0].value4__10/DSP_ALU_INST/ALU_OUT[3]
                         net (fo=1, routed)           0.000    30.235    candidate_lanes[0].lane_pe/codec/(null)[0].value4__10/DSP_ALU.ALU_OUT<3>
    DSP48E2_X10Y19       DSP_OUTPUT (Prop_DSP_OUTPUT_DSP48E2_ALU_OUT[3]_P[3])
                                                      0.146    30.381 r  candidate_lanes[0].lane_pe/codec/(null)[0].value4__10/DSP_OUTPUT_INST/P[3]
                         net (fo=2, routed)           0.324    30.704    candidate_lanes[0].lane_pe/codec/(null)[0].value4__10_n_102
    SLICE_X37Y47         LUT6 (Prop_E6LUT_SLICEM_I5_O)
                                                      0.187    30.891 r  candidate_lanes[0].lane_pe/codec/clip164__7__0_i_135/O
                         net (fo=1, routed)           0.018    30.909    candidate_lanes[0].lane_pe/codec/clip164__7__0_i_135_n_0
    SLICE_X37Y47         CARRY8 (Prop_CARRY8_SLICEM_S[4]_CO[7])
                                                      0.236    31.145 r  candidate_lanes[0].lane_pe/codec/clip164__7__0_i_77/CO[7]
                         net (fo=1, routed)           0.030    31.175    candidate_lanes[0].lane_pe/codec/clip164__7__0_i_77_n_0
    SLICE_X37Y48         CARRY8 (Prop_CARRY8_SLICEM_CI_O[0])
                                                      0.078    31.253 f  candidate_lanes[0].lane_pe/codec/clip164__7__0_i_59/O[0]
                         net (fo=5, routed)           0.520    31.773    candidate_lanes[0].lane_pe/codec/clip164__7__0_i_59_n_15
    SLICE_X40Y63         LUT4 (Prop_B6LUT_SLICEM_I0_O)
                                                      0.152    31.925 r  candidate_lanes[0].lane_pe/codec/clip164__7__0_i_78/O
                         net (fo=2, routed)           0.122    32.047    candidate_lanes[0].lane_pe/codec/clip164__7__0_i_78_n_0
    SLICE_X40Y64         LUT5 (Prop_D6LUT_SLICEM_I4_O)
                                                      0.220    32.267 r  candidate_lanes[0].lane_pe/codec/clip164__7__0_i_69/O
                         net (fo=1, routed)           0.400    32.667    candidate_lanes[0].lane_pe/codec/clip164__7__0_i_69_n_0
    SLICE_X40Y65         CARRY8 (Prop_CARRY8_SLICEM_S[0]_CO[7])
                                                      0.281    32.948 r  candidate_lanes[0].lane_pe/codec/clip164__7__0_i_29/CO[7]
                         net (fo=1, routed)           0.030    32.978    candidate_lanes[0].lane_pe/codec/clip164__7__0_i_29_n_0
    SLICE_X40Y66         CARRY8 (Prop_CARRY8_SLICEM_CI_CO[7])
                                                      0.065    33.043 r  candidate_lanes[0].lane_pe/codec/clip164__7__0_i_18/CO[7]
                         net (fo=1, routed)           0.030    33.073    candidate_lanes[0].lane_pe/codec/clip164__7__0_i_18_n_0
    SLICE_X40Y67         CARRY8 (Prop_CARRY8_SLICEM_CI_O[5])
                                                      0.161    33.234 f  candidate_lanes[0].lane_pe/codec/clip164__8__0_i_12/O[5]
                         net (fo=1, routed)           0.164    33.398    candidate_lanes[0].lane_pe/codec/clip164__8__0_i_12_n_10
    SLICE_X39Y67         LUT3 (Prop_A6LUT_SLICEL_I0_O)
                                                      0.137    33.535 f  candidate_lanes[0].lane_pe/codec/clip164__8__0_i_14/O
                         net (fo=5, routed)           0.205    33.740    candidate_lanes[0].lane_pe/codec/clip164__8__0_i_14_n_0
    SLICE_X40Y68         LUT6 (Prop_H6LUT_SLICEM_I1_O)
                                                      0.228    33.968 f  candidate_lanes[0].lane_pe/codec/clip164__7__0_i_202/O
                         net (fo=1, routed)           0.200    34.168    candidate_lanes[0].lane_pe/codec/clip164__7__0_i_202_n_0
    SLICE_X40Y69         CARRY8 (Prop_CARRY8_SLICEM_DI[4]_CO[7])
                                                      0.137    34.305 f  candidate_lanes[0].lane_pe/codec/clip164__7__0_i_157/CO[7]
                         net (fo=1, routed)           0.030    34.335    candidate_lanes[0].lane_pe/codec/clip164__7__0_i_157_n_0
    SLICE_X40Y70         CARRY8 (Prop_CARRY8_SLICEM_CI_CO[7])
                                                      0.065    34.400 f  candidate_lanes[0].lane_pe/codec/clip164__7__0_i_97/CO[7]
                         net (fo=1, routed)           0.030    34.430    candidate_lanes[0].lane_pe/codec/clip164__7__0_i_97_n_0
    SLICE_X40Y71         CARRY8 (Prop_CARRY8_SLICEM_CI_CO[7])
                                                      0.065    34.495 f  candidate_lanes[0].lane_pe/codec/clip164__7__0_i_50/CO[7]
                         net (fo=1, routed)           0.030    34.525    candidate_lanes[0].lane_pe/codec/clip164__7__0_i_50_n_0
    SLICE_X40Y72         CARRY8 (Prop_CARRY8_SLICEM_CI_CO[0])
                                                      0.074    34.599 f  candidate_lanes[0].lane_pe/codec/clip164__7__0_i_21/CO[0]
                         net (fo=26, routed)          0.663    35.262    candidate_lanes[0].lane_pe/codec/clip164__7__0_i_21_n_7
    SLICE_X47Y71         LUT5 (Prop_B6LUT_SLICEL_I3_O)
                                                      0.224    35.486 f  candidate_lanes[0].lane_pe/codec/clip164__7__0_i_4/O
                         net (fo=1, routed)           0.676    36.162    candidate_lanes[0].lane_pe/codec/clip164__7__0/A[13]
    DSP48E2_X12Y28       DSP_A_B_DATA (Prop_DSP_A_B_DATA_DSP48E2_A[13]_A2_DATA[13])
                                                      0.258    36.420 r  candidate_lanes[0].lane_pe/codec/clip164__7__0/DSP_A_B_DATA_INST/A2_DATA[13]
                         net (fo=1, routed)           0.000    36.420    candidate_lanes[0].lane_pe/codec/clip164__7__0/DSP_A_B_DATA.A2_DATA<13>
    DSP48E2_X12Y28       DSP_PREADD_DATA (Prop_DSP_PREADD_DATA_DSP48E2_A2_DATA[13]_A2A1[13])
                                                      0.114    36.534 r  candidate_lanes[0].lane_pe/codec/clip164__7__0/DSP_PREADD_DATA_INST/A2A1[13]
                         net (fo=1, routed)           0.000    36.534    candidate_lanes[0].lane_pe/codec/clip164__7__0/DSP_PREADD_DATA.A2A1<13>
    DSP48E2_X12Y28       DSP_MULTIPLIER (Prop_DSP_MULTIPLIER_DSP48E2_A2A1[13]_U[34])
                                                      0.700    37.234 f  candidate_lanes[0].lane_pe/codec/clip164__7__0/DSP_MULTIPLIER_INST/U[34]
                         net (fo=1, routed)           0.000    37.234    candidate_lanes[0].lane_pe/codec/clip164__7__0/DSP_MULTIPLIER.U<34>
    DSP48E2_X12Y28       DSP_M_DATA (Prop_DSP_M_DATA_DSP48E2_U[34]_U_DATA[34])
                                                      0.067    37.301 r  candidate_lanes[0].lane_pe/codec/clip164__7__0/DSP_M_DATA_INST/U_DATA[34]
                         net (fo=1, routed)           0.000    37.301    candidate_lanes[0].lane_pe/codec/clip164__7__0/DSP_M_DATA.U_DATA<34>
    DSP48E2_X12Y28       DSP_ALU (Prop_DSP_ALU_DSP48E2_U_DATA[34]_ALU_OUT[47])
                                                      0.727    38.028 f  candidate_lanes[0].lane_pe/codec/clip164__7__0/DSP_ALU_INST/ALU_OUT[47]
                         net (fo=1, routed)           0.000    38.028    candidate_lanes[0].lane_pe/codec/clip164__7__0/DSP_ALU.ALU_OUT<47>
    DSP48E2_X12Y28       DSP_OUTPUT (Prop_DSP_OUTPUT_DSP48E2_ALU_OUT[47]_PCOUT[47])
                                                      0.167    38.195 r  candidate_lanes[0].lane_pe/codec/clip164__7__0/DSP_OUTPUT_INST/PCOUT[47]
                         net (fo=1, routed)           0.014    38.209    candidate_lanes[0].lane_pe/codec/clip164__8__0/PCIN[47]
    DSP48E2_X12Y29       DSP_ALU (Prop_DSP_ALU_DSP48E2_PCIN[47]_ALU_OUT[4])
                                                      0.739    38.948 r  candidate_lanes[0].lane_pe/codec/clip164__8__0/DSP_ALU_INST/ALU_OUT[4]
                         net (fo=1, routed)           0.000    38.948    candidate_lanes[0].lane_pe/codec/clip164__8__0/DSP_ALU.ALU_OUT<4>
    DSP48E2_X12Y29       DSP_OUTPUT (Prop_DSP_OUTPUT_DSP48E2_ALU_OUT[4]_P[4])
                                                      0.146    39.094 f  candidate_lanes[0].lane_pe/codec/clip164__8__0/DSP_OUTPUT_INST/P[4]
                         net (fo=4, routed)           0.462    39.556    candidate_lanes[0].lane_pe/codec/clip164__8__0_n_101
    SLICE_X54Y73         LUT6 (Prop_G6LUT_SLICEM_I3_O)
                                                      0.186    39.742 f  candidate_lanes[0].lane_pe/codec/distortion10_i_1803/O
                         net (fo=6, routed)           0.348    40.090    candidate_lanes[0].lane_pe/codec/distortion10_i_1803_n_0
    SLICE_X59Y75         LUT2 (Prop_F6LUT_SLICEL_I1_O)
                                                      0.150    40.240 r  candidate_lanes[0].lane_pe/codec/distortion15__0__0_i_2512/O
                         net (fo=1, routed)           0.015    40.255    candidate_lanes[0].lane_pe/codec/distortion15__0__0_i_2512_n_0
    SLICE_X59Y75         CARRY8 (Prop_CARRY8_SLICEL_S[5]_CO[7])
                                                      0.232    40.487 r  candidate_lanes[0].lane_pe/codec/distortion15__0__0_i_2470/CO[7]
                         net (fo=1, routed)           0.030    40.517    candidate_lanes[0].lane_pe/codec/distortion15__0__0_i_2470_n_0
    SLICE_X59Y76         CARRY8 (Prop_CARRY8_SLICEL_CI_CO[7])
                                                      0.065    40.582 r  candidate_lanes[0].lane_pe/codec/distortion15__0__0_i_2240/CO[7]
                         net (fo=1, routed)           0.030    40.612    candidate_lanes[0].lane_pe/codec/distortion15__0__0_i_2240_n_0
    SLICE_X59Y77         CARRY8 (Prop_CARRY8_SLICEL_CI_CO[7])
                                                      0.065    40.677 r  candidate_lanes[0].lane_pe/codec/distortion15__0__0_i_1956/CO[7]
                         net (fo=1, routed)           0.030    40.707    candidate_lanes[0].lane_pe/codec/distortion15__0__0_i_1956_n_0
    SLICE_X59Y78         CARRY8 (Prop_CARRY8_SLICEL_CI_CO[0])
                                                      0.074    40.781 r  candidate_lanes[0].lane_pe/codec/distortion15__0__0_i_1565/CO[0]
                         net (fo=140, routed)         0.808    41.589    candidate_lanes[0].lane_pe/codec/distortion15__0__0_i_1565_n_7
    SLICE_X59Y120        LUT5 (Prop_B6LUT_SLICEL_I3_O)
                                                      0.083    41.672 r  candidate_lanes[0].lane_pe/codec/distortion15__0__0_i_1241/O
                         net (fo=20, routed)          0.446    42.118    candidate_lanes[0].lane_pe/codec/codec_dequantized__0[114]
    SLICE_X57Y123        LUT2 (Prop_C6LUT_SLICEL_I1_O)
                                                      0.136    42.254 r  candidate_lanes[0].lane_pe/codec/distortion2_i_1931/O
                         net (fo=1, routed)           0.015    42.269    candidate_lanes[0].lane_pe/codec/distortion2_i_1931_n_0
    SLICE_X57Y123        CARRY8 (Prop_CARRY8_SLICEL_S[2]_CO[7])
                                                      0.219    42.488 r  candidate_lanes[0].lane_pe/codec/distortion2_i_1655/CO[7]
                         net (fo=1, routed)           0.030    42.518    candidate_lanes[0].lane_pe/codec/distortion2_i_1655_n_0
    SLICE_X57Y124        CARRY8 (Prop_CARRY8_SLICEL_CI_O[1])
                                                      0.106    42.624 r  candidate_lanes[0].lane_pe/codec/distortion2_i_1657/O[1]
                         net (fo=3, routed)           0.306    42.931    candidate_lanes[0].lane_pe/codec/distortion2_i_1657_n_14
    SLICE_X60Y125        LUT3 (Prop_B6LUT_SLICEL_I1_O)
                                                      0.188    43.119 r  candidate_lanes[0].lane_pe/codec/distortion2_i_1307/O
                         net (fo=1, routed)           0.373    43.492    candidate_lanes[0].lane_pe/codec/distortion2_i_1307_n_0
    SLICE_X59Y125        CARRY8 (Prop_CARRY8_SLICEL_DI[1]_O[3])
                                                      0.147    43.639 r  candidate_lanes[0].lane_pe/codec/distortion2_i_905/O[3]
                         net (fo=3, routed)           0.479    44.117    candidate_lanes[0].lane_pe/codec/(null)[0].value4__0__2[16]
    SLICE_X53Y129        LUT3 (Prop_E5LUT_SLICEM_I1_O)
                                                      0.225    44.342 r  candidate_lanes[0].lane_pe/codec/distortion2_i_912/O
                         net (fo=2, routed)           0.228    44.570    candidate_lanes[0].lane_pe/codec/distortion2_i_912_n_0
    SLICE_X56Y129        LUT5 (Prop_F6LUT_SLICEL_I1_O)
                                                      0.056    44.626 r  candidate_lanes[0].lane_pe/codec/distortion1_i_907/O
                         net (fo=2, routed)           0.329    44.955    candidate_lanes[0].lane_pe/codec/distortion1_i_907_n_0
    SLICE_X55Y129        LUT6 (Prop_A6LUT_SLICEL_I0_O)
                                                      0.137    45.092 r  candidate_lanes[0].lane_pe/codec/distortion1_i_915/O
                         net (fo=1, routed)           0.014    45.106    candidate_lanes[0].lane_pe/codec/distortion1_i_915_n_0
    SLICE_X55Y129        CARRY8 (Prop_CARRY8_SLICEL_S[0]_O[5])
                                                      0.331    45.437 r  candidate_lanes[0].lane_pe/codec/distortion1_i_664/O[5]
                         net (fo=1, routed)           0.425    45.862    candidate_lanes[0].lane_pe/codec/distortion1_i_664_n_10
    SLICE_X55Y133        CARRY8 (Prop_CARRY8_SLICEL_S[1]_CO[7])
                                                      0.261    46.123 r  candidate_lanes[0].lane_pe/codec/distortion1_i_544/CO[7]
                         net (fo=1, routed)           0.030    46.153    candidate_lanes[0].lane_pe/codec/distortion1_i_544_n_0
    SLICE_X55Y134        CARRY8 (Prop_CARRY8_SLICEL_CI_O[1])
                                                      0.106    46.259 r  candidate_lanes[0].lane_pe/codec/distortion1_i_543/O[1]
                         net (fo=25, routed)          0.865    47.124    candidate_lanes[0].lane_pe/codec/distortion1_i_543_n_14
    SLICE_X46Y142        LUT2 (Prop_E6LUT_SLICEL_I1_O)
                                                      0.083    47.207 r  candidate_lanes[0].lane_pe/codec/distortion2_i_1162/O
                         net (fo=1, routed)           0.011    47.218    candidate_lanes[0].lane_pe/codec/distortion2_i_1162_n_0
    SLICE_X46Y142        CARRY8 (Prop_CARRY8_SLICEL_S[4]_CO[7])
                                                      0.232    47.450 f  candidate_lanes[0].lane_pe/codec/distortion2_i_877/CO[7]
                         net (fo=1, routed)           0.030    47.480    candidate_lanes[0].lane_pe/codec/distortion2_i_877_n_0
    SLICE_X46Y143        CARRY8 (Prop_CARRY8_SLICEL_CI_CO[7])
                                                      0.065    47.545 f  candidate_lanes[0].lane_pe/codec/distortion2_i_704/CO[7]
                         net (fo=1, routed)           0.030    47.575    candidate_lanes[0].lane_pe/codec/distortion2_i_704_n_0
    SLICE_X46Y144        CARRY8 (Prop_CARRY8_SLICEL_CI_CO[7])
                                                      0.065    47.640 f  candidate_lanes[0].lane_pe/codec/distortion2_i_525/CO[7]
                         net (fo=1, routed)           0.030    47.670    candidate_lanes[0].lane_pe/codec/distortion2_i_525_n_0
    SLICE_X46Y145        CARRY8 (Prop_CARRY8_SLICEL_CI_CO[0])
                                                      0.074    47.744 f  candidate_lanes[0].lane_pe/codec/distortion2_i_417/CO[0]
                         net (fo=388, routed)         0.725    48.469    candidate_lanes[0].lane_pe/codec/distortion2_i_417_n_7
    SLICE_X48Y155        LUT3 (Prop_C5LUT_SLICEL_I1_O)
                                                      0.152    48.621 r  candidate_lanes[0].lane_pe/codec/distortion3_i_745/O
                         net (fo=1, routed)           0.000    48.621    candidate_lanes[0].lane_pe/codec/distortion3_i_745_n_0
    SLICE_X48Y155        CARRY8 (Prop_CARRY8_SLICEL_DI[2]_O[4])
                                                      0.245    48.866 r  candidate_lanes[0].lane_pe/codec/distortion3_i_572/O[4]
                         net (fo=3, routed)           0.609    49.475    candidate_lanes[0].lane_pe/codec/distortion3_i_572_n_11
    SLICE_X49Y154        LUT5 (Prop_E6LUT_SLICEL_I4_O)
                                                      0.138    49.613 r  candidate_lanes[0].lane_pe/codec/distortion3_i_511/O
                         net (fo=1, routed)           0.303    49.916    candidate_lanes[0].lane_pe/codec/distortion3_i_511_n_0
    SLICE_X49Y155        CARRY8 (Prop_CARRY8_SLICEL_DI[5]_CO[7])
                                                      0.108    50.024 r  candidate_lanes[0].lane_pe/codec/distortion3_i_358/CO[7]
                         net (fo=1, routed)           0.030    50.054    candidate_lanes[0].lane_pe/codec/distortion3_i_358_n_0
    SLICE_X49Y156        CARRY8 (Prop_CARRY8_SLICEL_CI_O[0])
                                                      0.078    50.132 r  candidate_lanes[0].lane_pe/codec/distortion3_i_331/O[0]
                         net (fo=3, routed)           0.847    50.979    candidate_lanes[0].lane_pe/codec/distortion3_i_331_n_15
    SLICE_X46Y163        LUT3 (Prop_C6LUT_SLICEL_I0_O)
                                                      0.187    51.166 r  candidate_lanes[0].lane_pe/codec/distortion3_i_359/O
                         net (fo=2, routed)           0.168    51.334    candidate_lanes[0].lane_pe/codec/distortion3_i_359_n_0
    SLICE_X46Y163        LUT5 (Prop_E5LUT_SLICEL_I4_O)
                                                      0.222    51.556 r  candidate_lanes[0].lane_pe/codec/distortion3_i_270/O
                         net (fo=2, routed)           0.359    51.915    candidate_lanes[0].lane_pe/codec/distortion3_i_270_n_0
    SLICE_X46Y147        LUT6 (Prop_F6LUT_SLICEL_I0_O)
                                                      0.081    51.996 r  candidate_lanes[0].lane_pe/codec/distortion3_i_278/O
                         net (fo=1, routed)           0.015    52.011    candidate_lanes[0].lane_pe/codec/distortion3_i_278_n_0
    SLICE_X46Y147        CARRY8 (Prop_CARRY8_SLICEL_S[5]_CO[7])
                                                      0.232    52.243 r  candidate_lanes[0].lane_pe/codec/distortion3_i_205/CO[7]
                         net (fo=1, routed)           0.030    52.273    candidate_lanes[0].lane_pe/codec/distortion3_i_205_n_0
    SLICE_X46Y148        CARRY8 (Prop_CARRY8_SLICEL_CI_O[4])
                                                      0.119    52.392 r  candidate_lanes[0].lane_pe/codec/distortion3_i_188/O[4]
                         net (fo=1, routed)           0.490    52.882    candidate_lanes[0].lane_pe/codec/distortion3_i_188_n_11
    SLICE_X45Y147        CARRY8 (Prop_CARRY8_SLICEM_S[2]_CO[7])
                                                      0.229    53.111 r  candidate_lanes[0].lane_pe/codec/distortion3_i_151/CO[7]
                         net (fo=1, routed)           0.030    53.141    candidate_lanes[0].lane_pe/codec/distortion3_i_151_n_0
    SLICE_X45Y148        CARRY8 (Prop_CARRY8_SLICEM_CI_O[1])
                                                      0.106    53.247 r  candidate_lanes[0].lane_pe/codec/distortion3_i_129/O[1]
                         net (fo=5, routed)           0.851    54.098    candidate_lanes[0].lane_pe/codec/distortion3_i_129_n_14
    SLICE_X39Y125        LUT2 (Prop_A6LUT_SLICEL_I0_O)
                                                      0.152    54.250 r  candidate_lanes[0].lane_pe/codec/distortion3_i_444/O
                         net (fo=1, routed)           0.014    54.264    candidate_lanes[0].lane_pe/codec/distortion3_i_444_n_0
    SLICE_X39Y125        CARRY8 (Prop_CARRY8_SLICEL_S[0]_CO[7])
                                                      0.278    54.542 r  candidate_lanes[0].lane_pe/codec/distortion3_i_309/CO[7]
                         net (fo=1, routed)           0.030    54.572    candidate_lanes[0].lane_pe/codec/distortion3_i_309_n_0
    SLICE_X39Y126        CARRY8 (Prop_CARRY8_SLICEL_CI_CO[7])
                                                      0.065    54.637 r  candidate_lanes[0].lane_pe/codec/distortion3_i_231/CO[7]
                         net (fo=1, routed)           0.030    54.667    candidate_lanes[0].lane_pe/codec/distortion3_i_231_n_0
    SLICE_X39Y127        CARRY8 (Prop_CARRY8_SLICEL_CI_CO[7])
                                                      0.065    54.732 r  candidate_lanes[0].lane_pe/codec/distortion3_i_179/CO[7]
                         net (fo=1, routed)           0.030    54.762    candidate_lanes[0].lane_pe/codec/distortion3_i_179_n_0
    SLICE_X39Y128        CARRY8 (Prop_CARRY8_SLICEL_CI_CO[0])
                                                      0.074    54.836 r  candidate_lanes[0].lane_pe/codec/distortion3_i_131/CO[0]
                         net (fo=32, routed)          0.347    55.183    candidate_lanes[0].lane_pe/codec/clip161__0
    SLICE_X42Y123        LUT4 (Prop_A6LUT_SLICEL_I3_O)
                                                      0.225    55.408 r  candidate_lanes[0].lane_pe/codec/distortion3_i_108/O
                         net (fo=1, routed)           0.014    55.422    candidate_lanes[0].lane_pe/codec/distortion3_i_108_n_0
    SLICE_X42Y123        CARRY8 (Prop_CARRY8_SLICEL_S[0]_CO[7])
                                                      0.278    55.700 r  candidate_lanes[0].lane_pe/codec/distortion3_i_40/CO[7]
                         net (fo=1, routed)           0.030    55.730    candidate_lanes[0].lane_pe/codec/distortion3_i_40_n_0
    SLICE_X42Y124        CARRY8 (Prop_CARRY8_SLICEL_CI_CO[7])
                                                      0.065    55.795 r  candidate_lanes[0].lane_pe/codec/distortion3_i_39/CO[7]
                         net (fo=1, routed)           0.030    55.825    candidate_lanes[0].lane_pe/codec/distortion3_i_39_n_0
    SLICE_X42Y125        CARRY8 (Prop_CARRY8_SLICEL_CI_CO[7])
                                                      0.065    55.890 r  candidate_lanes[0].lane_pe/codec/distortion3_i_38/CO[7]
                         net (fo=1, routed)           0.030    55.920    candidate_lanes[0].lane_pe/codec/distortion3_i_38_n_0
    SLICE_X42Y126        CARRY8 (Prop_CARRY8_SLICEL_CI_O[3])
                                                      0.114    56.034 f  candidate_lanes[0].lane_pe/codec/distortion3_i_37/O[3]
                         net (fo=3, routed)           0.220    56.253    candidate_lanes[0].lane_pe/codec/(null)[0].value__3[27]
    SLICE_X41Y125        LUT2 (Prop_B6LUT_SLICEM_I0_O)
                                                      0.225    56.478 r  candidate_lanes[0].lane_pe/codec/distortion3_i_48/O
                         net (fo=1, routed)           0.022    56.500    candidate_lanes[0].lane_pe/codec/distortion3_i_48_n_0
    SLICE_X41Y125        CARRY8 (Prop_CARRY8_SLICEM_S[1]_CO[3])
                                                      0.257    56.757 r  candidate_lanes[0].lane_pe/codec/distortion3_i_36/CO[3]
                         net (fo=31, routed)          0.338    57.096    candidate_lanes[0].lane_pe/codec/clip81__2
    SLICE_X40Y123        LUT4 (Prop_A6LUT_SLICEM_I1_O)
                                                      0.083    57.179 r  candidate_lanes[0].lane_pe/codec/distortion3_i_35/O
                         net (fo=1, routed)           0.017    57.196    candidate_lanes[0].lane_pe/codec/distortion3_i_35_n_0
    SLICE_X40Y123        CARRY8 (Prop_CARRY8_SLICEM_S[0]_CO[7])
                                                      0.281    57.477 r  candidate_lanes[0].lane_pe/codec/distortion3_i_4/CO[7]
                         net (fo=1, routed)           0.030    57.507    candidate_lanes[0].lane_pe/codec/distortion3_i_4_n_0
    SLICE_X40Y124        CARRY8 (Prop_CARRY8_SLICEM_CI_O[3])
                                                      0.114    57.621 f  candidate_lanes[0].lane_pe/codec/distortion3_i_3/O[3]
                         net (fo=4, routed)           0.614    58.235    candidate_lanes[0].lane_pe/codec/distortion3__0/A[11]
    DSP48E2_X11Y51       DSP_A_B_DATA (Prop_DSP_A_B_DATA_DSP48E2_A[11]_A2_DATA[11])
                                                      0.258    58.493 r  candidate_lanes[0].lane_pe/codec/distortion3__0/DSP_A_B_DATA_INST/A2_DATA[11]
                         net (fo=1, routed)           0.000    58.493    candidate_lanes[0].lane_pe/codec/distortion3__0/DSP_A_B_DATA.A2_DATA<11>
    DSP48E2_X11Y51       DSP_PREADD_DATA (Prop_DSP_PREADD_DATA_DSP48E2_A2_DATA[11]_A2A1[11])
                                                      0.114    58.607 r  candidate_lanes[0].lane_pe/codec/distortion3__0/DSP_PREADD_DATA_INST/A2A1[11]
                         net (fo=1, routed)           0.000    58.607    candidate_lanes[0].lane_pe/codec/distortion3__0/DSP_PREADD_DATA.A2A1<11>
    DSP48E2_X11Y51       DSP_MULTIPLIER (Prop_DSP_MULTIPLIER_DSP48E2_A2A1[11]_U[32])
                                                      0.700    59.307 f  candidate_lanes[0].lane_pe/codec/distortion3__0/DSP_MULTIPLIER_INST/U[32]
                         net (fo=1, routed)           0.000    59.307    candidate_lanes[0].lane_pe/codec/distortion3__0/DSP_MULTIPLIER.U<32>
    DSP48E2_X11Y51       DSP_M_DATA (Prop_DSP_M_DATA_DSP48E2_U[32]_U_DATA[32])
                                                      0.067    59.374 r  candidate_lanes[0].lane_pe/codec/distortion3__0/DSP_M_DATA_INST/U_DATA[32]
                         net (fo=1, routed)           0.000    59.374    candidate_lanes[0].lane_pe/codec/distortion3__0/DSP_M_DATA.U_DATA<32>
    DSP48E2_X11Y51       DSP_ALU (Prop_DSP_ALU_DSP48E2_U_DATA[32]_ALU_OUT[47])
                                                      0.727    60.101 f  candidate_lanes[0].lane_pe/codec/distortion3__0/DSP_ALU_INST/ALU_OUT[47]
                         net (fo=1, routed)           0.000    60.101    candidate_lanes[0].lane_pe/codec/distortion3__0/DSP_ALU.ALU_OUT<47>
    DSP48E2_X11Y51       DSP_OUTPUT (Prop_DSP_OUTPUT_DSP48E2_ALU_OUT[47]_PCOUT[47])
                                                      0.167    60.268 r  candidate_lanes[0].lane_pe/codec/distortion3__0/DSP_OUTPUT_INST/PCOUT[47]
                         net (fo=1, routed)           0.038    60.306    candidate_lanes[0].lane_pe/codec/distortion3__1/PCIN[47]
    DSP48E2_X11Y52       DSP_ALU (Prop_DSP_ALU_DSP48E2_PCIN[47]_ALU_OUT[0])
                                                      0.739    61.045 f  candidate_lanes[0].lane_pe/codec/distortion3__1/DSP_ALU_INST/ALU_OUT[0]
                         net (fo=1, routed)           0.000    61.045    candidate_lanes[0].lane_pe/codec/distortion3__1/DSP_ALU.ALU_OUT<0>
    DSP48E2_X11Y52       DSP_OUTPUT (Prop_DSP_OUTPUT_DSP48E2_ALU_OUT[0]_P[0])
                                                      0.146    61.191 r  candidate_lanes[0].lane_pe/codec/distortion3__1/DSP_OUTPUT_INST/P[0]
                         net (fo=2, routed)           0.177    61.368    candidate_lanes[0].lane_pe/codec/distortion3__1_n_105
    SLICE_X40Y130        LUT2 (Prop_B6LUT_SLICEM_I0_O)
                                                      0.057    61.425 r  candidate_lanes[0].lane_pe/codec/out_distortion[28]_i_485/O
                         net (fo=1, routed)           0.022    61.447    candidate_lanes[0].lane_pe/codec/out_distortion[28]_i_485_n_0
    SLICE_X40Y130        CARRY8 (Prop_CARRY8_SLICEM_S[1]_O[2])
                                                      0.179    61.626 r  candidate_lanes[0].lane_pe/codec/out_distortion_reg[28]_i_434/O[2]
                         net (fo=3, routed)           0.318    61.944    candidate_lanes[0].lane_pe/codec/out_distortion_reg[28]_i_434_n_13
    SLICE_X37Y128        LUT3 (Prop_A6LUT_SLICEM_I2_O)
                                                      0.138    62.082 r  candidate_lanes[0].lane_pe/codec/out_distortion[28]_i_362/O
                         net (fo=1, routed)           0.638    62.720    candidate_lanes[0].lane_pe/codec/out_distortion[28]_i_362_n_0
    SLICE_X34Y127        CARRY8 (Prop_CARRY8_SLICEM_DI[3]_O[5])
                                                      0.268    62.988 r  candidate_lanes[0].lane_pe/codec/out_distortion_reg[28]_i_180/O[5]
                         net (fo=3, routed)           0.332    63.320    candidate_lanes[0].lane_pe/codec/out_distortion_reg[28]_i_180_n_10
    SLICE_X29Y128        LUT3 (Prop_D6LUT_SLICEM_I0_O)
                                                      0.056    63.376 r  candidate_lanes[0].lane_pe/codec/out_distortion[28]_i_128/O
                         net (fo=1, routed)           0.492    63.868    candidate_lanes[0].lane_pe/codec/out_distortion[28]_i_128_n_0
    SLICE_X31Y128        CARRY8 (Prop_CARRY8_SLICEM_DI[6]_O[7])
                                                      0.133    64.001 r  candidate_lanes[0].lane_pe/codec/out_distortion_reg[28]_i_29/O[7]
                         net (fo=3, routed)           0.315    64.316    candidate_lanes[0].lane_pe/codec/out_distortion_reg[28]_i_29_n_8
    SLICE_X34Y132        LUT3 (Prop_E6LUT_SLICEM_I1_O)
                                                      0.057    64.373 r  candidate_lanes[0].lane_pe/codec/out_distortion[28]_i_31/O
                         net (fo=2, routed)           0.450    64.823    candidate_lanes[0].lane_pe/codec/out_distortion[28]_i_31_n_0
    SLICE_X33Y132        LUT6 (Prop_H6LUT_SLICEL_I1_O)
                                                      0.188    65.011 r  candidate_lanes[0].lane_pe/codec/out_distortion[23]_i_10/O
                         net (fo=1, routed)           0.015    65.026    candidate_lanes[0].lane_pe/codec/out_distortion[23]_i_10_n_0
    SLICE_X33Y132        CARRY8 (Prop_CARRY8_SLICEL_S[7]_CO[7])
                                                      0.172    65.198 r  candidate_lanes[0].lane_pe/codec/out_distortion_reg[23]_i_1/CO[7]
                         net (fo=1, routed)           0.030    65.228    candidate_lanes[0].lane_pe/codec/out_distortion_reg[23]_i_1_n_0
    SLICE_X33Y133        CARRY8 (Prop_CARRY8_SLICEL_CI_O[1])
                                                      0.106    65.334 r  candidate_lanes[0].lane_pe/codec/out_distortion_reg[28]_i_1/O[1]
                         net (fo=1, routed)           0.033    65.367    candidate_lanes[0].lane_pe/codec_distortion[25]
    SLICE_X33Y133        FDRE                                         r  candidate_lanes[0].lane_pe/out_distortion_reg[25]/D
  -------------------------------------------------------------------    -------------------

                         (clock chia_rdo_clk rise edge)
                                                      5.000     5.000 r  
                                                      0.000     5.000 r  clk (IN)
                         net (fo=1725, unset)         0.029     5.029    candidate_lanes[0].lane_pe/clk
    SLICE_X33Y133        FDRE                                         r  candidate_lanes[0].lane_pe/out_distortion_reg[25]/C
                         clock pessimism              0.000     5.029    
                         clock uncertainty           -0.035     4.994    
    SLICE_X33Y133        FDRE (Setup_BFF_SLICEL_C_D)
                                                      0.044     5.038    candidate_lanes[0].lane_pe/out_distortion_reg[25]
  -------------------------------------------------------------------
                         required time                          5.038    
                         arrival time                         -65.367    
  -------------------------------------------------------------------
                         slack                                -60.329    

Slack (VIOLATED) :        -60.317ns  (required time - arrival time)
  Source:                 count_reg_reg[2]/C
                            (rising edge-triggered cell FDRE clocked by chia_rdo_clk  {rise@0.000ns fall@2.500ns period=5.000ns})
  Destination:            candidate_lanes[0].lane_pe/out_distortion_reg[26]/D
                            (rising edge-triggered cell FDRE clocked by chia_rdo_clk  {rise@0.000ns fall@2.500ns period=5.000ns})
  Path Group:             chia_rdo_clk
  Path Type:              Setup (Max at Slow Process Corner)
  Requirement:            5.000ns  (chia_rdo_clk rise@5.000ns - chia_rdo_clk rise@0.000ns)
  Data Path Delay:        65.313ns  (logic 33.993ns (52.047%)  route 31.320ns (47.953%))
  Logic Levels:           170  (CARRY8=69 DSP_A_B_DATA=5 DSP_ALU=10 DSP_M_DATA=4 DSP_MULTIPLIER=4 DSP_OUTPUT=10 DSP_PREADD_DATA=4 LUT1=1 LUT2=12 LUT3=12 LUT4=4 LUT5=12 LUT6=20 MUXF7=2 MUXF8=1)
  Clock Path Skew:        -0.013ns (DCD - SCD + CPR)
    Destination Clock Delay (DCD):    0.029ns = ( 5.029 - 5.000 ) 
    Source Clock Delay      (SCD):    0.042ns
    Clock Pessimism Removal (CPR):    0.000ns
  Clock Uncertainty:      0.035ns  ((TSJ^2 + TIJ^2)^1/2 + DJ) / 2 + PE
    Total System Jitter     (TSJ):    0.071ns
    Total Input Jitter      (TIJ):    0.000ns
    Discrete Jitter          (DJ):    0.000ns
    Phase Error              (PE):    0.000ns

    Location             Delay type                Incr(ns)  Path(ns)    Netlist Resource(s)
  -------------------------------------------------------------------    -------------------
                         (clock chia_rdo_clk rise edge)
                                                      0.000     0.000 r  
                                                      0.000     0.000 r  clk (IN)
                         net (fo=1725, unset)         0.042     0.042    clk
    SLICE_X56Y144        FDRE                                         r  count_reg_reg[2]/C
  -------------------------------------------------------------------    -------------------
    SLICE_X56Y144        FDRE (Prop_FFF_SLICEL_C_Q)
                                                      0.113     0.155 r  count_reg_reg[2]/Q
                         net (fo=5, routed)           0.223     0.378    candidate_lanes[0].lane_pe/codec/batches_model[2]
    SLICE_X57Y144        LUT4 (Prop_B6LUT_SLICEL_I2_O)
                                                      0.152     0.530 r  candidate_lanes[0].lane_pe/codec/lane_rank[0][5]_i_17/O
                         net (fo=1, routed)           0.013     0.543    candidate_lanes[0].lane_pe/codec/lane_rank[0][5]_i_17_n_0
    SLICE_X57Y144        CARRY8 (Prop_CARRY8_SLICEL_S[1]_CO[3])
                                                      0.250     0.793 f  candidate_lanes[0].lane_pe/codec/lane_rank_reg[0][5]_i_4/CO[3]
                         net (fo=124, routed)         0.340     1.134    candidate_lanes[0].lane_pe/codec/CO[0]
    SLICE_X57Y140        LUT6 (Prop_A6LUT_SLICEL_I1_O)
                                                      0.137     1.271 r  candidate_lanes[0].lane_pe/codec/multi_stage.rate_stage00_i_275/O
                         net (fo=136, routed)         0.277     1.548    candidate_lanes[0].lane_pe/codec/launched_count_reg[2]
    SLICE_X57Y143        LUT6 (Prop_H6LUT_SLICEL_I4_O)
                                                      0.227     1.775 f  candidate_lanes[0].lane_pe/codec/mode_reg[4]_i_64/O
                         net (fo=1, routed)           0.196     1.971    candidate_lanes[0].lane_pe/codec/mode_reg[4]_i_64_n_0
    SLICE_X57Y142        LUT6 (Prop_C6LUT_SLICEL_I3_O)
                                                      0.221     2.192 f  candidate_lanes[0].lane_pe/codec/mode_reg[4]_i_19/O
                         net (fo=1, routed)           0.015     2.207    candidate_lanes[0].lane_pe/codec/mode_reg[4]_i_19_n_0
    SLICE_X57Y142        MUXF7 (Prop_F7MUX_CD_SLICEL_I1_O)
                                                      0.088     2.295 f  candidate_lanes[0].lane_pe/codec/mode_reg_reg[4]_i_6/O
                         net (fo=1, routed)           0.000     2.295    candidate_lanes[0].lane_pe/codec/mode_reg_reg[4]_i_6_n_0
    SLICE_X57Y142        MUXF8 (Prop_F8MUX_BOT_SLICEL_I0_O)
                                                      0.031     2.326 f  candidate_lanes[0].lane_pe/codec/mode_reg_reg[4]_i_2/O
                         net (fo=3, routed)           0.618     2.944    candidate_lanes[0].lane_pe/codec/mode_reg_reg[4]_i_2_n_0
    SLICE_X54Y121        LUT6 (Prop_A6LUT_SLICEM_I0_O)
                                                      0.189     3.133 f  candidate_lanes[0].lane_pe/codec/mode_reg[4]_i_1/O
                         net (fo=24, routed)          0.395     3.528    candidate_lanes[0].lane_pe/codec/D[4]
    SLICE_X51Y121        LUT5 (Prop_B6LUT_SLICEL_I4_O)
                                                      0.058     3.586 r  candidate_lanes[0].lane_pe/codec/angular_temporary3__21_i_30/O
                         net (fo=157, routed)         0.204     3.790    candidate_lanes[0].lane_pe/codec/angular_temporary3__3_i_46_n_0
    SLICE_X50Y121        LUT6 (Prop_A6LUT_SLICEL_I0_O)
                                                      0.225     4.015 r  candidate_lanes[0].lane_pe/codec/angular_temporary3__3_i_52/O
                         net (fo=1, routed)           0.014     4.029    candidate_lanes[0].lane_pe/codec/angular_temporary3__3_i_52_n_0
    SLICE_X50Y121        CARRY8 (Prop_CARRY8_SLICEL_S[0]_O[0])
                                                      0.077     4.106 r  candidate_lanes[0].lane_pe/codec/angular_temporary3__3_i_14/O[0]
                         net (fo=246, routed)         0.531     4.637    candidate_lanes[0].lane_pe/codec/angular_temporary8[0]
    SLICE_X50Y115        LUT5 (Prop_A6LUT_SLICEL_I2_O)
                                                      0.225     4.862 r  candidate_lanes[0].lane_pe/codec/angular_temporary1__29_i_90/O
                         net (fo=1, routed)           0.014     4.876    candidate_lanes[0].lane_pe/codec/angular_temporary1__29_i_90_n_0
    SLICE_X50Y115        CARRY8 (Prop_CARRY8_SLICEL_S[0]_CO[7])
                                                      0.278     5.154 r  candidate_lanes[0].lane_pe/codec/angular_temporary1__29_i_51/CO[7]
                         net (fo=1, routed)           0.030     5.184    candidate_lanes[0].lane_pe/codec/angular_temporary1__29_i_51_n_0
    SLICE_X50Y116        CARRY8 (Prop_CARRY8_SLICEL_CI_CO[7])
                                                      0.073     5.257 r  candidate_lanes[0].lane_pe/codec/angular_temporary1__29_i_32/CO[7]
                         net (fo=50, routed)          0.241     5.498    candidate_lanes[0].lane_pe/codec/angular_temporary1__29_i_32_n_0
    SLICE_X50Y114        LUT6 (Prop_D6LUT_SLICEL_I5_O)
                                                      0.221     5.719 r  candidate_lanes[0].lane_pe/codec/angular_temporary1__9_i_107/O
                         net (fo=1, routed)           0.293     6.012    candidate_lanes[0].lane_pe/codec/angular_temporary1__9_i_107_n_0
    SLICE_X49Y110        CARRY8 (Prop_CARRY8_SLICEL_DI[2]_CO[7])
                                                      0.158     6.170 r  candidate_lanes[0].lane_pe/codec/angular_temporary1__9_i_56/CO[7]
                         net (fo=1, routed)           0.030     6.200    candidate_lanes[0].lane_pe/codec/angular_temporary1__9_i_56_n_0
    SLICE_X49Y111        CARRY8 (Prop_CARRY8_SLICEL_CI_O[0])
                                                      0.078     6.278 r  candidate_lanes[0].lane_pe/codec/angular_temporary1__9_i_28/O[0]
                         net (fo=22, routed)          0.222     6.501    candidate_lanes[0].lane_pe/codec/angular_temporary1__9_i_28_n_15
    SLICE_X50Y112        LUT3 (Prop_A6LUT_SLICEL_I0_O)
                                                      0.188     6.689 r  candidate_lanes[0].lane_pe/codec/angular_temporary3__1_i_91/O
                         net (fo=2, routed)           0.163     6.852    candidate_lanes[0].lane_pe/codec/inverse_angle_sum[8]
    SLICE_X50Y111        LUT6 (Prop_A6LUT_SLICEL_I0_O)
                                                      0.152     7.004 r  candidate_lanes[0].lane_pe/codec/angular_temporary3__1_i_96/O
                         net (fo=1, routed)           0.014     7.018    candidate_lanes[0].lane_pe/codec/angular_temporary3__1_i_96_n_0
    SLICE_X50Y111        CARRY8 (Prop_CARRY8_SLICEL_S[0]_O[4])
                                                      0.285     7.303 r  candidate_lanes[0].lane_pe/codec/angular_temporary3__1_i_39/O[4]
                         net (fo=4, routed)           0.350     7.653    candidate_lanes[0].lane_pe/codec/sel0[4]
    SLICE_X49Y109        LUT2 (Prop_F6LUT_SLICEL_I0_O)
                                                      0.081     7.734 r  candidate_lanes[0].lane_pe/codec/angular_temporary3__1_i_97/O
                         net (fo=7, routed)           0.595     8.329    candidate_lanes[0].lane_pe/codec/angular_temporary3__1_i_97_n_0
    SLICE_X47Y107        LUT6 (Prop_F6LUT_SLICEL_I0_O)
                                                      0.136     8.465 r  candidate_lanes[0].lane_pe/codec/angular_temporary3__1_i_125/O
                         net (fo=1, routed)           0.327     8.792    candidate_lanes[0].lane_pe/codec/angular_temporary3__1_i_125_n_0
    SLICE_X46Y100        LUT6 (Prop_E6LUT_SLICEL_I4_O)
                                                      0.057     8.849 f  candidate_lanes[0].lane_pe/codec/angular_temporary3__1_i_78/O
                         net (fo=1, routed)           0.067     8.916    candidate_lanes[0].lane_pe/codec/angular_temporary3__1_i_78_n_0
    SLICE_X46Y100        LUT6 (Prop_C6LUT_SLICEL_I5_O)
                                                      0.221     9.137 f  candidate_lanes[0].lane_pe/codec/angular_temporary3__1_i_32/O
                         net (fo=2, routed)           0.015     9.152    candidate_lanes[0].lane_pe/codec/angular_temporary3__1_i_32_n_0
    SLICE_X46Y100        MUXF7 (Prop_F7MUX_CD_SLICEL_I1_O)
                                                      0.096     9.248 f  candidate_lanes[0].lane_pe/codec/angular_temporary3__1_i_8/O
                         net (fo=1, routed)           0.570     9.818    candidate_lanes[0].lane_pe/codec/angular_temporary3__1/A[0]
    DSP48E2_X11Y42       DSP_A_B_DATA (Prop_DSP_A_B_DATA_DSP48E2_A[0]_A2_DATA[0])
                                                      0.258    10.076 r  candidate_lanes[0].lane_pe/codec/angular_temporary3__1/DSP_A_B_DATA_INST/A2_DATA[0]
                         net (fo=1, routed)           0.000    10.076    candidate_lanes[0].lane_pe/codec/angular_temporary3__1/DSP_A_B_DATA.A2_DATA<0>
    DSP48E2_X11Y42       DSP_PREADD_DATA (Prop_DSP_PREADD_DATA_DSP48E2_A2_DATA[0]_A2A1[0])
                                                      0.114    10.190 r  candidate_lanes[0].lane_pe/codec/angular_temporary3__1/DSP_PREADD_DATA_INST/A2A1[0]
                         net (fo=1, routed)           0.000    10.190    candidate_lanes[0].lane_pe/codec/angular_temporary3__1/DSP_PREADD_DATA.A2A1<0>
    DSP48E2_X11Y42       DSP_MULTIPLIER (Prop_DSP_MULTIPLIER_DSP48E2_A2A1[0]_U[21])
                                                      0.700    10.890 f  candidate_lanes[0].lane_pe/codec/angular_temporary3__1/DSP_MULTIPLIER_INST/U[21]
                         net (fo=1, routed)           0.000    10.890    candidate_lanes[0].lane_pe/codec/angular_temporary3__1/DSP_MULTIPLIER.U<21>
    DSP48E2_X11Y42       DSP_M_DATA (Prop_DSP_M_DATA_DSP48E2_U[21]_U_DATA[21])
                                                      0.067    10.957 r  candidate_lanes[0].lane_pe/codec/angular_temporary3__1/DSP_M_DATA_INST/U_DATA[21]
                         net (fo=1, routed)           0.000    10.957    candidate_lanes[0].lane_pe/codec/angular_temporary3__1/DSP_M_DATA.U_DATA<21>
    DSP48E2_X11Y42       DSP_ALU (Prop_DSP_ALU_DSP48E2_U_DATA[21]_ALU_OUT[47])
                                                      0.727    11.684 f  candidate_lanes[0].lane_pe/codec/angular_temporary3__1/DSP_ALU_INST/ALU_OUT[47]
                         net (fo=1, routed)           0.000    11.684    candidate_lanes[0].lane_pe/codec/angular_temporary3__1/DSP_ALU.ALU_OUT<47>
    DSP48E2_X11Y42       DSP_OUTPUT (Prop_DSP_OUTPUT_DSP48E2_ALU_OUT[47]_PCOUT[47])
                                                      0.167    11.851 r  candidate_lanes[0].lane_pe/codec/angular_temporary3__1/DSP_OUTPUT_INST/PCOUT[47]
                         net (fo=1, routed)           0.014    11.865    candidate_lanes[0].lane_pe/codec/angular_temporary3__2/PCIN[47]
    DSP48E2_X11Y43       DSP_ALU (Prop_DSP_ALU_DSP48E2_PCIN[47]_ALU_OUT[14])
                                                      0.739    12.604 r  candidate_lanes[0].lane_pe/codec/angular_temporary3__2/DSP_ALU_INST/ALU_OUT[14]
                         net (fo=1, routed)           0.000    12.604    candidate_lanes[0].lane_pe/codec/angular_temporary3__2/DSP_ALU.ALU_OUT<14>
    DSP48E2_X11Y43       DSP_OUTPUT (Prop_DSP_OUTPUT_DSP48E2_ALU_OUT[14]_P[14])
                                                      0.146    12.750 f  candidate_lanes[0].lane_pe/codec/angular_temporary3__2/DSP_OUTPUT_INST/P[14]
                         net (fo=17, routed)          0.636    13.386    candidate_lanes[0].lane_pe/codec/angular_temporary1__1/A[25]
    DSP48E2_X11Y36       DSP_A_B_DATA (Prop_DSP_A_B_DATA_DSP48E2_A[25]_A_ALU[25])
                                                      0.265    13.651 r  candidate_lanes[0].lane_pe/codec/angular_temporary1__1/DSP_A_B_DATA_INST/A_ALU[25]
                         net (fo=1, routed)           0.000    13.651    candidate_lanes[0].lane_pe/codec/angular_temporary1__1/DSP_A_B_DATA.A_ALU<25>
    DSP48E2_X11Y36       DSP_ALU (Prop_DSP_ALU_DSP48E2_A_ALU[25]_ALU_OUT[47])
                                                      0.726    14.377 f  candidate_lanes[0].lane_pe/codec/angular_temporary1__1/DSP_ALU_INST/ALU_OUT[47]
                         net (fo=1, routed)           0.000    14.377    candidate_lanes[0].lane_pe/codec/angular_temporary1__1/DSP_ALU.ALU_OUT<47>
    DSP48E2_X11Y36       DSP_OUTPUT (Prop_DSP_OUTPUT_DSP48E2_ALU_OUT[47]_PCOUT[47])
                                                      0.167    14.544 r  candidate_lanes[0].lane_pe/codec/angular_temporary1__1/DSP_OUTPUT_INST/PCOUT[47]
                         net (fo=1, routed)           0.014    14.558    candidate_lanes[0].lane_pe/codec/angular_temporary1__2/PCIN[47]
    DSP48E2_X11Y37       DSP_ALU (Prop_DSP_ALU_DSP48E2_PCIN[47]_ALU_OUT[8])
                                                      0.739    15.297 f  candidate_lanes[0].lane_pe/codec/angular_temporary1__2/DSP_ALU_INST/ALU_OUT[8]
                         net (fo=1, routed)           0.000    15.297    candidate_lanes[0].lane_pe/codec/angular_temporary1__2/DSP_ALU.ALU_OUT<8>
    DSP48E2_X11Y37       DSP_OUTPUT (Prop_DSP_OUTPUT_DSP48E2_ALU_OUT[8]_P[8])
                                                      0.146    15.443 r  candidate_lanes[0].lane_pe/codec/angular_temporary1__2/DSP_OUTPUT_INST/P[8]
                         net (fo=1, routed)           0.209    15.652    candidate_lanes[0].lane_pe/codec/angular_temporary1__2_n_97
    SLICE_X41Y91         LUT5 (Prop_E6LUT_SLICEM_I4_O)
                                                      0.187    15.839 r  candidate_lanes[0].lane_pe/codec/distortion13_i_231/O
                         net (fo=5, routed)           0.283    16.122    candidate_lanes[0].lane_pe/codec/distortion13_i_231_n_0
    SLICE_X42Y89         LUT6 (Prop_D6LUT_SLICEL_I0_O)
                                                      0.057    16.179 r  candidate_lanes[0].lane_pe/codec/distortion13_i_374/O
                         net (fo=1, routed)           0.013    16.192    candidate_lanes[0].lane_pe/codec/distortion13_i_374_n_0
    SLICE_X42Y89         CARRY8 (Prop_CARRY8_SLICEL_S[3]_CO[7])
                                                      0.220    16.412 r  candidate_lanes[0].lane_pe/codec/distortion13_i_226/CO[7]
                         net (fo=1, routed)           0.062    16.474    candidate_lanes[0].lane_pe/codec/distortion13_i_226_n_0
    SLICE_X42Y90         CARRY8 (Prop_CARRY8_SLICEL_CI_CO[7])
                                                      0.065    16.539 r  candidate_lanes[0].lane_pe/codec/distortion13_i_211/CO[7]
                         net (fo=1, routed)           0.030    16.569    candidate_lanes[0].lane_pe/codec/distortion13_i_211_n_0
    SLICE_X42Y91         CARRY8 (Prop_CARRY8_SLICEL_CI_CO[7])
                                                      0.065    16.634 r  candidate_lanes[0].lane_pe/codec/distortion13_i_210/CO[7]
                         net (fo=1, routed)           0.030    16.664    candidate_lanes[0].lane_pe/codec/distortion13_i_210_n_0
    SLICE_X42Y92         CARRY8 (Prop_CARRY8_SLICEL_CI_CO[3])
                                                      0.082    16.746 r  candidate_lanes[0].lane_pe/codec/distortion13_i_205/CO[3]
                         net (fo=35, routed)          0.372    17.118    candidate_lanes[0].lane_pe/codec/distortion13_i_205_n_4
    SLICE_X43Y89         LUT2 (Prop_B6LUT_SLICEM_I0_O)
                                                      0.225    17.343 r  candidate_lanes[0].lane_pe/codec/distortion13_i_247/O
                         net (fo=1, routed)           0.022    17.365    candidate_lanes[0].lane_pe/codec/distortion13_i_247_n_0
    SLICE_X43Y89         CARRY8 (Prop_CARRY8_SLICEM_S[1]_CO[3])
                                                      0.257    17.622 r  candidate_lanes[0].lane_pe/codec/distortion13_i_204/CO[3]
                         net (fo=30, routed)          0.315    17.936    candidate_lanes[0].lane_pe/codec/distortion13_i_204_n_4
    SLICE_X42Y87         LUT3 (Prop_C6LUT_SLICEL_I2_O)
                                                      0.187    18.123 r  candidate_lanes[0].lane_pe/codec/distortion13_i_235/O
                         net (fo=1, routed)           0.098    18.221    candidate_lanes[0].lane_pe/codec/distortion13_i_235_n_0
    SLICE_X41Y87         LUT5 (Prop_A6LUT_SLICEM_I0_O)
                                                      0.152    18.373 r  candidate_lanes[0].lane_pe/codec/distortion13_i_196/O
                         net (fo=2, routed)           0.104    18.478    candidate_lanes[0].lane_pe/codec/distortion13_i_196_n_0
    SLICE_X41Y88         LUT6 (Prop_C6LUT_SLICEM_I3_O)
                                                      0.056    18.534 r  candidate_lanes[0].lane_pe/codec/distortion4_i_103/O
                         net (fo=3, routed)           0.211    18.745    candidate_lanes[0].lane_pe/codec/distortion4_i_103_n_0
    SLICE_X37Y88         LUT2 (Prop_B6LUT_SLICEM_I1_O)
                                                      0.082    18.827 r  candidate_lanes[0].lane_pe/codec/(null)[0].value4__13_i_185/O
                         net (fo=1, routed)           0.022    18.849    candidate_lanes[0].lane_pe/codec/(null)[0].value4__13_i_185_n_0
    SLICE_X37Y88         CARRY8 (Prop_CARRY8_SLICEM_S[1]_O[5])
                                                      0.333    19.182 r  candidate_lanes[0].lane_pe/codec/(null)[0].value4__13_i_102/O[5]
                         net (fo=28, routed)          0.658    19.840    candidate_lanes[0].lane_pe/codec/codec_residual[113]
    SLICE_X37Y76         LUT2 (Prop_F6LUT_SLICEM_I1_O)
                                                      0.080    19.920 r  candidate_lanes[0].lane_pe/codec/(null)[0].value4__5_i_810/O
                         net (fo=1, routed)           0.029    19.949    candidate_lanes[0].lane_pe/codec/(null)[0].value4__5_i_810_n_0
    SLICE_X37Y76         CARRY8 (Prop_CARRY8_SLICEM_S[5]_CO[7])
                                                      0.238    20.187 r  candidate_lanes[0].lane_pe/codec/(null)[0].value4__5_i_525/CO[7]
                         net (fo=1, routed)           0.030    20.217    candidate_lanes[0].lane_pe/codec/(null)[0].value4__5_i_525_n_0
    SLICE_X37Y77         CARRY8 (Prop_CARRY8_SLICEM_CI_O[1])
                                                      0.106    20.323 r  candidate_lanes[0].lane_pe/codec/(null)[0].value4__5_i_760/O[1]
                         net (fo=2, routed)           0.224    20.547    candidate_lanes[0].lane_pe/codec/(null)[0].value4__5_i_760_n_14
    SLICE_X38Y76         LUT2 (Prop_F6LUT_SLICEM_I0_O)
                                                      0.149    20.696 r  candidate_lanes[0].lane_pe/codec/(null)[0].value4__5_i_763/O
                         net (fo=1, routed)           0.029    20.725    candidate_lanes[0].lane_pe/codec/(null)[0].value4__5_i_763_n_0
    SLICE_X38Y76         CARRY8 (Prop_CARRY8_SLICEM_S[5]_CO[7])
                                                      0.238    20.963 r  candidate_lanes[0].lane_pe/codec/(null)[0].value4__5_i_517/CO[7]
                         net (fo=1, routed)           0.030    20.993    candidate_lanes[0].lane_pe/codec/(null)[0].value4__5_i_517_n_0
    SLICE_X38Y77         CARRY8 (Prop_CARRY8_SLICEM_CI_O[0])
                                                      0.078    21.071 r  candidate_lanes[0].lane_pe/codec/(null)[0].value4__5_i_930/O[0]
                         net (fo=2, routed)           0.159    21.230    candidate_lanes[0].lane_pe/codec/transformed90_in[12]
    SLICE_X38Y75         LUT5 (Prop_G6LUT_SLICEM_I0_O)
                                                      0.057    21.287 r  candidate_lanes[0].lane_pe/codec/(null)[0].value4__5_i_584/O
                         net (fo=2, routed)           0.618    21.905    candidate_lanes[0].lane_pe/codec/(null)[0].value4__5_i_584_n_0
    SLICE_X45Y75         LUT6 (Prop_F6LUT_SLICEM_I0_O)
                                                      0.149    22.054 r  candidate_lanes[0].lane_pe/codec/(null)[0].value4__5_i_592/O
                         net (fo=1, routed)           0.029    22.083    candidate_lanes[0].lane_pe/codec/(null)[0].value4__5_i_592_n_0
    SLICE_X45Y75         CARRY8 (Prop_CARRY8_SLICEM_S[5]_O[6])
                                                      0.186    22.269 r  candidate_lanes[0].lane_pe/codec/(null)[0].value4__5_i_474/O[6]
                         net (fo=25, routed)          0.755    23.023    candidate_lanes[0].lane_pe/codec/(null)[0].value4__5_i_474_n_9
    SLICE_X47Y50         LUT2 (Prop_F6LUT_SLICEL_I1_O)
                                                      0.150    23.173 r  candidate_lanes[0].lane_pe/codec/(null)[0].value4__9_i_327/O
                         net (fo=1, routed)           0.015    23.188    candidate_lanes[0].lane_pe/codec/(null)[0].value4__9_i_327_n_0
    SLICE_X47Y50         CARRY8 (Prop_CARRY8_SLICEL_S[5]_O[6])
                                                      0.180    23.368 r  candidate_lanes[0].lane_pe/codec/(null)[0].value4__9_i_292/O[6]
                         net (fo=3, routed)           0.623    23.992    candidate_lanes[0].lane_pe/codec/(null)[0].value4__9_i_292_n_9
    SLICE_X45Y48         LUT6 (Prop_G6LUT_SLICEM_I0_O)
                                                      0.186    24.178 r  candidate_lanes[0].lane_pe/codec/(null)[0].value4__9_i_250/O
                         net (fo=1, routed)           0.021    24.199    candidate_lanes[0].lane_pe/codec/(null)[0].value4__9_i_250_n_0
    SLICE_X45Y48         CARRY8 (Prop_CARRY8_SLICEM_S[6]_CO[7])
                                                      0.175    24.374 r  candidate_lanes[0].lane_pe/codec/(null)[0].value4__9_i_116/CO[7]
                         net (fo=1, routed)           0.030    24.404    candidate_lanes[0].lane_pe/codec/(null)[0].value4__9_i_116_n_0
    SLICE_X45Y49         CARRY8 (Prop_CARRY8_SLICEM_CI_O[0])
                                                      0.078    24.482 r  candidate_lanes[0].lane_pe/codec/(null)[0].value4__9_i_104/O[0]
                         net (fo=4, routed)           0.686    25.168    candidate_lanes[0].lane_pe/codec/(null)[0].value4__9_i_104_n_15
    SLICE_X42Y68         LUT3 (Prop_G6LUT_SLICEL_I0_O)
                                                      0.226    25.394 r  candidate_lanes[0].lane_pe/codec/(null)[0].value4__9_i_123/O
                         net (fo=1, routed)           0.232    25.626    candidate_lanes[0].lane_pe/codec/(null)[0].value4__9_i_123_n_0
    SLICE_X42Y65         LUT5 (Prop_D6LUT_SLICEL_I1_O)
                                                      0.152    25.778 r  candidate_lanes[0].lane_pe/codec/(null)[0].value4__9_i_70/O
                         net (fo=1, routed)           0.013    25.791    candidate_lanes[0].lane_pe/codec/(null)[0].value4__9_i_70_n_0
    SLICE_X42Y65         CARRY8 (Prop_CARRY8_SLICEL_S[3]_O[4])
                                                      0.208    25.999 f  candidate_lanes[0].lane_pe/codec/(null)[0].value4__9_i_20/O[4]
                         net (fo=2, routed)           0.297    26.296    candidate_lanes[0].lane_pe/codec/codec_transformed__0[238]
    SLICE_X39Y63         LUT1 (Prop_F6LUT_SLICEL_I0_O)
                                                      0.136    26.432 r  candidate_lanes[0].lane_pe/codec/(null)[0].value4__9_i_41/O
                         net (fo=1, routed)           0.015    26.447    candidate_lanes[0].lane_pe/codec/(null)[0].value4__9_i_41_n_0
    SLICE_X39Y63         CARRY8 (Prop_CARRY8_SLICEL_S[5]_O[7])
                                                      0.194    26.641 f  candidate_lanes[0].lane_pe/codec/(null)[0].value4__9_i_18/O[7]
                         net (fo=1, routed)           0.199    26.840    candidate_lanes[0].lane_pe/codec/(null)[0].value4__9_i_18_n_8
    SLICE_X39Y66         LUT3 (Prop_B6LUT_SLICEL_I0_O)
                                                      0.152    26.992 f  candidate_lanes[0].lane_pe/codec/(null)[0].value4__9_i_1/O
                         net (fo=1, routed)           0.457    27.449    candidate_lanes[0].lane_pe/codec/(null)[0].value4__9/A[16]
    DSP48E2_X10Y18       DSP_A_B_DATA (Prop_DSP_A_B_DATA_DSP48E2_A[16]_A2_DATA[16])
                                                      0.258    27.707 r  candidate_lanes[0].lane_pe/codec/(null)[0].value4__9/DSP_A_B_DATA_INST/A2_DATA[16]
                         net (fo=1, routed)           0.000    27.707    candidate_lanes[0].lane_pe/codec/(null)[0].value4__9/DSP_A_B_DATA.A2_DATA<16>
    DSP48E2_X10Y18       DSP_PREADD_DATA (Prop_DSP_PREADD_DATA_DSP48E2_A2_DATA[16]_A2A1[16])
                                                      0.114    27.821 r  candidate_lanes[0].lane_pe/codec/(null)[0].value4__9/DSP_PREADD_DATA_INST/A2A1[16]
                         net (fo=1, routed)           0.000    27.821    candidate_lanes[0].lane_pe/codec/(null)[0].value4__9/DSP_PREADD_DATA.A2A1<16>
    DSP48E2_X10Y18       DSP_MULTIPLIER (Prop_DSP_MULTIPLIER_DSP48E2_A2A1[16]_U[36])
                                                      0.700    28.521 f  candidate_lanes[0].lane_pe/codec/(null)[0].value4__9/DSP_MULTIPLIER_INST/U[36]
                         net (fo=1, routed)           0.000    28.521    candidate_lanes[0].lane_pe/codec/(null)[0].value4__9/DSP_MULTIPLIER.U<36>
    DSP48E2_X10Y18       DSP_M_DATA (Prop_DSP_M_DATA_DSP48E2_U[36]_U_DATA[36])
                                                      0.067    28.588 r  candidate_lanes[0].lane_pe/codec/(null)[0].value4__9/DSP_M_DATA_INST/U_DATA[36]
                         net (fo=1, routed)           0.000    28.588    candidate_lanes[0].lane_pe/codec/(null)[0].value4__9/DSP_M_DATA.U_DATA<36>
    DSP48E2_X10Y18       DSP_ALU (Prop_DSP_ALU_DSP48E2_U_DATA[36]_ALU_OUT[47])
                                                      0.727    29.315 f  candidate_lanes[0].lane_pe/codec/(null)[0].value4__9/DSP_ALU_INST/ALU_OUT[47]
                         net (fo=1, routed)           0.000    29.315    candidate_lanes[0].lane_pe/codec/(null)[0].value4__9/DSP_ALU.ALU_OUT<47>
    DSP48E2_X10Y18       DSP_OUTPUT (Prop_DSP_OUTPUT_DSP48E2_ALU_OUT[47]_PCOUT[47])
                                                      0.167    29.482 r  candidate_lanes[0].lane_pe/codec/(null)[0].value4__9/DSP_OUTPUT_INST/PCOUT[47]
                         net (fo=1, routed)           0.014    29.496    candidate_lanes[0].lane_pe/codec/(null)[0].value4__10/PCIN[47]
    DSP48E2_X10Y19       DSP_ALU (Prop_DSP_ALU_DSP48E2_PCIN[47]_ALU_OUT[3])
                                                      0.739    30.235 f  candidate_lanes[0].lane_pe/codec/(null)[0].value4__10/DSP_ALU_INST/ALU_OUT[3]
                         net (fo=1, routed)           0.000    30.235    candidate_lanes[0].lane_pe/codec/(null)[0].value4__10/DSP_ALU.ALU_OUT<3>
    DSP48E2_X10Y19       DSP_OUTPUT (Prop_DSP_OUTPUT_DSP48E2_ALU_OUT[3]_P[3])
                                                      0.146    30.381 r  candidate_lanes[0].lane_pe/codec/(null)[0].value4__10/DSP_OUTPUT_INST/P[3]
                         net (fo=2, routed)           0.324    30.704    candidate_lanes[0].lane_pe/codec/(null)[0].value4__10_n_102
    SLICE_X37Y47         LUT6 (Prop_E6LUT_SLICEM_I5_O)
                                                      0.187    30.891 r  candidate_lanes[0].lane_pe/codec/clip164__7__0_i_135/O
                         net (fo=1, routed)           0.018    30.909    candidate_lanes[0].lane_pe/codec/clip164__7__0_i_135_n_0
    SLICE_X37Y47         CARRY8 (Prop_CARRY8_SLICEM_S[4]_CO[7])
                                                      0.236    31.145 r  candidate_lanes[0].lane_pe/codec/clip164__7__0_i_77/CO[7]
                         net (fo=1, routed)           0.030    31.175    candidate_lanes[0].lane_pe/codec/clip164__7__0_i_77_n_0
    SLICE_X37Y48         CARRY8 (Prop_CARRY8_SLICEM_CI_O[0])
                                                      0.078    31.253 f  candidate_lanes[0].lane_pe/codec/clip164__7__0_i_59/O[0]
                         net (fo=5, routed)           0.520    31.773    candidate_lanes[0].lane_pe/codec/clip164__7__0_i_59_n_15
    SLICE_X40Y63         LUT4 (Prop_B6LUT_SLICEM_I0_O)
                                                      0.152    31.925 r  candidate_lanes[0].lane_pe/codec/clip164__7__0_i_78/O
                         net (fo=2, routed)           0.122    32.047    candidate_lanes[0].lane_pe/codec/clip164__7__0_i_78_n_0
    SLICE_X40Y64         LUT5 (Prop_D6LUT_SLICEM_I4_O)
                                                      0.220    32.267 r  candidate_lanes[0].lane_pe/codec/clip164__7__0_i_69/O
                         net (fo=1, routed)           0.400    32.667    candidate_lanes[0].lane_pe/codec/clip164__7__0_i_69_n_0
    SLICE_X40Y65         CARRY8 (Prop_CARRY8_SLICEM_S[0]_CO[7])
                                                      0.281    32.948 r  candidate_lanes[0].lane_pe/codec/clip164__7__0_i_29/CO[7]
                         net (fo=1, routed)           0.030    32.978    candidate_lanes[0].lane_pe/codec/clip164__7__0_i_29_n_0
    SLICE_X40Y66         CARRY8 (Prop_CARRY8_SLICEM_CI_CO[7])
                                                      0.065    33.043 r  candidate_lanes[0].lane_pe/codec/clip164__7__0_i_18/CO[7]
                         net (fo=1, routed)           0.030    33.073    candidate_lanes[0].lane_pe/codec/clip164__7__0_i_18_n_0
    SLICE_X40Y67         CARRY8 (Prop_CARRY8_SLICEM_CI_O[5])
                                                      0.161    33.234 f  candidate_lanes[0].lane_pe/codec/clip164__8__0_i_12/O[5]
                         net (fo=1, routed)           0.164    33.398    candidate_lanes[0].lane_pe/codec/clip164__8__0_i_12_n_10
    SLICE_X39Y67         LUT3 (Prop_A6LUT_SLICEL_I0_O)
                                                      0.137    33.535 f  candidate_lanes[0].lane_pe/codec/clip164__8__0_i_14/O
                         net (fo=5, routed)           0.205    33.740    candidate_lanes[0].lane_pe/codec/clip164__8__0_i_14_n_0
    SLICE_X40Y68         LUT6 (Prop_H6LUT_SLICEM_I1_O)
                                                      0.228    33.968 f  candidate_lanes[0].lane_pe/codec/clip164__7__0_i_202/O
                         net (fo=1, routed)           0.200    34.168    candidate_lanes[0].lane_pe/codec/clip164__7__0_i_202_n_0
    SLICE_X40Y69         CARRY8 (Prop_CARRY8_SLICEM_DI[4]_CO[7])
                                                      0.137    34.305 f  candidate_lanes[0].lane_pe/codec/clip164__7__0_i_157/CO[7]
                         net (fo=1, routed)           0.030    34.335    candidate_lanes[0].lane_pe/codec/clip164__7__0_i_157_n_0
    SLICE_X40Y70         CARRY8 (Prop_CARRY8_SLICEM_CI_CO[7])
                                                      0.065    34.400 f  candidate_lanes[0].lane_pe/codec/clip164__7__0_i_97/CO[7]
                         net (fo=1, routed)           0.030    34.430    candidate_lanes[0].lane_pe/codec/clip164__7__0_i_97_n_0
    SLICE_X40Y71         CARRY8 (Prop_CARRY8_SLICEM_CI_CO[7])
                                                      0.065    34.495 f  candidate_lanes[0].lane_pe/codec/clip164__7__0_i_50/CO[7]
                         net (fo=1, routed)           0.030    34.525    candidate_lanes[0].lane_pe/codec/clip164__7__0_i_50_n_0
    SLICE_X40Y72         CARRY8 (Prop_CARRY8_SLICEM_CI_CO[0])
                                                      0.074    34.599 f  candidate_lanes[0].lane_pe/codec/clip164__7__0_i_21/CO[0]
                         net (fo=26, routed)          0.663    35.262    candidate_lanes[0].lane_pe/codec/clip164__7__0_i_21_n_7
    SLICE_X47Y71         LUT5 (Prop_B6LUT_SLICEL_I3_O)
                                                      0.224    35.486 f  candidate_lanes[0].lane_pe/codec/clip164__7__0_i_4/O
                         net (fo=1, routed)           0.676    36.162    candidate_lanes[0].lane_pe/codec/clip164__7__0/A[13]
    DSP48E2_X12Y28       DSP_A_B_DATA (Prop_DSP_A_B_DATA_DSP48E2_A[13]_A2_DATA[13])
                                                      0.258    36.420 r  candidate_lanes[0].lane_pe/codec/clip164__7__0/DSP_A_B_DATA_INST/A2_DATA[13]
                         net (fo=1, routed)           0.000    36.420    candidate_lanes[0].lane_pe/codec/clip164__7__0/DSP_A_B_DATA.A2_DATA<13>
    DSP48E2_X12Y28       DSP_PREADD_DATA (Prop_DSP_PREADD_DATA_DSP48E2_A2_DATA[13]_A2A1[13])
                                                      0.114    36.534 r  candidate_lanes[0].lane_pe/codec/clip164__7__0/DSP_PREADD_DATA_INST/A2A1[13]
                         net (fo=1, routed)           0.000    36.534    candidate_lanes[0].lane_pe/codec/clip164__7__0/DSP_PREADD_DATA.A2A1<13>
    DSP48E2_X12Y28       DSP_MULTIPLIER (Prop_DSP_MULTIPLIER_DSP48E2_A2A1[13]_U[34])
                                                      0.700    37.234 f  candidate_lanes[0].lane_pe/codec/clip164__7__0/DSP_MULTIPLIER_INST/U[34]
                         net (fo=1, routed)           0.000    37.234    candidate_lanes[0].lane_pe/codec/clip164__7__0/DSP_MULTIPLIER.U<34>
    DSP48E2_X12Y28       DSP_M_DATA (Prop_DSP_M_DATA_DSP48E2_U[34]_U_DATA[34])
                                                      0.067    37.301 r  candidate_lanes[0].lane_pe/codec/clip164__7__0/DSP_M_DATA_INST/U_DATA[34]
                         net (fo=1, routed)           0.000    37.301    candidate_lanes[0].lane_pe/codec/clip164__7__0/DSP_M_DATA.U_DATA<34>
    DSP48E2_X12Y28       DSP_ALU (Prop_DSP_ALU_DSP48E2_U_DATA[34]_ALU_OUT[47])
                                                      0.727    38.028 f  candidate_lanes[0].lane_pe/codec/clip164__7__0/DSP_ALU_INST/ALU_OUT[47]
                         net (fo=1, routed)           0.000    38.028    candidate_lanes[0].lane_pe/codec/clip164__7__0/DSP_ALU.ALU_OUT<47>
    DSP48E2_X12Y28       DSP_OUTPUT (Prop_DSP_OUTPUT_DSP48E2_ALU_OUT[47]_PCOUT[47])
                                                      0.167    38.195 r  candidate_lanes[0].lane_pe/codec/clip164__7__0/DSP_OUTPUT_INST/PCOUT[47]
                         net (fo=1, routed)           0.014    38.209    candidate_lanes[0].lane_pe/codec/clip164__8__0/PCIN[47]
    DSP48E2_X12Y29       DSP_ALU (Prop_DSP_ALU_DSP48E2_PCIN[47]_ALU_OUT[4])
                                                      0.739    38.948 r  candidate_lanes[0].lane_pe/codec/clip164__8__0/DSP_ALU_INST/ALU_OUT[4]
                         net (fo=1, routed)           0.000    38.948    candidate_lanes[0].lane_pe/codec/clip164__8__0/DSP_ALU.ALU_OUT<4>
    DSP48E2_X12Y29       DSP_OUTPUT (Prop_DSP_OUTPUT_DSP48E2_ALU_OUT[4]_P[4])
                                                      0.146    39.094 f  candidate_lanes[0].lane_pe/codec/clip164__8__0/DSP_OUTPUT_INST/P[4]
                         net (fo=4, routed)           0.462    39.556    candidate_lanes[0].lane_pe/codec/clip164__8__0_n_101
    SLICE_X54Y73         LUT6 (Prop_G6LUT_SLICEM_I3_O)
                                                      0.186    39.742 f  candidate_lanes[0].lane_pe/codec/distortion10_i_1803/O
                         net (fo=6, routed)           0.348    40.090    candidate_lanes[0].lane_pe/codec/distortion10_i_1803_n_0
    SLICE_X59Y75         LUT2 (Prop_F6LUT_SLICEL_I1_O)
                                                      0.150    40.240 r  candidate_lanes[0].lane_pe/codec/distortion15__0__0_i_2512/O
                         net (fo=1, routed)           0.015    40.255    candidate_lanes[0].lane_pe/codec/distortion15__0__0_i_2512_n_0
    SLICE_X59Y75         CARRY8 (Prop_CARRY8_SLICEL_S[5]_CO[7])
                                                      0.232    40.487 r  candidate_lanes[0].lane_pe/codec/distortion15__0__0_i_2470/CO[7]
                         net (fo=1, routed)           0.030    40.517    candidate_lanes[0].lane_pe/codec/distortion15__0__0_i_2470_n_0
    SLICE_X59Y76         CARRY8 (Prop_CARRY8_SLICEL_CI_CO[7])
                                                      0.065    40.582 r  candidate_lanes[0].lane_pe/codec/distortion15__0__0_i_2240/CO[7]
                         net (fo=1, routed)           0.030    40.612    candidate_lanes[0].lane_pe/codec/distortion15__0__0_i_2240_n_0
    SLICE_X59Y77         CARRY8 (Prop_CARRY8_SLICEL_CI_CO[7])
                                                      0.065    40.677 r  candidate_lanes[0].lane_pe/codec/distortion15__0__0_i_1956/CO[7]
                         net (fo=1, routed)           0.030    40.707    candidate_lanes[0].lane_pe/codec/distortion15__0__0_i_1956_n_0
    SLICE_X59Y78         CARRY8 (Prop_CARRY8_SLICEL_CI_CO[0])
                                                      0.074    40.781 r  candidate_lanes[0].lane_pe/codec/distortion15__0__0_i_1565/CO[0]
                         net (fo=140, routed)         0.808    41.589    candidate_lanes[0].lane_pe/codec/distortion15__0__0_i_1565_n_7
    SLICE_X59Y120        LUT5 (Prop_B6LUT_SLICEL_I3_O)
                                                      0.083    41.672 r  candidate_lanes[0].lane_pe/codec/distortion15__0__0_i_1241/O
                         net (fo=20, routed)          0.446    42.118    candidate_lanes[0].lane_pe/codec/codec_dequantized__0[114]
    SLICE_X57Y123        LUT2 (Prop_C6LUT_SLICEL_I1_O)
                                                      0.136    42.254 r  candidate_lanes[0].lane_pe/codec/distortion2_i_1931/O
                         net (fo=1, routed)           0.015    42.269    candidate_lanes[0].lane_pe/codec/distortion2_i_1931_n_0
    SLICE_X57Y123        CARRY8 (Prop_CARRY8_SLICEL_S[2]_CO[7])
                                                      0.219    42.488 r  candidate_lanes[0].lane_pe/codec/distortion2_i_1655/CO[7]
                         net (fo=1, routed)           0.030    42.518    candidate_lanes[0].lane_pe/codec/distortion2_i_1655_n_0
    SLICE_X57Y124        CARRY8 (Prop_CARRY8_SLICEL_CI_O[1])
                                                      0.106    42.624 r  candidate_lanes[0].lane_pe/codec/distortion2_i_1657/O[1]
                         net (fo=3, routed)           0.306    42.931    candidate_lanes[0].lane_pe/codec/distortion2_i_1657_n_14
    SLICE_X60Y125        LUT3 (Prop_B6LUT_SLICEL_I1_O)
                                                      0.188    43.119 r  candidate_lanes[0].lane_pe/codec/distortion2_i_1307/O
                         net (fo=1, routed)           0.373    43.492    candidate_lanes[0].lane_pe/codec/distortion2_i_1307_n_0
    SLICE_X59Y125        CARRY8 (Prop_CARRY8_SLICEL_DI[1]_O[3])
                                                      0.147    43.639 r  candidate_lanes[0].lane_pe/codec/distortion2_i_905/O[3]
                         net (fo=3, routed)           0.479    44.117    candidate_lanes[0].lane_pe/codec/(null)[0].value4__0__2[16]
    SLICE_X53Y129        LUT3 (Prop_E5LUT_SLICEM_I1_O)
                                                      0.225    44.342 r  candidate_lanes[0].lane_pe/codec/distortion2_i_912/O
                         net (fo=2, routed)           0.228    44.570    candidate_lanes[0].lane_pe/codec/distortion2_i_912_n_0
    SLICE_X56Y129        LUT5 (Prop_F6LUT_SLICEL_I1_O)
                                                      0.056    44.626 r  candidate_lanes[0].lane_pe/codec/distortion1_i_907/O
                         net (fo=2, routed)           0.329    44.955    candidate_lanes[0].lane_pe/codec/distortion1_i_907_n_0
    SLICE_X55Y129        LUT6 (Prop_A6LUT_SLICEL_I0_O)
                                                      0.137    45.092 r  candidate_lanes[0].lane_pe/codec/distortion1_i_915/O
                         net (fo=1, routed)           0.014    45.106    candidate_lanes[0].lane_pe/codec/distortion1_i_915_n_0
    SLICE_X55Y129        CARRY8 (Prop_CARRY8_SLICEL_S[0]_O[5])
                                                      0.331    45.437 r  candidate_lanes[0].lane_pe/codec/distortion1_i_664/O[5]
                         net (fo=1, routed)           0.425    45.862    candidate_lanes[0].lane_pe/codec/distortion1_i_664_n_10
    SLICE_X55Y133        CARRY8 (Prop_CARRY8_SLICEL_S[1]_CO[7])
                                                      0.261    46.123 r  candidate_lanes[0].lane_pe/codec/distortion1_i_544/CO[7]
                         net (fo=1, routed)           0.030    46.153    candidate_lanes[0].lane_pe/codec/distortion1_i_544_n_0
    SLICE_X55Y134        CARRY8 (Prop_CARRY8_SLICEL_CI_O[1])
                                                      0.106    46.259 r  candidate_lanes[0].lane_pe/codec/distortion1_i_543/O[1]
                         net (fo=25, routed)          0.865    47.124    candidate_lanes[0].lane_pe/codec/distortion1_i_543_n_14
    SLICE_X46Y142        LUT2 (Prop_E6LUT_SLICEL_I1_O)
                                                      0.083    47.207 r  candidate_lanes[0].lane_pe/codec/distortion2_i_1162/O
                         net (fo=1, routed)           0.011    47.218    candidate_lanes[0].lane_pe/codec/distortion2_i_1162_n_0
    SLICE_X46Y142        CARRY8 (Prop_CARRY8_SLICEL_S[4]_CO[7])
                                                      0.232    47.450 f  candidate_lanes[0].lane_pe/codec/distortion2_i_877/CO[7]
                         net (fo=1, routed)           0.030    47.480    candidate_lanes[0].lane_pe/codec/distortion2_i_877_n_0
    SLICE_X46Y143        CARRY8 (Prop_CARRY8_SLICEL_CI_CO[7])
                                                      0.065    47.545 f  candidate_lanes[0].lane_pe/codec/distortion2_i_704/CO[7]
                         net (fo=1, routed)           0.030    47.575    candidate_lanes[0].lane_pe/codec/distortion2_i_704_n_0
    SLICE_X46Y144        CARRY8 (Prop_CARRY8_SLICEL_CI_CO[7])
                                                      0.065    47.640 f  candidate_lanes[0].lane_pe/codec/distortion2_i_525/CO[7]
                         net (fo=1, routed)           0.030    47.670    candidate_lanes[0].lane_pe/codec/distortion2_i_525_n_0
    SLICE_X46Y145        CARRY8 (Prop_CARRY8_SLICEL_CI_CO[0])
                                                      0.074    47.744 f  candidate_lanes[0].lane_pe/codec/distortion2_i_417/CO[0]
                         net (fo=388, routed)         0.725    48.469    candidate_lanes[0].lane_pe/codec/distortion2_i_417_n_7
    SLICE_X48Y155        LUT3 (Prop_C5LUT_SLICEL_I1_O)
                                                      0.152    48.621 r  candidate_lanes[0].lane_pe/codec/distortion3_i_745/O
                         net (fo=1, routed)           0.000    48.621    candidate_lanes[0].lane_pe/codec/distortion3_i_745_n_0
    SLICE_X48Y155        CARRY8 (Prop_CARRY8_SLICEL_DI[2]_O[4])
                                                      0.245    48.866 r  candidate_lanes[0].lane_pe/codec/distortion3_i_572/O[4]
                         net (fo=3, routed)           0.609    49.475    candidate_lanes[0].lane_pe/codec/distortion3_i_572_n_11
    SLICE_X49Y154        LUT5 (Prop_E6LUT_SLICEL_I4_O)
                                                      0.138    49.613 r  candidate_lanes[0].lane_pe/codec/distortion3_i_511/O
                         net (fo=1, routed)           0.303    49.916    candidate_lanes[0].lane_pe/codec/distortion3_i_511_n_0
    SLICE_X49Y155        CARRY8 (Prop_CARRY8_SLICEL_DI[5]_CO[7])
                                                      0.108    50.024 r  candidate_lanes[0].lane_pe/codec/distortion3_i_358/CO[7]
                         net (fo=1, routed)           0.030    50.054    candidate_lanes[0].lane_pe/codec/distortion3_i_358_n_0
    SLICE_X49Y156        CARRY8 (Prop_CARRY8_SLICEL_CI_O[0])
                                                      0.078    50.132 r  candidate_lanes[0].lane_pe/codec/distortion3_i_331/O[0]
                         net (fo=3, routed)           0.847    50.979    candidate_lanes[0].lane_pe/codec/distortion3_i_331_n_15
    SLICE_X46Y163        LUT3 (Prop_C6LUT_SLICEL_I0_O)
                                                      0.187    51.166 r  candidate_lanes[0].lane_pe/codec/distortion3_i_359/O
                         net (fo=2, routed)           0.168    51.334    candidate_lanes[0].lane_pe/codec/distortion3_i_359_n_0
    SLICE_X46Y163        LUT5 (Prop_E5LUT_SLICEL_I4_O)
                                                      0.222    51.556 r  candidate_lanes[0].lane_pe/codec/distortion3_i_270/O
                         net (fo=2, routed)           0.359    51.915    candidate_lanes[0].lane_pe/codec/distortion3_i_270_n_0
    SLICE_X46Y147        LUT6 (Prop_F6LUT_SLICEL_I0_O)
                                                      0.081    51.996 r  candidate_lanes[0].lane_pe/codec/distortion3_i_278/O
                         net (fo=1, routed)           0.015    52.011    candidate_lanes[0].lane_pe/codec/distortion3_i_278_n_0
    SLICE_X46Y147        CARRY8 (Prop_CARRY8_SLICEL_S[5]_CO[7])
                                                      0.232    52.243 r  candidate_lanes[0].lane_pe/codec/distortion3_i_205/CO[7]
                         net (fo=1, routed)           0.030    52.273    candidate_lanes[0].lane_pe/codec/distortion3_i_205_n_0
    SLICE_X46Y148        CARRY8 (Prop_CARRY8_SLICEL_CI_O[4])
                                                      0.119    52.392 r  candidate_lanes[0].lane_pe/codec/distortion3_i_188/O[4]
                         net (fo=1, routed)           0.490    52.882    candidate_lanes[0].lane_pe/codec/distortion3_i_188_n_11
    SLICE_X45Y147        CARRY8 (Prop_CARRY8_SLICEM_S[2]_CO[7])
                                                      0.229    53.111 r  candidate_lanes[0].lane_pe/codec/distortion3_i_151/CO[7]
                         net (fo=1, routed)           0.030    53.141    candidate_lanes[0].lane_pe/codec/distortion3_i_151_n_0
    SLICE_X45Y148        CARRY8 (Prop_CARRY8_SLICEM_CI_O[1])
                                                      0.106    53.247 r  candidate_lanes[0].lane_pe/codec/distortion3_i_129/O[1]
                         net (fo=5, routed)           0.851    54.098    candidate_lanes[0].lane_pe/codec/distortion3_i_129_n_14
    SLICE_X39Y125        LUT2 (Prop_A6LUT_SLICEL_I0_O)
                                                      0.152    54.250 r  candidate_lanes[0].lane_pe/codec/distortion3_i_444/O
                         net (fo=1, routed)           0.014    54.264    candidate_lanes[0].lane_pe/codec/distortion3_i_444_n_0
    SLICE_X39Y125        CARRY8 (Prop_CARRY8_SLICEL_S[0]_CO[7])
                                                      0.278    54.542 r  candidate_lanes[0].lane_pe/codec/distortion3_i_309/CO[7]
                         net (fo=1, routed)           0.030    54.572    candidate_lanes[0].lane_pe/codec/distortion3_i_309_n_0
    SLICE_X39Y126        CARRY8 (Prop_CARRY8_SLICEL_CI_CO[7])
                                                      0.065    54.637 r  candidate_lanes[0].lane_pe/codec/distortion3_i_231/CO[7]
                         net (fo=1, routed)           0.030    54.667    candidate_lanes[0].lane_pe/codec/distortion3_i_231_n_0
    SLICE_X39Y127        CARRY8 (Prop_CARRY8_SLICEL_CI_CO[7])
                                                      0.065    54.732 r  candidate_lanes[0].lane_pe/codec/distortion3_i_179/CO[7]
                         net (fo=1, routed)           0.030    54.762    candidate_lanes[0].lane_pe/codec/distortion3_i_179_n_0
    SLICE_X39Y128        CARRY8 (Prop_CARRY8_SLICEL_CI_CO[0])
                                                      0.074    54.836 r  candidate_lanes[0].lane_pe/codec/distortion3_i_131/CO[0]
                         net (fo=32, routed)          0.347    55.183    candidate_lanes[0].lane_pe/codec/clip161__0
    SLICE_X42Y123        LUT4 (Prop_A6LUT_SLICEL_I3_O)
                                                      0.225    55.408 r  candidate_lanes[0].lane_pe/codec/distortion3_i_108/O
                         net (fo=1, routed)           0.014    55.422    candidate_lanes[0].lane_pe/codec/distortion3_i_108_n_0
    SLICE_X42Y123        CARRY8 (Prop_CARRY8_SLICEL_S[0]_CO[7])
                                                      0.278    55.700 r  candidate_lanes[0].lane_pe/codec/distortion3_i_40/CO[7]
                         net (fo=1, routed)           0.030    55.730    candidate_lanes[0].lane_pe/codec/distortion3_i_40_n_0
    SLICE_X42Y124        CARRY8 (Prop_CARRY8_SLICEL_CI_CO[7])
                                                      0.065    55.795 r  candidate_lanes[0].lane_pe/codec/distortion3_i_39/CO[7]
                         net (fo=1, routed)           0.030    55.825    candidate_lanes[0].lane_pe/codec/distortion3_i_39_n_0
    SLICE_X42Y125        CARRY8 (Prop_CARRY8_SLICEL_CI_CO[7])
                                                      0.065    55.890 r  candidate_lanes[0].lane_pe/codec/distortion3_i_38/CO[7]
                         net (fo=1, routed)           0.030    55.920    candidate_lanes[0].lane_pe/codec/distortion3_i_38_n_0
    SLICE_X42Y126        CARRY8 (Prop_CARRY8_SLICEL_CI_O[3])
                                                      0.114    56.034 f  candidate_lanes[0].lane_pe/codec/distortion3_i_37/O[3]
                         net (fo=3, routed)           0.220    56.253    candidate_lanes[0].lane_pe/codec/(null)[0].value__3[27]
    SLICE_X41Y125        LUT2 (Prop_B6LUT_SLICEM_I0_O)
                                                      0.225    56.478 r  candidate_lanes[0].lane_pe/codec/distortion3_i_48/O
                         net (fo=1, routed)           0.022    56.500    candidate_lanes[0].lane_pe/codec/distortion3_i_48_n_0
    SLICE_X41Y125        CARRY8 (Prop_CARRY8_SLICEM_S[1]_CO[3])
                                                      0.257    56.757 r  candidate_lanes[0].lane_pe/codec/distortion3_i_36/CO[3]
                         net (fo=31, routed)          0.338    57.096    candidate_lanes[0].lane_pe/codec/clip81__2
    SLICE_X40Y123        LUT4 (Prop_A6LUT_SLICEM_I1_O)
                                                      0.083    57.179 r  candidate_lanes[0].lane_pe/codec/distortion3_i_35/O
                         net (fo=1, routed)           0.017    57.196    candidate_lanes[0].lane_pe/codec/distortion3_i_35_n_0
    SLICE_X40Y123        CARRY8 (Prop_CARRY8_SLICEM_S[0]_CO[7])
                                                      0.281    57.477 r  candidate_lanes[0].lane_pe/codec/distortion3_i_4/CO[7]
                         net (fo=1, routed)           0.030    57.507    candidate_lanes[0].lane_pe/codec/distortion3_i_4_n_0
    SLICE_X40Y124        CARRY8 (Prop_CARRY8_SLICEM_CI_O[3])
                                                      0.114    57.621 f  candidate_lanes[0].lane_pe/codec/distortion3_i_3/O[3]
                         net (fo=4, routed)           0.614    58.235    candidate_lanes[0].lane_pe/codec/distortion3__0/A[11]
    DSP48E2_X11Y51       DSP_A_B_DATA (Prop_DSP_A_B_DATA_DSP48E2_A[11]_A2_DATA[11])
                                                      0.258    58.493 r  candidate_lanes[0].lane_pe/codec/distortion3__0/DSP_A_B_DATA_INST/A2_DATA[11]
                         net (fo=1, routed)           0.000    58.493    candidate_lanes[0].lane_pe/codec/distortion3__0/DSP_A_B_DATA.A2_DATA<11>
    DSP48E2_X11Y51       DSP_PREADD_DATA (Prop_DSP_PREADD_DATA_DSP48E2_A2_DATA[11]_A2A1[11])
                                                      0.114    58.607 r  candidate_lanes[0].lane_pe/codec/distortion3__0/DSP_PREADD_DATA_INST/A2A1[11]
                         net (fo=1, routed)           0.000    58.607    candidate_lanes[0].lane_pe/codec/distortion3__0/DSP_PREADD_DATA.A2A1<11>
    DSP48E2_X11Y51       DSP_MULTIPLIER (Prop_DSP_MULTIPLIER_DSP48E2_A2A1[11]_U[32])
                                                      0.700    59.307 f  candidate_lanes[0].lane_pe/codec/distortion3__0/DSP_MULTIPLIER_INST/U[32]
                         net (fo=1, routed)           0.000    59.307    candidate_lanes[0].lane_pe/codec/distortion3__0/DSP_MULTIPLIER.U<32>
    DSP48E2_X11Y51       DSP_M_DATA (Prop_DSP_M_DATA_DSP48E2_U[32]_U_DATA[32])
                                                      0.067    59.374 r  candidate_lanes[0].lane_pe/codec/distortion3__0/DSP_M_DATA_INST/U_DATA[32]
                         net (fo=1, routed)           0.000    59.374    candidate_lanes[0].lane_pe/codec/distortion3__0/DSP_M_DATA.U_DATA<32>
    DSP48E2_X11Y51       DSP_ALU (Prop_DSP_ALU_DSP48E2_U_DATA[32]_ALU_OUT[47])
                                                      0.727    60.101 f  candidate_lanes[0].lane_pe/codec/distortion3__0/DSP_ALU_INST/ALU_OUT[47]
                         net (fo=1, routed)           0.000    60.101    candidate_lanes[0].lane_pe/codec/distortion3__0/DSP_ALU.ALU_OUT<47>
    DSP48E2_X11Y51       DSP_OUTPUT (Prop_DSP_OUTPUT_DSP48E2_ALU_OUT[47]_PCOUT[47])
                                                      0.167    60.268 r  candidate_lanes[0].lane_pe/codec/distortion3__0/DSP_OUTPUT_INST/PCOUT[47]
                         net (fo=1, routed)           0.038    60.306    candidate_lanes[0].lane_pe/codec/distortion3__1/PCIN[47]
    DSP48E2_X11Y52       DSP_ALU (Prop_DSP_ALU_DSP48E2_PCIN[47]_ALU_OUT[0])
                                                      0.739    61.045 f  candidate_lanes[0].lane_pe/codec/distortion3__1/DSP_ALU_INST/ALU_OUT[0]
                         net (fo=1, routed)           0.000    61.045    candidate_lanes[0].lane_pe/codec/distortion3__1/DSP_ALU.ALU_OUT<0>
    DSP48E2_X11Y52       DSP_OUTPUT (Prop_DSP_OUTPUT_DSP48E2_ALU_OUT[0]_P[0])
                                                      0.146    61.191 r  candidate_lanes[0].lane_pe/codec/distortion3__1/DSP_OUTPUT_INST/P[0]
                         net (fo=2, routed)           0.177    61.368    candidate_lanes[0].lane_pe/codec/distortion3__1_n_105
    SLICE_X40Y130        LUT2 (Prop_B6LUT_SLICEM_I0_O)
                                                      0.057    61.425 r  candidate_lanes[0].lane_pe/codec/out_distortion[28]_i_485/O
                         net (fo=1, routed)           0.022    61.447    candidate_lanes[0].lane_pe/codec/out_distortion[28]_i_485_n_0
    SLICE_X40Y130        CARRY8 (Prop_CARRY8_SLICEM_S[1]_O[2])
                                                      0.179    61.626 r  candidate_lanes[0].lane_pe/codec/out_distortion_reg[28]_i_434/O[2]
                         net (fo=3, routed)           0.318    61.944    candidate_lanes[0].lane_pe/codec/out_distortion_reg[28]_i_434_n_13
    SLICE_X37Y128        LUT3 (Prop_A6LUT_SLICEM_I2_O)
                                                      0.138    62.082 r  candidate_lanes[0].lane_pe/codec/out_distortion[28]_i_362/O
                         net (fo=1, routed)           0.638    62.720    candidate_lanes[0].lane_pe/codec/out_distortion[28]_i_362_n_0
    SLICE_X34Y127        CARRY8 (Prop_CARRY8_SLICEM_DI[3]_O[5])
                                                      0.268    62.988 r  candidate_lanes[0].lane_pe/codec/out_distortion_reg[28]_i_180/O[5]
                         net (fo=3, routed)           0.332    63.320    candidate_lanes[0].lane_pe/codec/out_distortion_reg[28]_i_180_n_10
    SLICE_X29Y128        LUT3 (Prop_D6LUT_SLICEM_I0_O)
                                                      0.056    63.376 r  candidate_lanes[0].lane_pe/codec/out_distortion[28]_i_128/O
                         net (fo=1, routed)           0.492    63.868    candidate_lanes[0].lane_pe/codec/out_distortion[28]_i_128_n_0
    SLICE_X31Y128        CARRY8 (Prop_CARRY8_SLICEM_DI[6]_O[7])
                                                      0.133    64.001 r  candidate_lanes[0].lane_pe/codec/out_distortion_reg[28]_i_29/O[7]
                         net (fo=3, routed)           0.315    64.316    candidate_lanes[0].lane_pe/codec/out_distortion_reg[28]_i_29_n_8
    SLICE_X34Y132        LUT3 (Prop_E6LUT_SLICEM_I1_O)
                                                      0.057    64.373 r  candidate_lanes[0].lane_pe/codec/out_distortion[28]_i_31/O
                         net (fo=2, routed)           0.450    64.823    candidate_lanes[0].lane_pe/codec/out_distortion[28]_i_31_n_0
    SLICE_X33Y132        LUT6 (Prop_H6LUT_SLICEL_I1_O)
                                                      0.188    65.011 r  candidate_lanes[0].lane_pe/codec/out_distortion[23]_i_10/O
                         net (fo=1, routed)           0.015    65.026    candidate_lanes[0].lane_pe/codec/out_distortion[23]_i_10_n_0
    SLICE_X33Y132        CARRY8 (Prop_CARRY8_SLICEL_S[7]_CO[7])
                                                      0.172    65.198 r  candidate_lanes[0].lane_pe/codec/out_distortion_reg[23]_i_1/CO[7]
                         net (fo=1, routed)           0.030    65.228    candidate_lanes[0].lane_pe/codec/out_distortion_reg[23]_i_1_n_0
    SLICE_X33Y133        CARRY8 (Prop_CARRY8_SLICEL_CI_O[2])
                                                      0.093    65.321 r  candidate_lanes[0].lane_pe/codec/out_distortion_reg[28]_i_1/O[2]
                         net (fo=1, routed)           0.034    65.355    candidate_lanes[0].lane_pe/codec_distortion[26]
    SLICE_X33Y133        FDRE                                         r  candidate_lanes[0].lane_pe/out_distortion_reg[26]/D
  -------------------------------------------------------------------    -------------------

                         (clock chia_rdo_clk rise edge)
                                                      5.000     5.000 r  
                                                      0.000     5.000 r  clk (IN)
                         net (fo=1725, unset)         0.029     5.029    candidate_lanes[0].lane_pe/clk
    SLICE_X33Y133        FDRE                                         r  candidate_lanes[0].lane_pe/out_distortion_reg[26]/C
                         clock pessimism              0.000     5.029    
                         clock uncertainty           -0.035     4.994    
    SLICE_X33Y133        FDRE (Setup_CFF_SLICEL_C_D)
                                                      0.044     5.038    candidate_lanes[0].lane_pe/out_distortion_reg[26]
  -------------------------------------------------------------------
                         required time                          5.038    
                         arrival time                         -65.355    
  -------------------------------------------------------------------
                         slack                                -60.317    

Slack (VIOLATED) :        -60.300ns  (required time - arrival time)
  Source:                 count_reg_reg[2]/C
                            (rising edge-triggered cell FDRE clocked by chia_rdo_clk  {rise@0.000ns fall@2.500ns period=5.000ns})
  Destination:            candidate_lanes[0].lane_pe/out_distortion_reg[24]/D
                            (rising edge-triggered cell FDRE clocked by chia_rdo_clk  {rise@0.000ns fall@2.500ns period=5.000ns})
  Path Group:             chia_rdo_clk
  Path Type:              Setup (Max at Slow Process Corner)
  Requirement:            5.000ns  (chia_rdo_clk rise@5.000ns - chia_rdo_clk rise@0.000ns)
  Data Path Delay:        65.296ns  (logic 33.978ns (52.037%)  route 31.318ns (47.963%))
  Logic Levels:           170  (CARRY8=69 DSP_A_B_DATA=5 DSP_ALU=10 DSP_M_DATA=4 DSP_MULTIPLIER=4 DSP_OUTPUT=10 DSP_PREADD_DATA=4 LUT1=1 LUT2=12 LUT3=12 LUT4=4 LUT5=12 LUT6=20 MUXF7=2 MUXF8=1)
  Clock Path Skew:        -0.013ns (DCD - SCD + CPR)
    Destination Clock Delay (DCD):    0.029ns = ( 5.029 - 5.000 ) 
    Source Clock Delay      (SCD):    0.042ns
    Clock Pessimism Removal (CPR):    0.000ns
  Clock Uncertainty:      0.035ns  ((TSJ^2 + TIJ^2)^1/2 + DJ) / 2 + PE
    Total System Jitter     (TSJ):    0.071ns
    Total Input Jitter      (TIJ):    0.000ns
    Discrete Jitter          (DJ):    0.000ns
    Phase Error              (PE):    0.000ns

    Location             Delay type                Incr(ns)  Path(ns)    Netlist Resource(s)
  -------------------------------------------------------------------    -------------------
                         (clock chia_rdo_clk rise edge)
                                                      0.000     0.000 r  
                                                      0.000     0.000 r  clk (IN)
                         net (fo=1725, unset)         0.042     0.042    clk
    SLICE_X56Y144        FDRE                                         r  count_reg_reg[2]/C
  -------------------------------------------------------------------    -------------------
    SLICE_X56Y144        FDRE (Prop_FFF_SLICEL_C_Q)
                                                      0.113     0.155 r  count_reg_reg[2]/Q
                         net (fo=5, routed)           0.223     0.378    candidate_lanes[0].lane_pe/codec/batches_model[2]
    SLICE_X57Y144        LUT4 (Prop_B6LUT_SLICEL_I2_O)
                                                      0.152     0.530 r  candidate_lanes[0].lane_pe/codec/lane_rank[0][5]_i_17/O
                         net (fo=1, routed)           0.013     0.543    candidate_lanes[0].lane_pe/codec/lane_rank[0][5]_i_17_n_0
    SLICE_X57Y144        CARRY8 (Prop_CARRY8_SLICEL_S[1]_CO[3])
                                                      0.250     0.793 f  candidate_lanes[0].lane_pe/codec/lane_rank_reg[0][5]_i_4/CO[3]
                         net (fo=124, routed)         0.340     1.134    candidate_lanes[0].lane_pe/codec/CO[0]
    SLICE_X57Y140        LUT6 (Prop_A6LUT_SLICEL_I1_O)
                                                      0.137     1.271 r  candidate_lanes[0].lane_pe/codec/multi_stage.rate_stage00_i_275/O
                         net (fo=136, routed)         0.277     1.548    candidate_lanes[0].lane_pe/codec/launched_count_reg[2]
    SLICE_X57Y143        LUT6 (Prop_H6LUT_SLICEL_I4_O)
                                                      0.227     1.775 f  candidate_lanes[0].lane_pe/codec/mode_reg[4]_i_64/O
                         net (fo=1, routed)           0.196     1.971    candidate_lanes[0].lane_pe/codec/mode_reg[4]_i_64_n_0
    SLICE_X57Y142        LUT6 (Prop_C6LUT_SLICEL_I3_O)
                                                      0.221     2.192 f  candidate_lanes[0].lane_pe/codec/mode_reg[4]_i_19/O
                         net (fo=1, routed)           0.015     2.207    candidate_lanes[0].lane_pe/codec/mode_reg[4]_i_19_n_0
    SLICE_X57Y142        MUXF7 (Prop_F7MUX_CD_SLICEL_I1_O)
                                                      0.088     2.295 f  candidate_lanes[0].lane_pe/codec/mode_reg_reg[4]_i_6/O
                         net (fo=1, routed)           0.000     2.295    candidate_lanes[0].lane_pe/codec/mode_reg_reg[4]_i_6_n_0
    SLICE_X57Y142        MUXF8 (Prop_F8MUX_BOT_SLICEL_I0_O)
                                                      0.031     2.326 f  candidate_lanes[0].lane_pe/codec/mode_reg_reg[4]_i_2/O
                         net (fo=3, routed)           0.618     2.944    candidate_lanes[0].lane_pe/codec/mode_reg_reg[4]_i_2_n_0
    SLICE_X54Y121        LUT6 (Prop_A6LUT_SLICEM_I0_O)
                                                      0.189     3.133 f  candidate_lanes[0].lane_pe/codec/mode_reg[4]_i_1/O
                         net (fo=24, routed)          0.395     3.528    candidate_lanes[0].lane_pe/codec/D[4]
    SLICE_X51Y121        LUT5 (Prop_B6LUT_SLICEL_I4_O)
                                                      0.058     3.586 r  candidate_lanes[0].lane_pe/codec/angular_temporary3__21_i_30/O
                         net (fo=157, routed)         0.204     3.790    candidate_lanes[0].lane_pe/codec/angular_temporary3__3_i_46_n_0
    SLICE_X50Y121        LUT6 (Prop_A6LUT_SLICEL_I0_O)
                                                      0.225     4.015 r  candidate_lanes[0].lane_pe/codec/angular_temporary3__3_i_52/O
                         net (fo=1, routed)           0.014     4.029    candidate_lanes[0].lane_pe/codec/angular_temporary3__3_i_52_n_0
    SLICE_X50Y121        CARRY8 (Prop_CARRY8_SLICEL_S[0]_O[0])
                                                      0.077     4.106 r  candidate_lanes[0].lane_pe/codec/angular_temporary3__3_i_14/O[0]
                         net (fo=246, routed)         0.531     4.637    candidate_lanes[0].lane_pe/codec/angular_temporary8[0]
    SLICE_X50Y115        LUT5 (Prop_A6LUT_SLICEL_I2_O)
                                                      0.225     4.862 r  candidate_lanes[0].lane_pe/codec/angular_temporary1__29_i_90/O
                         net (fo=1, routed)           0.014     4.876    candidate_lanes[0].lane_pe/codec/angular_temporary1__29_i_90_n_0
    SLICE_X50Y115        CARRY8 (Prop_CARRY8_SLICEL_S[0]_CO[7])
                                                      0.278     5.154 r  candidate_lanes[0].lane_pe/codec/angular_temporary1__29_i_51/CO[7]
                         net (fo=1, routed)           0.030     5.184    candidate_lanes[0].lane_pe/codec/angular_temporary1__29_i_51_n_0
    SLICE_X50Y116        CARRY8 (Prop_CARRY8_SLICEL_CI_CO[7])
                                                      0.073     5.257 r  candidate_lanes[0].lane_pe/codec/angular_temporary1__29_i_32/CO[7]
                         net (fo=50, routed)          0.241     5.498    candidate_lanes[0].lane_pe/codec/angular_temporary1__29_i_32_n_0
    SLICE_X50Y114        LUT6 (Prop_D6LUT_SLICEL_I5_O)
                                                      0.221     5.719 r  candidate_lanes[0].lane_pe/codec/angular_temporary1__9_i_107/O
                         net (fo=1, routed)           0.293     6.012    candidate_lanes[0].lane_pe/codec/angular_temporary1__9_i_107_n_0
    SLICE_X49Y110        CARRY8 (Prop_CARRY8_SLICEL_DI[2]_CO[7])
                                                      0.158     6.170 r  candidate_lanes[0].lane_pe/codec/angular_temporary1__9_i_56/CO[7]
                         net (fo=1, routed)           0.030     6.200    candidate_lanes[0].lane_pe/codec/angular_temporary1__9_i_56_n_0
    SLICE_X49Y111        CARRY8 (Prop_CARRY8_SLICEL_CI_O[0])
                                                      0.078     6.278 r  candidate_lanes[0].lane_pe/codec/angular_temporary1__9_i_28/O[0]
                         net (fo=22, routed)          0.222     6.501    candidate_lanes[0].lane_pe/codec/angular_temporary1__9_i_28_n_15
    SLICE_X50Y112        LUT3 (Prop_A6LUT_SLICEL_I0_O)
                                                      0.188     6.689 r  candidate_lanes[0].lane_pe/codec/angular_temporary3__1_i_91/O
                         net (fo=2, routed)           0.163     6.852    candidate_lanes[0].lane_pe/codec/inverse_angle_sum[8]
    SLICE_X50Y111        LUT6 (Prop_A6LUT_SLICEL_I0_O)
                                                      0.152     7.004 r  candidate_lanes[0].lane_pe/codec/angular_temporary3__1_i_96/O
                         net (fo=1, routed)           0.014     7.018    candidate_lanes[0].lane_pe/codec/angular_temporary3__1_i_96_n_0
    SLICE_X50Y111        CARRY8 (Prop_CARRY8_SLICEL_S[0]_O[4])
                                                      0.285     7.303 r  candidate_lanes[0].lane_pe/codec/angular_temporary3__1_i_39/O[4]
                         net (fo=4, routed)           0.350     7.653    candidate_lanes[0].lane_pe/codec/sel0[4]
    SLICE_X49Y109        LUT2 (Prop_F6LUT_SLICEL_I0_O)
                                                      0.081     7.734 r  candidate_lanes[0].lane_pe/codec/angular_temporary3__1_i_97/O
                         net (fo=7, routed)           0.595     8.329    candidate_lanes[0].lane_pe/codec/angular_temporary3__1_i_97_n_0
    SLICE_X47Y107        LUT6 (Prop_F6LUT_SLICEL_I0_O)
                                                      0.136     8.465 r  candidate_lanes[0].lane_pe/codec/angular_temporary3__1_i_125/O
                         net (fo=1, routed)           0.327     8.792    candidate_lanes[0].lane_pe/codec/angular_temporary3__1_i_125_n_0
    SLICE_X46Y100        LUT6 (Prop_E6LUT_SLICEL_I4_O)
                                                      0.057     8.849 f  candidate_lanes[0].lane_pe/codec/angular_temporary3__1_i_78/O
                         net (fo=1, routed)           0.067     8.916    candidate_lanes[0].lane_pe/codec/angular_temporary3__1_i_78_n_0
    SLICE_X46Y100        LUT6 (Prop_C6LUT_SLICEL_I5_O)
                                                      0.221     9.137 f  candidate_lanes[0].lane_pe/codec/angular_temporary3__1_i_32/O
                         net (fo=2, routed)           0.015     9.152    candidate_lanes[0].lane_pe/codec/angular_temporary3__1_i_32_n_0
    SLICE_X46Y100        MUXF7 (Prop_F7MUX_CD_SLICEL_I1_O)
                                                      0.096     9.248 f  candidate_lanes[0].lane_pe/codec/angular_temporary3__1_i_8/O
                         net (fo=1, routed)           0.570     9.818    candidate_lanes[0].lane_pe/codec/angular_temporary3__1/A[0]
    DSP48E2_X11Y42       DSP_A_B_DATA (Prop_DSP_A_B_DATA_DSP48E2_A[0]_A2_DATA[0])
                                                      0.258    10.076 r  candidate_lanes[0].lane_pe/codec/angular_temporary3__1/DSP_A_B_DATA_INST/A2_DATA[0]
                         net (fo=1, routed)           0.000    10.076    candidate_lanes[0].lane_pe/codec/angular_temporary3__1/DSP_A_B_DATA.A2_DATA<0>
    DSP48E2_X11Y42       DSP_PREADD_DATA (Prop_DSP_PREADD_DATA_DSP48E2_A2_DATA[0]_A2A1[0])
                                                      0.114    10.190 r  candidate_lanes[0].lane_pe/codec/angular_temporary3__1/DSP_PREADD_DATA_INST/A2A1[0]
                         net (fo=1, routed)           0.000    10.190    candidate_lanes[0].lane_pe/codec/angular_temporary3__1/DSP_PREADD_DATA.A2A1<0>
    DSP48E2_X11Y42       DSP_MULTIPLIER (Prop_DSP_MULTIPLIER_DSP48E2_A2A1[0]_U[21])
                                                      0.700    10.890 f  candidate_lanes[0].lane_pe/codec/angular_temporary3__1/DSP_MULTIPLIER_INST/U[21]
                         net (fo=1, routed)           0.000    10.890    candidate_lanes[0].lane_pe/codec/angular_temporary3__1/DSP_MULTIPLIER.U<21>
    DSP48E2_X11Y42       DSP_M_DATA (Prop_DSP_M_DATA_DSP48E2_U[21]_U_DATA[21])
                                                      0.067    10.957 r  candidate_lanes[0].lane_pe/codec/angular_temporary3__1/DSP_M_DATA_INST/U_DATA[21]
                         net (fo=1, routed)           0.000    10.957    candidate_lanes[0].lane_pe/codec/angular_temporary3__1/DSP_M_DATA.U_DATA<21>
    DSP48E2_X11Y42       DSP_ALU (Prop_DSP_ALU_DSP48E2_U_DATA[21]_ALU_OUT[47])
                                                      0.727    11.684 f  candidate_lanes[0].lane_pe/codec/angular_temporary3__1/DSP_ALU_INST/ALU_OUT[47]
                         net (fo=1, routed)           0.000    11.684    candidate_lanes[0].lane_pe/codec/angular_temporary3__1/DSP_ALU.ALU_OUT<47>
    DSP48E2_X11Y42       DSP_OUTPUT (Prop_DSP_OUTPUT_DSP48E2_ALU_OUT[47]_PCOUT[47])
                                                      0.167    11.851 r  candidate_lanes[0].lane_pe/codec/angular_temporary3__1/DSP_OUTPUT_INST/PCOUT[47]
                         net (fo=1, routed)           0.014    11.865    candidate_lanes[0].lane_pe/codec/angular_temporary3__2/PCIN[47]
    DSP48E2_X11Y43       DSP_ALU (Prop_DSP_ALU_DSP48E2_PCIN[47]_ALU_OUT[14])
                                                      0.739    12.604 r  candidate_lanes[0].lane_pe/codec/angular_temporary3__2/DSP_ALU_INST/ALU_OUT[14]
                         net (fo=1, routed)           0.000    12.604    candidate_lanes[0].lane_pe/codec/angular_temporary3__2/DSP_ALU.ALU_OUT<14>
    DSP48E2_X11Y43       DSP_OUTPUT (Prop_DSP_OUTPUT_DSP48E2_ALU_OUT[14]_P[14])
                                                      0.146    12.750 f  candidate_lanes[0].lane_pe/codec/angular_temporary3__2/DSP_OUTPUT_INST/P[14]
                         net (fo=17, routed)          0.636    13.386    candidate_lanes[0].lane_pe/codec/angular_temporary1__1/A[25]
    DSP48E2_X11Y36       DSP_A_B_DATA (Prop_DSP_A_B_DATA_DSP48E2_A[25]_A_ALU[25])
                                                      0.265    13.651 r  candidate_lanes[0].lane_pe/codec/angular_temporary1__1/DSP_A_B_DATA_INST/A_ALU[25]
                         net (fo=1, routed)           0.000    13.651    candidate_lanes[0].lane_pe/codec/angular_temporary1__1/DSP_A_B_DATA.A_ALU<25>
    DSP48E2_X11Y36       DSP_ALU (Prop_DSP_ALU_DSP48E2_A_ALU[25]_ALU_OUT[47])
                                                      0.726    14.377 f  candidate_lanes[0].lane_pe/codec/angular_temporary1__1/DSP_ALU_INST/ALU_OUT[47]
                         net (fo=1, routed)           0.000    14.377    candidate_lanes[0].lane_pe/codec/angular_temporary1__1/DSP_ALU.ALU_OUT<47>
    DSP48E2_X11Y36       DSP_OUTPUT (Prop_DSP_OUTPUT_DSP48E2_ALU_OUT[47]_PCOUT[47])
                                                      0.167    14.544 r  candidate_lanes[0].lane_pe/codec/angular_temporary1__1/DSP_OUTPUT_INST/PCOUT[47]
                         net (fo=1, routed)           0.014    14.558    candidate_lanes[0].lane_pe/codec/angular_temporary1__2/PCIN[47]
    DSP48E2_X11Y37       DSP_ALU (Prop_DSP_ALU_DSP48E2_PCIN[47]_ALU_OUT[8])
                                                      0.739    15.297 f  candidate_lanes[0].lane_pe/codec/angular_temporary1__2/DSP_ALU_INST/ALU_OUT[8]
                         net (fo=1, routed)           0.000    15.297    candidate_lanes[0].lane_pe/codec/angular_temporary1__2/DSP_ALU.ALU_OUT<8>
    DSP48E2_X11Y37       DSP_OUTPUT (Prop_DSP_OUTPUT_DSP48E2_ALU_OUT[8]_P[8])
                                                      0.146    15.443 r  candidate_lanes[0].lane_pe/codec/angular_temporary1__2/DSP_OUTPUT_INST/P[8]
                         net (fo=1, routed)           0.209    15.652    candidate_lanes[0].lane_pe/codec/angular_temporary1__2_n_97
    SLICE_X41Y91         LUT5 (Prop_E6LUT_SLICEM_I4_O)
                                                      0.187    15.839 r  candidate_lanes[0].lane_pe/codec/distortion13_i_231/O
                         net (fo=5, routed)           0.283    16.122    candidate_lanes[0].lane_pe/codec/distortion13_i_231_n_0
    SLICE_X42Y89         LUT6 (Prop_D6LUT_SLICEL_I0_O)
                                                      0.057    16.179 r  candidate_lanes[0].lane_pe/codec/distortion13_i_374/O
                         net (fo=1, routed)           0.013    16.192    candidate_lanes[0].lane_pe/codec/distortion13_i_374_n_0
    SLICE_X42Y89         CARRY8 (Prop_CARRY8_SLICEL_S[3]_CO[7])
                                                      0.220    16.412 r  candidate_lanes[0].lane_pe/codec/distortion13_i_226/CO[7]
                         net (fo=1, routed)           0.062    16.474    candidate_lanes[0].lane_pe/codec/distortion13_i_226_n_0
    SLICE_X42Y90         CARRY8 (Prop_CARRY8_SLICEL_CI_CO[7])
                                                      0.065    16.539 r  candidate_lanes[0].lane_pe/codec/distortion13_i_211/CO[7]
                         net (fo=1, routed)           0.030    16.569    candidate_lanes[0].lane_pe/codec/distortion13_i_211_n_0
    SLICE_X42Y91         CARRY8 (Prop_CARRY8_SLICEL_CI_CO[7])
                                                      0.065    16.634 r  candidate_lanes[0].lane_pe/codec/distortion13_i_210/CO[7]
                         net (fo=1, routed)           0.030    16.664    candidate_lanes[0].lane_pe/codec/distortion13_i_210_n_0
    SLICE_X42Y92         CARRY8 (Prop_CARRY8_SLICEL_CI_CO[3])
                                                      0.082    16.746 r  candidate_lanes[0].lane_pe/codec/distortion13_i_205/CO[3]
                         net (fo=35, routed)          0.372    17.118    candidate_lanes[0].lane_pe/codec/distortion13_i_205_n_4
    SLICE_X43Y89         LUT2 (Prop_B6LUT_SLICEM_I0_O)
                                                      0.225    17.343 r  candidate_lanes[0].lane_pe/codec/distortion13_i_247/O
                         net (fo=1, routed)           0.022    17.365    candidate_lanes[0].lane_pe/codec/distortion13_i_247_n_0
    SLICE_X43Y89         CARRY8 (Prop_CARRY8_SLICEM_S[1]_CO[3])
                                                      0.257    17.622 r  candidate_lanes[0].lane_pe/codec/distortion13_i_204/CO[3]
                         net (fo=30, routed)          0.315    17.936    candidate_lanes[0].lane_pe/codec/distortion13_i_204_n_4
    SLICE_X42Y87         LUT3 (Prop_C6LUT_SLICEL_I2_O)
                                                      0.187    18.123 r  candidate_lanes[0].lane_pe/codec/distortion13_i_235/O
                         net (fo=1, routed)           0.098    18.221    candidate_lanes[0].lane_pe/codec/distortion13_i_235_n_0
    SLICE_X41Y87         LUT5 (Prop_A6LUT_SLICEM_I0_O)
                                                      0.152    18.373 r  candidate_lanes[0].lane_pe/codec/distortion13_i_196/O
                         net (fo=2, routed)           0.104    18.478    candidate_lanes[0].lane_pe/codec/distortion13_i_196_n_0
    SLICE_X41Y88         LUT6 (Prop_C6LUT_SLICEM_I3_O)
                                                      0.056    18.534 r  candidate_lanes[0].lane_pe/codec/distortion4_i_103/O
                         net (fo=3, routed)           0.211    18.745    candidate_lanes[0].lane_pe/codec/distortion4_i_103_n_0
    SLICE_X37Y88         LUT2 (Prop_B6LUT_SLICEM_I1_O)
                                                      0.082    18.827 r  candidate_lanes[0].lane_pe/codec/(null)[0].value4__13_i_185/O
                         net (fo=1, routed)           0.022    18.849    candidate_lanes[0].lane_pe/codec/(null)[0].value4__13_i_185_n_0
    SLICE_X37Y88         CARRY8 (Prop_CARRY8_SLICEM_S[1]_O[5])
                                                      0.333    19.182 r  candidate_lanes[0].lane_pe/codec/(null)[0].value4__13_i_102/O[5]
                         net (fo=28, routed)          0.658    19.840    candidate_lanes[0].lane_pe/codec/codec_residual[113]
    SLICE_X37Y76         LUT2 (Prop_F6LUT_SLICEM_I1_O)
                                                      0.080    19.920 r  candidate_lanes[0].lane_pe/codec/(null)[0].value4__5_i_810/O
                         net (fo=1, routed)           0.029    19.949    candidate_lanes[0].lane_pe/codec/(null)[0].value4__5_i_810_n_0
    SLICE_X37Y76         CARRY8 (Prop_CARRY8_SLICEM_S[5]_CO[7])
                                                      0.238    20.187 r  candidate_lanes[0].lane_pe/codec/(null)[0].value4__5_i_525/CO[7]
                         net (fo=1, routed)           0.030    20.217    candidate_lanes[0].lane_pe/codec/(null)[0].value4__5_i_525_n_0
    SLICE_X37Y77         CARRY8 (Prop_CARRY8_SLICEM_CI_O[1])
                                                      0.106    20.323 r  candidate_lanes[0].lane_pe/codec/(null)[0].value4__5_i_760/O[1]
                         net (fo=2, routed)           0.224    20.547    candidate_lanes[0].lane_pe/codec/(null)[0].value4__5_i_760_n_14
    SLICE_X38Y76         LUT2 (Prop_F6LUT_SLICEM_I0_O)
                                                      0.149    20.696 r  candidate_lanes[0].lane_pe/codec/(null)[0].value4__5_i_763/O
                         net (fo=1, routed)           0.029    20.725    candidate_lanes[0].lane_pe/codec/(null)[0].value4__5_i_763_n_0
    SLICE_X38Y76         CARRY8 (Prop_CARRY8_SLICEM_S[5]_CO[7])
                                                      0.238    20.963 r  candidate_lanes[0].lane_pe/codec/(null)[0].value4__5_i_517/CO[7]
                         net (fo=1, routed)           0.030    20.993    candidate_lanes[0].lane_pe/codec/(null)[0].value4__5_i_517_n_0
    SLICE_X38Y77         CARRY8 (Prop_CARRY8_SLICEM_CI_O[0])
                                                      0.078    21.071 r  candidate_lanes[0].lane_pe/codec/(null)[0].value4__5_i_930/O[0]
                         net (fo=2, routed)           0.159    21.230    candidate_lanes[0].lane_pe/codec/transformed90_in[12]
    SLICE_X38Y75         LUT5 (Prop_G6LUT_SLICEM_I0_O)
                                                      0.057    21.287 r  candidate_lanes[0].lane_pe/codec/(null)[0].value4__5_i_584/O
                         net (fo=2, routed)           0.618    21.905    candidate_lanes[0].lane_pe/codec/(null)[0].value4__5_i_584_n_0
    SLICE_X45Y75         LUT6 (Prop_F6LUT_SLICEM_I0_O)
                                                      0.149    22.054 r  candidate_lanes[0].lane_pe/codec/(null)[0].value4__5_i_592/O
                         net (fo=1, routed)           0.029    22.083    candidate_lanes[0].lane_pe/codec/(null)[0].value4__5_i_592_n_0
    SLICE_X45Y75         CARRY8 (Prop_CARRY8_SLICEM_S[5]_O[6])
                                                      0.186    22.269 r  candidate_lanes[0].lane_pe/codec/(null)[0].value4__5_i_474/O[6]
                         net (fo=25, routed)          0.755    23.023    candidate_lanes[0].lane_pe/codec/(null)[0].value4__5_i_474_n_9
    SLICE_X47Y50         LUT2 (Prop_F6LUT_SLICEL_I1_O)
                                                      0.150    23.173 r  candidate_lanes[0].lane_pe/codec/(null)[0].value4__9_i_327/O
                         net (fo=1, routed)           0.015    23.188    candidate_lanes[0].lane_pe/codec/(null)[0].value4__9_i_327_n_0
    SLICE_X47Y50         CARRY8 (Prop_CARRY8_SLICEL_S[5]_O[6])
                                                      0.180    23.368 r  candidate_lanes[0].lane_pe/codec/(null)[0].value4__9_i_292/O[6]
                         net (fo=3, routed)           0.623    23.992    candidate_lanes[0].lane_pe/codec/(null)[0].value4__9_i_292_n_9
    SLICE_X45Y48         LUT6 (Prop_G6LUT_SLICEM_I0_O)
                                                      0.186    24.178 r  candidate_lanes[0].lane_pe/codec/(null)[0].value4__9_i_250/O
                         net (fo=1, routed)           0.021    24.199    candidate_lanes[0].lane_pe/codec/(null)[0].value4__9_i_250_n_0
    SLICE_X45Y48         CARRY8 (Prop_CARRY8_SLICEM_S[6]_CO[7])
                                                      0.175    24.374 r  candidate_lanes[0].lane_pe/codec/(null)[0].value4__9_i_116/CO[7]
                         net (fo=1, routed)           0.030    24.404    candidate_lanes[0].lane_pe/codec/(null)[0].value4__9_i_116_n_0
    SLICE_X45Y49         CARRY8 (Prop_CARRY8_SLICEM_CI_O[0])
                                                      0.078    24.482 r  candidate_lanes[0].lane_pe/codec/(null)[0].value4__9_i_104/O[0]
                         net (fo=4, routed)           0.686    25.168    candidate_lanes[0].lane_pe/codec/(null)[0].value4__9_i_104_n_15
    SLICE_X42Y68         LUT3 (Prop_G6LUT_SLICEL_I0_O)
                                                      0.226    25.394 r  candidate_lanes[0].lane_pe/codec/(null)[0].value4__9_i_123/O
                         net (fo=1, routed)           0.232    25.626    candidate_lanes[0].lane_pe/codec/(null)[0].value4__9_i_123_n_0
    SLICE_X42Y65         LUT5 (Prop_D6LUT_SLICEL_I1_O)
                                                      0.152    25.778 r  candidate_lanes[0].lane_pe/codec/(null)[0].value4__9_i_70/O
                         net (fo=1, routed)           0.013    25.791    candidate_lanes[0].lane_pe/codec/(null)[0].value4__9_i_70_n_0
    SLICE_X42Y65         CARRY8 (Prop_CARRY8_SLICEL_S[3]_O[4])
                                                      0.208    25.999 f  candidate_lanes[0].lane_pe/codec/(null)[0].value4__9_i_20/O[4]
                         net (fo=2, routed)           0.297    26.296    candidate_lanes[0].lane_pe/codec/codec_transformed__0[238]
    SLICE_X39Y63         LUT1 (Prop_F6LUT_SLICEL_I0_O)
                                                      0.136    26.432 r  candidate_lanes[0].lane_pe/codec/(null)[0].value4__9_i_41/O
                         net (fo=1, routed)           0.015    26.447    candidate_lanes[0].lane_pe/codec/(null)[0].value4__9_i_41_n_0
    SLICE_X39Y63         CARRY8 (Prop_CARRY8_SLICEL_S[5]_O[7])
                                                      0.194    26.641 f  candidate_lanes[0].lane_pe/codec/(null)[0].value4__9_i_18/O[7]
                         net (fo=1, routed)           0.199    26.840    candidate_lanes[0].lane_pe/codec/(null)[0].value4__9_i_18_n_8
    SLICE_X39Y66         LUT3 (Prop_B6LUT_SLICEL_I0_O)
                                                      0.152    26.992 f  candidate_lanes[0].lane_pe/codec/(null)[0].value4__9_i_1/O
                         net (fo=1, routed)           0.457    27.449    candidate_lanes[0].lane_pe/codec/(null)[0].value4__9/A[16]
    DSP48E2_X10Y18       DSP_A_B_DATA (Prop_DSP_A_B_DATA_DSP48E2_A[16]_A2_DATA[16])
                                                      0.258    27.707 r  candidate_lanes[0].lane_pe/codec/(null)[0].value4__9/DSP_A_B_DATA_INST/A2_DATA[16]
                         net (fo=1, routed)           0.000    27.707    candidate_lanes[0].lane_pe/codec/(null)[0].value4__9/DSP_A_B_DATA.A2_DATA<16>
    DSP48E2_X10Y18       DSP_PREADD_DATA (Prop_DSP_PREADD_DATA_DSP48E2_A2_DATA[16]_A2A1[16])
                                                      0.114    27.821 r  candidate_lanes[0].lane_pe/codec/(null)[0].value4__9/DSP_PREADD_DATA_INST/A2A1[16]
                         net (fo=1, routed)           0.000    27.821    candidate_lanes[0].lane_pe/codec/(null)[0].value4__9/DSP_PREADD_DATA.A2A1<16>
    DSP48E2_X10Y18       DSP_MULTIPLIER (Prop_DSP_MULTIPLIER_DSP48E2_A2A1[16]_U[36])
                                                      0.700    28.521 f  candidate_lanes[0].lane_pe/codec/(null)[0].value4__9/DSP_MULTIPLIER_INST/U[36]
                         net (fo=1, routed)           0.000    28.521    candidate_lanes[0].lane_pe/codec/(null)[0].value4__9/DSP_MULTIPLIER.U<36>
    DSP48E2_X10Y18       DSP_M_DATA (Prop_DSP_M_DATA_DSP48E2_U[36]_U_DATA[36])
                                                      0.067    28.588 r  candidate_lanes[0].lane_pe/codec/(null)[0].value4__9/DSP_M_DATA_INST/U_DATA[36]
                         net (fo=1, routed)           0.000    28.588    candidate_lanes[0].lane_pe/codec/(null)[0].value4__9/DSP_M_DATA.U_DATA<36>
    DSP48E2_X10Y18       DSP_ALU (Prop_DSP_ALU_DSP48E2_U_DATA[36]_ALU_OUT[47])
                                                      0.727    29.315 f  candidate_lanes[0].lane_pe/codec/(null)[0].value4__9/DSP_ALU_INST/ALU_OUT[47]
                         net (fo=1, routed)           0.000    29.315    candidate_lanes[0].lane_pe/codec/(null)[0].value4__9/DSP_ALU.ALU_OUT<47>
    DSP48E2_X10Y18       DSP_OUTPUT (Prop_DSP_OUTPUT_DSP48E2_ALU_OUT[47]_PCOUT[47])
                                                      0.167    29.482 r  candidate_lanes[0].lane_pe/codec/(null)[0].value4__9/DSP_OUTPUT_INST/PCOUT[47]
                         net (fo=1, routed)           0.014    29.496    candidate_lanes[0].lane_pe/codec/(null)[0].value4__10/PCIN[47]
    DSP48E2_X10Y19       DSP_ALU (Prop_DSP_ALU_DSP48E2_PCIN[47]_ALU_OUT[3])
                                                      0.739    30.235 f  candidate_lanes[0].lane_pe/codec/(null)[0].value4__10/DSP_ALU_INST/ALU_OUT[3]
                         net (fo=1, routed)           0.000    30.235    candidate_lanes[0].lane_pe/codec/(null)[0].value4__10/DSP_ALU.ALU_OUT<3>
    DSP48E2_X10Y19       DSP_OUTPUT (Prop_DSP_OUTPUT_DSP48E2_ALU_OUT[3]_P[3])
                                                      0.146    30.381 r  candidate_lanes[0].lane_pe/codec/(null)[0].value4__10/DSP_OUTPUT_INST/P[3]
                         net (fo=2, routed)           0.324    30.704    candidate_lanes[0].lane_pe/codec/(null)[0].value4__10_n_102
    SLICE_X37Y47         LUT6 (Prop_E6LUT_SLICEM_I5_O)
                                                      0.187    30.891 r  candidate_lanes[0].lane_pe/codec/clip164__7__0_i_135/O
                         net (fo=1, routed)           0.018    30.909    candidate_lanes[0].lane_pe/codec/clip164__7__0_i_135_n_0
    SLICE_X37Y47         CARRY8 (Prop_CARRY8_SLICEM_S[4]_CO[7])
                                                      0.236    31.145 r  candidate_lanes[0].lane_pe/codec/clip164__7__0_i_77/CO[7]
                         net (fo=1, routed)           0.030    31.175    candidate_lanes[0].lane_pe/codec/clip164__7__0_i_77_n_0
    SLICE_X37Y48         CARRY8 (Prop_CARRY8_SLICEM_CI_O[0])
                                                      0.078    31.253 f  candidate_lanes[0].lane_pe/codec/clip164__7__0_i_59/O[0]
                         net (fo=5, routed)           0.520    31.773    candidate_lanes[0].lane_pe/codec/clip164__7__0_i_59_n_15
    SLICE_X40Y63         LUT4 (Prop_B6LUT_SLICEM_I0_O)
                                                      0.152    31.925 r  candidate_lanes[0].lane_pe/codec/clip164__7__0_i_78/O
                         net (fo=2, routed)           0.122    32.047    candidate_lanes[0].lane_pe/codec/clip164__7__0_i_78_n_0
    SLICE_X40Y64         LUT5 (Prop_D6LUT_SLICEM_I4_O)
                                                      0.220    32.267 r  candidate_lanes[0].lane_pe/codec/clip164__7__0_i_69/O
                         net (fo=1, routed)           0.400    32.667    candidate_lanes[0].lane_pe/codec/clip164__7__0_i_69_n_0
    SLICE_X40Y65         CARRY8 (Prop_CARRY8_SLICEM_S[0]_CO[7])
                                                      0.281    32.948 r  candidate_lanes[0].lane_pe/codec/clip164__7__0_i_29/CO[7]
                         net (fo=1, routed)           0.030    32.978    candidate_lanes[0].lane_pe/codec/clip164__7__0_i_29_n_0
    SLICE_X40Y66         CARRY8 (Prop_CARRY8_SLICEM_CI_CO[7])
                                                      0.065    33.043 r  candidate_lanes[0].lane_pe/codec/clip164__7__0_i_18/CO[7]
                         net (fo=1, routed)           0.030    33.073    candidate_lanes[0].lane_pe/codec/clip164__7__0_i_18_n_0
    SLICE_X40Y67         CARRY8 (Prop_CARRY8_SLICEM_CI_O[5])
                                                      0.161    33.234 f  candidate_lanes[0].lane_pe/codec/clip164__8__0_i_12/O[5]
                         net (fo=1, routed)           0.164    33.398    candidate_lanes[0].lane_pe/codec/clip164__8__0_i_12_n_10
    SLICE_X39Y67         LUT3 (Prop_A6LUT_SLICEL_I0_O)
                                                      0.137    33.535 f  candidate_lanes[0].lane_pe/codec/clip164__8__0_i_14/O
                         net (fo=5, routed)           0.205    33.740    candidate_lanes[0].lane_pe/codec/clip164__8__0_i_14_n_0
    SLICE_X40Y68         LUT6 (Prop_H6LUT_SLICEM_I1_O)
                                                      0.228    33.968 f  candidate_lanes[0].lane_pe/codec/clip164__7__0_i_202/O
                         net (fo=1, routed)           0.200    34.168    candidate_lanes[0].lane_pe/codec/clip164__7__0_i_202_n_0
    SLICE_X40Y69         CARRY8 (Prop_CARRY8_SLICEM_DI[4]_CO[7])
                                                      0.137    34.305 f  candidate_lanes[0].lane_pe/codec/clip164__7__0_i_157/CO[7]
                         net (fo=1, routed)           0.030    34.335    candidate_lanes[0].lane_pe/codec/clip164__7__0_i_157_n_0
    SLICE_X40Y70         CARRY8 (Prop_CARRY8_SLICEM_CI_CO[7])
                                                      0.065    34.400 f  candidate_lanes[0].lane_pe/codec/clip164__7__0_i_97/CO[7]
                         net (fo=1, routed)           0.030    34.430    candidate_lanes[0].lane_pe/codec/clip164__7__0_i_97_n_0
    SLICE_X40Y71         CARRY8 (Prop_CARRY8_SLICEM_CI_CO[7])
                                                      0.065    34.495 f  candidate_lanes[0].lane_pe/codec/clip164__7__0_i_50/CO[7]
                         net (fo=1, routed)           0.030    34.525    candidate_lanes[0].lane_pe/codec/clip164__7__0_i_50_n_0
    SLICE_X40Y72         CARRY8 (Prop_CARRY8_SLICEM_CI_CO[0])
                                                      0.074    34.599 f  candidate_lanes[0].lane_pe/codec/clip164__7__0_i_21/CO[0]
                         net (fo=26, routed)          0.663    35.262    candidate_lanes[0].lane_pe/codec/clip164__7__0_i_21_n_7
    SLICE_X47Y71         LUT5 (Prop_B6LUT_SLICEL_I3_O)
                                                      0.224    35.486 f  candidate_lanes[0].lane_pe/codec/clip164__7__0_i_4/O
                         net (fo=1, routed)           0.676    36.162    candidate_lanes[0].lane_pe/codec/clip164__7__0/A[13]
    DSP48E2_X12Y28       DSP_A_B_DATA (Prop_DSP_A_B_DATA_DSP48E2_A[13]_A2_DATA[13])
                                                      0.258    36.420 r  candidate_lanes[0].lane_pe/codec/clip164__7__0/DSP_A_B_DATA_INST/A2_DATA[13]
                         net (fo=1, routed)           0.000    36.420    candidate_lanes[0].lane_pe/codec/clip164__7__0/DSP_A_B_DATA.A2_DATA<13>
    DSP48E2_X12Y28       DSP_PREADD_DATA (Prop_DSP_PREADD_DATA_DSP48E2_A2_DATA[13]_A2A1[13])
                                                      0.114    36.534 r  candidate_lanes[0].lane_pe/codec/clip164__7__0/DSP_PREADD_DATA_INST/A2A1[13]
                         net (fo=1, routed)           0.000    36.534    candidate_lanes[0].lane_pe/codec/clip164__7__0/DSP_PREADD_DATA.A2A1<13>
    DSP48E2_X12Y28       DSP_MULTIPLIER (Prop_DSP_MULTIPLIER_DSP48E2_A2A1[13]_U[34])
                                                      0.700    37.234 f  candidate_lanes[0].lane_pe/codec/clip164__7__0/DSP_MULTIPLIER_INST/U[34]
                         net (fo=1, routed)           0.000    37.234    candidate_lanes[0].lane_pe/codec/clip164__7__0/DSP_MULTIPLIER.U<34>
    DSP48E2_X12Y28       DSP_M_DATA (Prop_DSP_M_DATA_DSP48E2_U[34]_U_DATA[34])
                                                      0.067    37.301 r  candidate_lanes[0].lane_pe/codec/clip164__7__0/DSP_M_DATA_INST/U_DATA[34]
                         net (fo=1, routed)           0.000    37.301    candidate_lanes[0].lane_pe/codec/clip164__7__0/DSP_M_DATA.U_DATA<34>
    DSP48E2_X12Y28       DSP_ALU (Prop_DSP_ALU_DSP48E2_U_DATA[34]_ALU_OUT[47])
                                                      0.727    38.028 f  candidate_lanes[0].lane_pe/codec/clip164__7__0/DSP_ALU_INST/ALU_OUT[47]
                         net (fo=1, routed)           0.000    38.028    candidate_lanes[0].lane_pe/codec/clip164__7__0/DSP_ALU.ALU_OUT<47>
    DSP48E2_X12Y28       DSP_OUTPUT (Prop_DSP_OUTPUT_DSP48E2_ALU_OUT[47]_PCOUT[47])
                                                      0.167    38.195 r  candidate_lanes[0].lane_pe/codec/clip164__7__0/DSP_OUTPUT_INST/PCOUT[47]
                         net (fo=1, routed)           0.014    38.209    candidate_lanes[0].lane_pe/codec/clip164__8__0/PCIN[47]
    DSP48E2_X12Y29       DSP_ALU (Prop_DSP_ALU_DSP48E2_PCIN[47]_ALU_OUT[4])
                                                      0.739    38.948 r  candidate_lanes[0].lane_pe/codec/clip164__8__0/DSP_ALU_INST/ALU_OUT[4]
                         net (fo=1, routed)           0.000    38.948    candidate_lanes[0].lane_pe/codec/clip164__8__0/DSP_ALU.ALU_OUT<4>
    DSP48E2_X12Y29       DSP_OUTPUT (Prop_DSP_OUTPUT_DSP48E2_ALU_OUT[4]_P[4])
                                                      0.146    39.094 f  candidate_lanes[0].lane_pe/codec/clip164__8__0/DSP_OUTPUT_INST/P[4]
                         net (fo=4, routed)           0.462    39.556    candidate_lanes[0].lane_pe/codec/clip164__8__0_n_101
    SLICE_X54Y73         LUT6 (Prop_G6LUT_SLICEM_I3_O)
                                                      0.186    39.742 f  candidate_lanes[0].lane_pe/codec/distortion10_i_1803/O
                         net (fo=6, routed)           0.348    40.090    candidate_lanes[0].lane_pe/codec/distortion10_i_1803_n_0
    SLICE_X59Y75         LUT2 (Prop_F6LUT_SLICEL_I1_O)
                                                      0.150    40.240 r  candidate_lanes[0].lane_pe/codec/distortion15__0__0_i_2512/O
                         net (fo=1, routed)           0.015    40.255    candidate_lanes[0].lane_pe/codec/distortion15__0__0_i_2512_n_0
    SLICE_X59Y75         CARRY8 (Prop_CARRY8_SLICEL_S[5]_CO[7])
                                                      0.232    40.487 r  candidate_lanes[0].lane_pe/codec/distortion15__0__0_i_2470/CO[7]
                         net (fo=1, routed)           0.030    40.517    candidate_lanes[0].lane_pe/codec/distortion15__0__0_i_2470_n_0
    SLICE_X59Y76         CARRY8 (Prop_CARRY8_SLICEL_CI_CO[7])
                                                      0.065    40.582 r  candidate_lanes[0].lane_pe/codec/distortion15__0__0_i_2240/CO[7]
                         net (fo=1, routed)           0.030    40.612    candidate_lanes[0].lane_pe/codec/distortion15__0__0_i_2240_n_0
    SLICE_X59Y77         CARRY8 (Prop_CARRY8_SLICEL_CI_CO[7])
                                                      0.065    40.677 r  candidate_lanes[0].lane_pe/codec/distortion15__0__0_i_1956/CO[7]
                         net (fo=1, routed)           0.030    40.707    candidate_lanes[0].lane_pe/codec/distortion15__0__0_i_1956_n_0
    SLICE_X59Y78         CARRY8 (Prop_CARRY8_SLICEL_CI_CO[0])
                                                      0.074    40.781 r  candidate_lanes[0].lane_pe/codec/distortion15__0__0_i_1565/CO[0]
                         net (fo=140, routed)         0.808    41.589    candidate_lanes[0].lane_pe/codec/distortion15__0__0_i_1565_n_7
    SLICE_X59Y120        LUT5 (Prop_B6LUT_SLICEL_I3_O)
                                                      0.083    41.672 r  candidate_lanes[0].lane_pe/codec/distortion15__0__0_i_1241/O
                         net (fo=20, routed)          0.446    42.118    candidate_lanes[0].lane_pe/codec/codec_dequantized__0[114]
    SLICE_X57Y123        LUT2 (Prop_C6LUT_SLICEL_I1_O)
                                                      0.136    42.254 r  candidate_lanes[0].lane_pe/codec/distortion2_i_1931/O
                         net (fo=1, routed)           0.015    42.269    candidate_lanes[0].lane_pe/codec/distortion2_i_1931_n_0
    SLICE_X57Y123        CARRY8 (Prop_CARRY8_SLICEL_S[2]_CO[7])
                                                      0.219    42.488 r  candidate_lanes[0].lane_pe/codec/distortion2_i_1655/CO[7]
                         net (fo=1, routed)           0.030    42.518    candidate_lanes[0].lane_pe/codec/distortion2_i_1655_n_0
    SLICE_X57Y124        CARRY8 (Prop_CARRY8_SLICEL_CI_O[1])
                                                      0.106    42.624 r  candidate_lanes[0].lane_pe/codec/distortion2_i_1657/O[1]
                         net (fo=3, routed)           0.306    42.931    candidate_lanes[0].lane_pe/codec/distortion2_i_1657_n_14
    SLICE_X60Y125        LUT3 (Prop_B6LUT_SLICEL_I1_O)
                                                      0.188    43.119 r  candidate_lanes[0].lane_pe/codec/distortion2_i_1307/O
                         net (fo=1, routed)           0.373    43.492    candidate_lanes[0].lane_pe/codec/distortion2_i_1307_n_0
    SLICE_X59Y125        CARRY8 (Prop_CARRY8_SLICEL_DI[1]_O[3])
                                                      0.147    43.639 r  candidate_lanes[0].lane_pe/codec/distortion2_i_905/O[3]
                         net (fo=3, routed)           0.479    44.117    candidate_lanes[0].lane_pe/codec/(null)[0].value4__0__2[16]
    SLICE_X53Y129        LUT3 (Prop_E5LUT_SLICEM_I1_O)
                                                      0.225    44.342 r  candidate_lanes[0].lane_pe/codec/distortion2_i_912/O
                         net (fo=2, routed)           0.228    44.570    candidate_lanes[0].lane_pe/codec/distortion2_i_912_n_0
    SLICE_X56Y129        LUT5 (Prop_F6LUT_SLICEL_I1_O)
                                                      0.056    44.626 r  candidate_lanes[0].lane_pe/codec/distortion1_i_907/O
                         net (fo=2, routed)           0.329    44.955    candidate_lanes[0].lane_pe/codec/distortion1_i_907_n_0
    SLICE_X55Y129        LUT6 (Prop_A6LUT_SLICEL_I0_O)
                                                      0.137    45.092 r  candidate_lanes[0].lane_pe/codec/distortion1_i_915/O
                         net (fo=1, routed)           0.014    45.106    candidate_lanes[0].lane_pe/codec/distortion1_i_915_n_0
    SLICE_X55Y129        CARRY8 (Prop_CARRY8_SLICEL_S[0]_O[5])
                                                      0.331    45.437 r  candidate_lanes[0].lane_pe/codec/distortion1_i_664/O[5]
                         net (fo=1, routed)           0.425    45.862    candidate_lanes[0].lane_pe/codec/distortion1_i_664_n_10
    SLICE_X55Y133        CARRY8 (Prop_CARRY8_SLICEL_S[1]_CO[7])
                                                      0.261    46.123 r  candidate_lanes[0].lane_pe/codec/distortion1_i_544/CO[7]
                         net (fo=1, routed)           0.030    46.153    candidate_lanes[0].lane_pe/codec/distortion1_i_544_n_0
    SLICE_X55Y134        CARRY8 (Prop_CARRY8_SLICEL_CI_O[1])
                                                      0.106    46.259 r  candidate_lanes[0].lane_pe/codec/distortion1_i_543/O[1]
                         net (fo=25, routed)          0.865    47.124    candidate_lanes[0].lane_pe/codec/distortion1_i_543_n_14
    SLICE_X46Y142        LUT2 (Prop_E6LUT_SLICEL_I1_O)
                                                      0.083    47.207 r  candidate_lanes[0].lane_pe/codec/distortion2_i_1162/O
                         net (fo=1, routed)           0.011    47.218    candidate_lanes[0].lane_pe/codec/distortion2_i_1162_n_0
    SLICE_X46Y142        CARRY8 (Prop_CARRY8_SLICEL_S[4]_CO[7])
                                                      0.232    47.450 f  candidate_lanes[0].lane_pe/codec/distortion2_i_877/CO[7]
                         net (fo=1, routed)           0.030    47.480    candidate_lanes[0].lane_pe/codec/distortion2_i_877_n_0
    SLICE_X46Y143        CARRY8 (Prop_CARRY8_SLICEL_CI_CO[7])
                                                      0.065    47.545 f  candidate_lanes[0].lane_pe/codec/distortion2_i_704/CO[7]
                         net (fo=1, routed)           0.030    47.575    candidate_lanes[0].lane_pe/codec/distortion2_i_704_n_0
    SLICE_X46Y144        CARRY8 (Prop_CARRY8_SLICEL_CI_CO[7])
                                                      0.065    47.640 f  candidate_lanes[0].lane_pe/codec/distortion2_i_525/CO[7]
                         net (fo=1, routed)           0.030    47.670    candidate_lanes[0].lane_pe/codec/distortion2_i_525_n_0
    SLICE_X46Y145        CARRY8 (Prop_CARRY8_SLICEL_CI_CO[0])
                                                      0.074    47.744 f  candidate_lanes[0].lane_pe/codec/distortion2_i_417/CO[0]
                         net (fo=388, routed)         0.725    48.469    candidate_lanes[0].lane_pe/codec/distortion2_i_417_n_7
    SLICE_X48Y155        LUT3 (Prop_C5LUT_SLICEL_I1_O)
                                                      0.152    48.621 r  candidate_lanes[0].lane_pe/codec/distortion3_i_745/O
                         net (fo=1, routed)           0.000    48.621    candidate_lanes[0].lane_pe/codec/distortion3_i_745_n_0
    SLICE_X48Y155        CARRY8 (Prop_CARRY8_SLICEL_DI[2]_O[4])
                                                      0.245    48.866 r  candidate_lanes[0].lane_pe/codec/distortion3_i_572/O[4]
                         net (fo=3, routed)           0.609    49.475    candidate_lanes[0].lane_pe/codec/distortion3_i_572_n_11
    SLICE_X49Y154        LUT5 (Prop_E6LUT_SLICEL_I4_O)
                                                      0.138    49.613 r  candidate_lanes[0].lane_pe/codec/distortion3_i_511/O
                         net (fo=1, routed)           0.303    49.916    candidate_lanes[0].lane_pe/codec/distortion3_i_511_n_0
    SLICE_X49Y155        CARRY8 (Prop_CARRY8_SLICEL_DI[5]_CO[7])
                                                      0.108    50.024 r  candidate_lanes[0].lane_pe/codec/distortion3_i_358/CO[7]
                         net (fo=1, routed)           0.030    50.054    candidate_lanes[0].lane_pe/codec/distortion3_i_358_n_0
    SLICE_X49Y156        CARRY8 (Prop_CARRY8_SLICEL_CI_O[0])
                                                      0.078    50.132 r  candidate_lanes[0].lane_pe/codec/distortion3_i_331/O[0]
                         net (fo=3, routed)           0.847    50.979    candidate_lanes[0].lane_pe/codec/distortion3_i_331_n_15
    SLICE_X46Y163        LUT3 (Prop_C6LUT_SLICEL_I0_O)
                                                      0.187    51.166 r  candidate_lanes[0].lane_pe/codec/distortion3_i_359/O
                         net (fo=2, routed)           0.168    51.334    candidate_lanes[0].lane_pe/codec/distortion3_i_359_n_0
    SLICE_X46Y163        LUT5 (Prop_E5LUT_SLICEL_I4_O)
                                                      0.222    51.556 r  candidate_lanes[0].lane_pe/codec/distortion3_i_270/O
                         net (fo=2, routed)           0.359    51.915    candidate_lanes[0].lane_pe/codec/distortion3_i_270_n_0
    SLICE_X46Y147        LUT6 (Prop_F6LUT_SLICEL_I0_O)
                                                      0.081    51.996 r  candidate_lanes[0].lane_pe/codec/distortion3_i_278/O
                         net (fo=1, routed)           0.015    52.011    candidate_lanes[0].lane_pe/codec/distortion3_i_278_n_0
    SLICE_X46Y147        CARRY8 (Prop_CARRY8_SLICEL_S[5]_CO[7])
                                                      0.232    52.243 r  candidate_lanes[0].lane_pe/codec/distortion3_i_205/CO[7]
                         net (fo=1, routed)           0.030    52.273    candidate_lanes[0].lane_pe/codec/distortion3_i_205_n_0
    SLICE_X46Y148        CARRY8 (Prop_CARRY8_SLICEL_CI_O[4])
                                                      0.119    52.392 r  candidate_lanes[0].lane_pe/codec/distortion3_i_188/O[4]
                         net (fo=1, routed)           0.490    52.882    candidate_lanes[0].lane_pe/codec/distortion3_i_188_n_11
    SLICE_X45Y147        CARRY8 (Prop_CARRY8_SLICEM_S[2]_CO[7])
                                                      0.229    53.111 r  candidate_lanes[0].lane_pe/codec/distortion3_i_151/CO[7]
                         net (fo=1, routed)           0.030    53.141    candidate_lanes[0].lane_pe/codec/distortion3_i_151_n_0
    SLICE_X45Y148        CARRY8 (Prop_CARRY8_SLICEM_CI_O[1])
                                                      0.106    53.247 r  candidate_lanes[0].lane_pe/codec/distortion3_i_129/O[1]
                         net (fo=5, routed)           0.851    54.098    candidate_lanes[0].lane_pe/codec/distortion3_i_129_n_14
    SLICE_X39Y125        LUT2 (Prop_A6LUT_SLICEL_I0_O)
                                                      0.152    54.250 r  candidate_lanes[0].lane_pe/codec/distortion3_i_444/O
                         net (fo=1, routed)           0.014    54.264    candidate_lanes[0].lane_pe/codec/distortion3_i_444_n_0
    SLICE_X39Y125        CARRY8 (Prop_CARRY8_SLICEL_S[0]_CO[7])
                                                      0.278    54.542 r  candidate_lanes[0].lane_pe/codec/distortion3_i_309/CO[7]
                         net (fo=1, routed)           0.030    54.572    candidate_lanes[0].lane_pe/codec/distortion3_i_309_n_0
    SLICE_X39Y126        CARRY8 (Prop_CARRY8_SLICEL_CI_CO[7])
                                                      0.065    54.637 r  candidate_lanes[0].lane_pe/codec/distortion3_i_231/CO[7]
                         net (fo=1, routed)           0.030    54.667    candidate_lanes[0].lane_pe/codec/distortion3_i_231_n_0
    SLICE_X39Y127        CARRY8 (Prop_CARRY8_SLICEL_CI_CO[7])
                                                      0.065    54.732 r  candidate_lanes[0].lane_pe/codec/distortion3_i_179/CO[7]
                         net (fo=1, routed)           0.030    54.762    candidate_lanes[0].lane_pe/codec/distortion3_i_179_n_0
    SLICE_X39Y128        CARRY8 (Prop_CARRY8_SLICEL_CI_CO[0])
                                                      0.074    54.836 r  candidate_lanes[0].lane_pe/codec/distortion3_i_131/CO[0]
                         net (fo=32, routed)          0.347    55.183    candidate_lanes[0].lane_pe/codec/clip161__0
    SLICE_X42Y123        LUT4 (Prop_A6LUT_SLICEL_I3_O)
                                                      0.225    55.408 r  candidate_lanes[0].lane_pe/codec/distortion3_i_108/O
                         net (fo=1, routed)           0.014    55.422    candidate_lanes[0].lane_pe/codec/distortion3_i_108_n_0
    SLICE_X42Y123        CARRY8 (Prop_CARRY8_SLICEL_S[0]_CO[7])
                                                      0.278    55.700 r  candidate_lanes[0].lane_pe/codec/distortion3_i_40/CO[7]
                         net (fo=1, routed)           0.030    55.730    candidate_lanes[0].lane_pe/codec/distortion3_i_40_n_0
    SLICE_X42Y124        CARRY8 (Prop_CARRY8_SLICEL_CI_CO[7])
                                                      0.065    55.795 r  candidate_lanes[0].lane_pe/codec/distortion3_i_39/CO[7]
                         net (fo=1, routed)           0.030    55.825    candidate_lanes[0].lane_pe/codec/distortion3_i_39_n_0
    SLICE_X42Y125        CARRY8 (Prop_CARRY8_SLICEL_CI_CO[7])
                                                      0.065    55.890 r  candidate_lanes[0].lane_pe/codec/distortion3_i_38/CO[7]
                         net (fo=1, routed)           0.030    55.920    candidate_lanes[0].lane_pe/codec/distortion3_i_38_n_0
    SLICE_X42Y126        CARRY8 (Prop_CARRY8_SLICEL_CI_O[3])
                                                      0.114    56.034 f  candidate_lanes[0].lane_pe/codec/distortion3_i_37/O[3]
                         net (fo=3, routed)           0.220    56.253    candidate_lanes[0].lane_pe/codec/(null)[0].value__3[27]
    SLICE_X41Y125        LUT2 (Prop_B6LUT_SLICEM_I0_O)
                                                      0.225    56.478 r  candidate_lanes[0].lane_pe/codec/distortion3_i_48/O
                         net (fo=1, routed)           0.022    56.500    candidate_lanes[0].lane_pe/codec/distortion3_i_48_n_0
    SLICE_X41Y125        CARRY8 (Prop_CARRY8_SLICEM_S[1]_CO[3])
                                                      0.257    56.757 r  candidate_lanes[0].lane_pe/codec/distortion3_i_36/CO[3]
                         net (fo=31, routed)          0.338    57.096    candidate_lanes[0].lane_pe/codec/clip81__2
    SLICE_X40Y123        LUT4 (Prop_A6LUT_SLICEM_I1_O)
                                                      0.083    57.179 r  candidate_lanes[0].lane_pe/codec/distortion3_i_35/O
                         net (fo=1, routed)           0.017    57.196    candidate_lanes[0].lane_pe/codec/distortion3_i_35_n_0
    SLICE_X40Y123        CARRY8 (Prop_CARRY8_SLICEM_S[0]_CO[7])
                                                      0.281    57.477 r  candidate_lanes[0].lane_pe/codec/distortion3_i_4/CO[7]
                         net (fo=1, routed)           0.030    57.507    candidate_lanes[0].lane_pe/codec/distortion3_i_4_n_0
    SLICE_X40Y124        CARRY8 (Prop_CARRY8_SLICEM_CI_O[3])
                                                      0.114    57.621 f  candidate_lanes[0].lane_pe/codec/distortion3_i_3/O[3]
                         net (fo=4, routed)           0.614    58.235    candidate_lanes[0].lane_pe/codec/distortion3__0/A[11]
    DSP48E2_X11Y51       DSP_A_B_DATA (Prop_DSP_A_B_DATA_DSP48E2_A[11]_A2_DATA[11])
                                                      0.258    58.493 r  candidate_lanes[0].lane_pe/codec/distortion3__0/DSP_A_B_DATA_INST/A2_DATA[11]
                         net (fo=1, routed)           0.000    58.493    candidate_lanes[0].lane_pe/codec/distortion3__0/DSP_A_B_DATA.A2_DATA<11>
    DSP48E2_X11Y51       DSP_PREADD_DATA (Prop_DSP_PREADD_DATA_DSP48E2_A2_DATA[11]_A2A1[11])
                                                      0.114    58.607 r  candidate_lanes[0].lane_pe/codec/distortion3__0/DSP_PREADD_DATA_INST/A2A1[11]
                         net (fo=1, routed)           0.000    58.607    candidate_lanes[0].lane_pe/codec/distortion3__0/DSP_PREADD_DATA.A2A1<11>
    DSP48E2_X11Y51       DSP_MULTIPLIER (Prop_DSP_MULTIPLIER_DSP48E2_A2A1[11]_U[32])
                                                      0.700    59.307 f  candidate_lanes[0].lane_pe/codec/distortion3__0/DSP_MULTIPLIER_INST/U[32]
                         net (fo=1, routed)           0.000    59.307    candidate_lanes[0].lane_pe/codec/distortion3__0/DSP_MULTIPLIER.U<32>
    DSP48E2_X11Y51       DSP_M_DATA (Prop_DSP_M_DATA_DSP48E2_U[32]_U_DATA[32])
                                                      0.067    59.374 r  candidate_lanes[0].lane_pe/codec/distortion3__0/DSP_M_DATA_INST/U_DATA[32]
                         net (fo=1, routed)           0.000    59.374    candidate_lanes[0].lane_pe/codec/distortion3__0/DSP_M_DATA.U_DATA<32>
    DSP48E2_X11Y51       DSP_ALU (Prop_DSP_ALU_DSP48E2_U_DATA[32]_ALU_OUT[47])
                                                      0.727    60.101 f  candidate_lanes[0].lane_pe/codec/distortion3__0/DSP_ALU_INST/ALU_OUT[47]
                         net (fo=1, routed)           0.000    60.101    candidate_lanes[0].lane_pe/codec/distortion3__0/DSP_ALU.ALU_OUT<47>
    DSP48E2_X11Y51       DSP_OUTPUT (Prop_DSP_OUTPUT_DSP48E2_ALU_OUT[47]_PCOUT[47])
                                                      0.167    60.268 r  candidate_lanes[0].lane_pe/codec/distortion3__0/DSP_OUTPUT_INST/PCOUT[47]
                         net (fo=1, routed)           0.038    60.306    candidate_lanes[0].lane_pe/codec/distortion3__1/PCIN[47]
    DSP48E2_X11Y52       DSP_ALU (Prop_DSP_ALU_DSP48E2_PCIN[47]_ALU_OUT[0])
                                                      0.739    61.045 f  candidate_lanes[0].lane_pe/codec/distortion3__1/DSP_ALU_INST/ALU_OUT[0]
                         net (fo=1, routed)           0.000    61.045    candidate_lanes[0].lane_pe/codec/distortion3__1/DSP_ALU.ALU_OUT<0>
    DSP48E2_X11Y52       DSP_OUTPUT (Prop_DSP_OUTPUT_DSP48E2_ALU_OUT[0]_P[0])
                                                      0.146    61.191 r  candidate_lanes[0].lane_pe/codec/distortion3__1/DSP_OUTPUT_INST/P[0]
                         net (fo=2, routed)           0.177    61.368    candidate_lanes[0].lane_pe/codec/distortion3__1_n_105
    SLICE_X40Y130        LUT2 (Prop_B6LUT_SLICEM_I0_O)
                                                      0.057    61.425 r  candidate_lanes[0].lane_pe/codec/out_distortion[28]_i_485/O
                         net (fo=1, routed)           0.022    61.447    candidate_lanes[0].lane_pe/codec/out_distortion[28]_i_485_n_0
    SLICE_X40Y130        CARRY8 (Prop_CARRY8_SLICEM_S[1]_O[2])
                                                      0.179    61.626 r  candidate_lanes[0].lane_pe/codec/out_distortion_reg[28]_i_434/O[2]
                         net (fo=3, routed)           0.318    61.944    candidate_lanes[0].lane_pe/codec/out_distortion_reg[28]_i_434_n_13
    SLICE_X37Y128        LUT3 (Prop_A6LUT_SLICEM_I2_O)
                                                      0.138    62.082 r  candidate_lanes[0].lane_pe/codec/out_distortion[28]_i_362/O
                         net (fo=1, routed)           0.638    62.720    candidate_lanes[0].lane_pe/codec/out_distortion[28]_i_362_n_0
    SLICE_X34Y127        CARRY8 (Prop_CARRY8_SLICEM_DI[3]_O[5])
                                                      0.268    62.988 r  candidate_lanes[0].lane_pe/codec/out_distortion_reg[28]_i_180/O[5]
                         net (fo=3, routed)           0.332    63.320    candidate_lanes[0].lane_pe/codec/out_distortion_reg[28]_i_180_n_10
    SLICE_X29Y128        LUT3 (Prop_D6LUT_SLICEM_I0_O)
                                                      0.056    63.376 r  candidate_lanes[0].lane_pe/codec/out_distortion[28]_i_128/O
                         net (fo=1, routed)           0.492    63.868    candidate_lanes[0].lane_pe/codec/out_distortion[28]_i_128_n_0
    SLICE_X31Y128        CARRY8 (Prop_CARRY8_SLICEM_DI[6]_O[7])
                                                      0.133    64.001 r  candidate_lanes[0].lane_pe/codec/out_distortion_reg[28]_i_29/O[7]
                         net (fo=3, routed)           0.315    64.316    candidate_lanes[0].lane_pe/codec/out_distortion_reg[28]_i_29_n_8
    SLICE_X34Y132        LUT3 (Prop_E6LUT_SLICEM_I1_O)
                                                      0.057    64.373 r  candidate_lanes[0].lane_pe/codec/out_distortion[28]_i_31/O
                         net (fo=2, routed)           0.450    64.823    candidate_lanes[0].lane_pe/codec/out_distortion[28]_i_31_n_0
    SLICE_X33Y132        LUT6 (Prop_H6LUT_SLICEL_I1_O)
                                                      0.188    65.011 r  candidate_lanes[0].lane_pe/codec/out_distortion[23]_i_10/O
                         net (fo=1, routed)           0.015    65.026    candidate_lanes[0].lane_pe/codec/out_distortion[23]_i_10_n_0
    SLICE_X33Y132        CARRY8 (Prop_CARRY8_SLICEL_S[7]_CO[7])
                                                      0.172    65.198 r  candidate_lanes[0].lane_pe/codec/out_distortion_reg[23]_i_1/CO[7]
                         net (fo=1, routed)           0.030    65.228    candidate_lanes[0].lane_pe/codec/out_distortion_reg[23]_i_1_n_0
    SLICE_X33Y133        CARRY8 (Prop_CARRY8_SLICEL_CI_O[0])
                                                      0.078    65.306 r  candidate_lanes[0].lane_pe/codec/out_distortion_reg[28]_i_1/O[0]
                         net (fo=1, routed)           0.032    65.338    candidate_lanes[0].lane_pe/codec_distortion[24]
    SLICE_X33Y133        FDRE                                         r  candidate_lanes[0].lane_pe/out_distortion_reg[24]/D
  -------------------------------------------------------------------    -------------------

                         (clock chia_rdo_clk rise edge)
                                                      5.000     5.000 r  
                                                      0.000     5.000 r  clk (IN)
                         net (fo=1725, unset)         0.029     5.029    candidate_lanes[0].lane_pe/clk
    SLICE_X33Y133        FDRE                                         r  candidate_lanes[0].lane_pe/out_distortion_reg[24]/C
                         clock pessimism              0.000     5.029    
                         clock uncertainty           -0.035     4.994    
    SLICE_X33Y133        FDRE (Setup_AFF_SLICEL_C_D)
                                                      0.044     5.038    candidate_lanes[0].lane_pe/out_distortion_reg[24]
  -------------------------------------------------------------------
                         required time                          5.038    
                         arrival time                         -65.338    
  -------------------------------------------------------------------
                         slack                                -60.300    

Slack (VIOLATED) :        -60.101ns  (required time - arrival time)
  Source:                 count_reg_reg[2]/C
                            (rising edge-triggered cell FDRE clocked by chia_rdo_clk  {rise@0.000ns fall@2.500ns period=5.000ns})
  Destination:            candidate_lanes[0].lane_pe/out_distortion_reg[23]/D
                            (rising edge-triggered cell FDRE clocked by chia_rdo_clk  {rise@0.000ns fall@2.500ns period=5.000ns})
  Path Group:             chia_rdo_clk
  Path Type:              Setup (Max at Slow Process Corner)
  Requirement:            5.000ns  (chia_rdo_clk rise@5.000ns - chia_rdo_clk rise@0.000ns)
  Data Path Delay:        65.097ns  (logic 33.807ns (51.934%)  route 31.290ns (48.066%))
  Logic Levels:           169  (CARRY8=68 DSP_A_B_DATA=5 DSP_ALU=10 DSP_M_DATA=4 DSP_MULTIPLIER=4 DSP_OUTPUT=10 DSP_PREADD_DATA=4 LUT1=1 LUT2=12 LUT3=12 LUT4=4 LUT5=12 LUT6=20 MUXF7=2 MUXF8=1)
  Clock Path Skew:        -0.013ns (DCD - SCD + CPR)
    Destination Clock Delay (DCD):    0.029ns = ( 5.029 - 5.000 ) 
    Source Clock Delay      (SCD):    0.042ns
    Clock Pessimism Removal (CPR):    0.000ns
  Clock Uncertainty:      0.035ns  ((TSJ^2 + TIJ^2)^1/2 + DJ) / 2 + PE
    Total System Jitter     (TSJ):    0.071ns
    Total Input Jitter      (TIJ):    0.000ns
    Discrete Jitter          (DJ):    0.000ns
    Phase Error              (PE):    0.000ns

    Location             Delay type                Incr(ns)  Path(ns)    Netlist Resource(s)
  -------------------------------------------------------------------    -------------------
                         (clock chia_rdo_clk rise edge)
                                                      0.000     0.000 r  
                                                      0.000     0.000 r  clk (IN)
                         net (fo=1725, unset)         0.042     0.042    clk
    SLICE_X56Y144        FDRE                                         r  count_reg_reg[2]/C
  -------------------------------------------------------------------    -------------------
    SLICE_X56Y144        FDRE (Prop_FFF_SLICEL_C_Q)
                                                      0.113     0.155 r  count_reg_reg[2]/Q
                         net (fo=5, routed)           0.223     0.378    candidate_lanes[0].lane_pe/codec/batches_model[2]
    SLICE_X57Y144        LUT4 (Prop_B6LUT_SLICEL_I2_O)
                                                      0.152     0.530 r  candidate_lanes[0].lane_pe/codec/lane_rank[0][5]_i_17/O
                         net (fo=1, routed)           0.013     0.543    candidate_lanes[0].lane_pe/codec/lane_rank[0][5]_i_17_n_0
    SLICE_X57Y144        CARRY8 (Prop_CARRY8_SLICEL_S[1]_CO[3])
                                                      0.250     0.793 f  candidate_lanes[0].lane_pe/codec/lane_rank_reg[0][5]_i_4/CO[3]
                         net (fo=124, routed)         0.340     1.134    candidate_lanes[0].lane_pe/codec/CO[0]
    SLICE_X57Y140        LUT6 (Prop_A6LUT_SLICEL_I1_O)
                                                      0.137     1.271 r  candidate_lanes[0].lane_pe/codec/multi_stage.rate_stage00_i_275/O
                         net (fo=136, routed)         0.277     1.548    candidate_lanes[0].lane_pe/codec/launched_count_reg[2]
    SLICE_X57Y143        LUT6 (Prop_H6LUT_SLICEL_I4_O)
                                                      0.227     1.775 f  candidate_lanes[0].lane_pe/codec/mode_reg[4]_i_64/O
                         net (fo=1, routed)           0.196     1.971    candidate_lanes[0].lane_pe/codec/mode_reg[4]_i_64_n_0
    SLICE_X57Y142        LUT6 (Prop_C6LUT_SLICEL_I3_O)
                                                      0.221     2.192 f  candidate_lanes[0].lane_pe/codec/mode_reg[4]_i_19/O
                         net (fo=1, routed)           0.015     2.207    candidate_lanes[0].lane_pe/codec/mode_reg[4]_i_19_n_0
    SLICE_X57Y142        MUXF7 (Prop_F7MUX_CD_SLICEL_I1_O)
                                                      0.088     2.295 f  candidate_lanes[0].lane_pe/codec/mode_reg_reg[4]_i_6/O
                         net (fo=1, routed)           0.000     2.295    candidate_lanes[0].lane_pe/codec/mode_reg_reg[4]_i_6_n_0
    SLICE_X57Y142        MUXF8 (Prop_F8MUX_BOT_SLICEL_I0_O)
                                                      0.031     2.326 f  candidate_lanes[0].lane_pe/codec/mode_reg_reg[4]_i_2/O
                         net (fo=3, routed)           0.618     2.944    candidate_lanes[0].lane_pe/codec/mode_reg_reg[4]_i_2_n_0
    SLICE_X54Y121        LUT6 (Prop_A6LUT_SLICEM_I0_O)
                                                      0.189     3.133 f  candidate_lanes[0].lane_pe/codec/mode_reg[4]_i_1/O
                         net (fo=24, routed)          0.395     3.528    candidate_lanes[0].lane_pe/codec/D[4]
    SLICE_X51Y121        LUT5 (Prop_B6LUT_SLICEL_I4_O)
                                                      0.058     3.586 r  candidate_lanes[0].lane_pe/codec/angular_temporary3__21_i_30/O
                         net (fo=157, routed)         0.204     3.790    candidate_lanes[0].lane_pe/codec/angular_temporary3__3_i_46_n_0
    SLICE_X50Y121        LUT6 (Prop_A6LUT_SLICEL_I0_O)
                                                      0.225     4.015 r  candidate_lanes[0].lane_pe/codec/angular_temporary3__3_i_52/O
                         net (fo=1, routed)           0.014     4.029    candidate_lanes[0].lane_pe/codec/angular_temporary3__3_i_52_n_0
    SLICE_X50Y121        CARRY8 (Prop_CARRY8_SLICEL_S[0]_O[0])
                                                      0.077     4.106 r  candidate_lanes[0].lane_pe/codec/angular_temporary3__3_i_14/O[0]
                         net (fo=246, routed)         0.531     4.637    candidate_lanes[0].lane_pe/codec/angular_temporary8[0]
    SLICE_X50Y115        LUT5 (Prop_A6LUT_SLICEL_I2_O)
                                                      0.225     4.862 r  candidate_lanes[0].lane_pe/codec/angular_temporary1__29_i_90/O
                         net (fo=1, routed)           0.014     4.876    candidate_lanes[0].lane_pe/codec/angular_temporary1__29_i_90_n_0
    SLICE_X50Y115        CARRY8 (Prop_CARRY8_SLICEL_S[0]_CO[7])
                                                      0.278     5.154 r  candidate_lanes[0].lane_pe/codec/angular_temporary1__29_i_51/CO[7]
                         net (fo=1, routed)           0.030     5.184    candidate_lanes[0].lane_pe/codec/angular_temporary1__29_i_51_n_0
    SLICE_X50Y116        CARRY8 (Prop_CARRY8_SLICEL_CI_CO[7])
                                                      0.073     5.257 r  candidate_lanes[0].lane_pe/codec/angular_temporary1__29_i_32/CO[7]
                         net (fo=50, routed)          0.241     5.498    candidate_lanes[0].lane_pe/codec/angular_temporary1__29_i_32_n_0
    SLICE_X50Y114        LUT6 (Prop_D6LUT_SLICEL_I5_O)
                                                      0.221     5.719 r  candidate_lanes[0].lane_pe/codec/angular_temporary1__9_i_107/O
                         net (fo=1, routed)           0.293     6.012    candidate_lanes[0].lane_pe/codec/angular_temporary1__9_i_107_n_0
    SLICE_X49Y110        CARRY8 (Prop_CARRY8_SLICEL_DI[2]_CO[7])
                                                      0.158     6.170 r  candidate_lanes[0].lane_pe/codec/angular_temporary1__9_i_56/CO[7]
                         net (fo=1, routed)           0.030     6.200    candidate_lanes[0].lane_pe/codec/angular_temporary1__9_i_56_n_0
    SLICE_X49Y111        CARRY8 (Prop_CARRY8_SLICEL_CI_O[0])
                                                      0.078     6.278 r  candidate_lanes[0].lane_pe/codec/angular_temporary1__9_i_28/O[0]
                         net (fo=22, routed)          0.222     6.501    candidate_lanes[0].lane_pe/codec/angular_temporary1__9_i_28_n_15
    SLICE_X50Y112        LUT3 (Prop_A6LUT_SLICEL_I0_O)
                                                      0.188     6.689 r  candidate_lanes[0].lane_pe/codec/angular_temporary3__1_i_91/O
                         net (fo=2, routed)           0.163     6.852    candidate_lanes[0].lane_pe/codec/inverse_angle_sum[8]
    SLICE_X50Y111        LUT6 (Prop_A6LUT_SLICEL_I0_O)
                                                      0.152     7.004 r  candidate_lanes[0].lane_pe/codec/angular_temporary3__1_i_96/O
                         net (fo=1, routed)           0.014     7.018    candidate_lanes[0].lane_pe/codec/angular_temporary3__1_i_96_n_0
    SLICE_X50Y111        CARRY8 (Prop_CARRY8_SLICEL_S[0]_O[4])
                                                      0.285     7.303 r  candidate_lanes[0].lane_pe/codec/angular_temporary3__1_i_39/O[4]
                         net (fo=4, routed)           0.350     7.653    candidate_lanes[0].lane_pe/codec/sel0[4]
    SLICE_X49Y109        LUT2 (Prop_F6LUT_SLICEL_I0_O)
                                                      0.081     7.734 r  candidate_lanes[0].lane_pe/codec/angular_temporary3__1_i_97/O
                         net (fo=7, routed)           0.595     8.329    candidate_lanes[0].lane_pe/codec/angular_temporary3__1_i_97_n_0
    SLICE_X47Y107        LUT6 (Prop_F6LUT_SLICEL_I0_O)
                                                      0.136     8.465 r  candidate_lanes[0].lane_pe/codec/angular_temporary3__1_i_125/O
                         net (fo=1, routed)           0.327     8.792    candidate_lanes[0].lane_pe/codec/angular_temporary3__1_i_125_n_0
    SLICE_X46Y100        LUT6 (Prop_E6LUT_SLICEL_I4_O)
                                                      0.057     8.849 f  candidate_lanes[0].lane_pe/codec/angular_temporary3__1_i_78/O
                         net (fo=1, routed)           0.067     8.916    candidate_lanes[0].lane_pe/codec/angular_temporary3__1_i_78_n_0
    SLICE_X46Y100        LUT6 (Prop_C6LUT_SLICEL_I5_O)
                                                      0.221     9.137 f  candidate_lanes[0].lane_pe/codec/angular_temporary3__1_i_32/O
                         net (fo=2, routed)           0.015     9.152    candidate_lanes[0].lane_pe/codec/angular_temporary3__1_i_32_n_0
    SLICE_X46Y100        MUXF7 (Prop_F7MUX_CD_SLICEL_I1_O)
                                                      0.096     9.248 f  candidate_lanes[0].lane_pe/codec/angular_temporary3__1_i_8/O
                         net (fo=1, routed)           0.570     9.818    candidate_lanes[0].lane_pe/codec/angular_temporary3__1/A[0]
    DSP48E2_X11Y42       DSP_A_B_DATA (Prop_DSP_A_B_DATA_DSP48E2_A[0]_A2_DATA[0])
                                                      0.258    10.076 r  candidate_lanes[0].lane_pe/codec/angular_temporary3__1/DSP_A_B_DATA_INST/A2_DATA[0]
                         net (fo=1, routed)           0.000    10.076    candidate_lanes[0].lane_pe/codec/angular_temporary3__1/DSP_A_B_DATA.A2_DATA<0>
    DSP48E2_X11Y42       DSP_PREADD_DATA (Prop_DSP_PREADD_DATA_DSP48E2_A2_DATA[0]_A2A1[0])
                                                      0.114    10.190 r  candidate_lanes[0].lane_pe/codec/angular_temporary3__1/DSP_PREADD_DATA_INST/A2A1[0]
                         net (fo=1, routed)           0.000    10.190    candidate_lanes[0].lane_pe/codec/angular_temporary3__1/DSP_PREADD_DATA.A2A1<0>
    DSP48E2_X11Y42       DSP_MULTIPLIER (Prop_DSP_MULTIPLIER_DSP48E2_A2A1[0]_U[21])
                                                      0.700    10.890 f  candidate_lanes[0].lane_pe/codec/angular_temporary3__1/DSP_MULTIPLIER_INST/U[21]
                         net (fo=1, routed)           0.000    10.890    candidate_lanes[0].lane_pe/codec/angular_temporary3__1/DSP_MULTIPLIER.U<21>
    DSP48E2_X11Y42       DSP_M_DATA (Prop_DSP_M_DATA_DSP48E2_U[21]_U_DATA[21])
                                                      0.067    10.957 r  candidate_lanes[0].lane_pe/codec/angular_temporary3__1/DSP_M_DATA_INST/U_DATA[21]
                         net (fo=1, routed)           0.000    10.957    candidate_lanes[0].lane_pe/codec/angular_temporary3__1/DSP_M_DATA.U_DATA<21>
    DSP48E2_X11Y42       DSP_ALU (Prop_DSP_ALU_DSP48E2_U_DATA[21]_ALU_OUT[47])
                                                      0.727    11.684 f  candidate_lanes[0].lane_pe/codec/angular_temporary3__1/DSP_ALU_INST/ALU_OUT[47]
                         net (fo=1, routed)           0.000    11.684    candidate_lanes[0].lane_pe/codec/angular_temporary3__1/DSP_ALU.ALU_OUT<47>
    DSP48E2_X11Y42       DSP_OUTPUT (Prop_DSP_OUTPUT_DSP48E2_ALU_OUT[47]_PCOUT[47])
                                                      0.167    11.851 r  candidate_lanes[0].lane_pe/codec/angular_temporary3__1/DSP_OUTPUT_INST/PCOUT[47]
                         net (fo=1, routed)           0.014    11.865    candidate_lanes[0].lane_pe/codec/angular_temporary3__2/PCIN[47]
    DSP48E2_X11Y43       DSP_ALU (Prop_DSP_ALU_DSP48E2_PCIN[47]_ALU_OUT[14])
                                                      0.739    12.604 r  candidate_lanes[0].lane_pe/codec/angular_temporary3__2/DSP_ALU_INST/ALU_OUT[14]
                         net (fo=1, routed)           0.000    12.604    candidate_lanes[0].lane_pe/codec/angular_temporary3__2/DSP_ALU.ALU_OUT<14>
    DSP48E2_X11Y43       DSP_OUTPUT (Prop_DSP_OUTPUT_DSP48E2_ALU_OUT[14]_P[14])
                                                      0.146    12.750 f  candidate_lanes[0].lane_pe/codec/angular_temporary3__2/DSP_OUTPUT_INST/P[14]
                         net (fo=17, routed)          0.636    13.386    candidate_lanes[0].lane_pe/codec/angular_temporary1__1/A[25]
    DSP48E2_X11Y36       DSP_A_B_DATA (Prop_DSP_A_B_DATA_DSP48E2_A[25]_A_ALU[25])
                                                      0.265    13.651 r  candidate_lanes[0].lane_pe/codec/angular_temporary1__1/DSP_A_B_DATA_INST/A_ALU[25]
                         net (fo=1, routed)           0.000    13.651    candidate_lanes[0].lane_pe/codec/angular_temporary1__1/DSP_A_B_DATA.A_ALU<25>
    DSP48E2_X11Y36       DSP_ALU (Prop_DSP_ALU_DSP48E2_A_ALU[25]_ALU_OUT[47])
                                                      0.726    14.377 f  candidate_lanes[0].lane_pe/codec/angular_temporary1__1/DSP_ALU_INST/ALU_OUT[47]
                         net (fo=1, routed)           0.000    14.377    candidate_lanes[0].lane_pe/codec/angular_temporary1__1/DSP_ALU.ALU_OUT<47>
    DSP48E2_X11Y36       DSP_OUTPUT (Prop_DSP_OUTPUT_DSP48E2_ALU_OUT[47]_PCOUT[47])
                                                      0.167    14.544 r  candidate_lanes[0].lane_pe/codec/angular_temporary1__1/DSP_OUTPUT_INST/PCOUT[47]
                         net (fo=1, routed)           0.014    14.558    candidate_lanes[0].lane_pe/codec/angular_temporary1__2/PCIN[47]
    DSP48E2_X11Y37       DSP_ALU (Prop_DSP_ALU_DSP48E2_PCIN[47]_ALU_OUT[8])
                                                      0.739    15.297 f  candidate_lanes[0].lane_pe/codec/angular_temporary1__2/DSP_ALU_INST/ALU_OUT[8]
                         net (fo=1, routed)           0.000    15.297    candidate_lanes[0].lane_pe/codec/angular_temporary1__2/DSP_ALU.ALU_OUT<8>
    DSP48E2_X11Y37       DSP_OUTPUT (Prop_DSP_OUTPUT_DSP48E2_ALU_OUT[8]_P[8])
                                                      0.146    15.443 r  candidate_lanes[0].lane_pe/codec/angular_temporary1__2/DSP_OUTPUT_INST/P[8]
                         net (fo=1, routed)           0.209    15.652    candidate_lanes[0].lane_pe/codec/angular_temporary1__2_n_97
    SLICE_X41Y91         LUT5 (Prop_E6LUT_SLICEM_I4_O)
                                                      0.187    15.839 r  candidate_lanes[0].lane_pe/codec/distortion13_i_231/O
                         net (fo=5, routed)           0.283    16.122    candidate_lanes[0].lane_pe/codec/distortion13_i_231_n_0
    SLICE_X42Y89         LUT6 (Prop_D6LUT_SLICEL_I0_O)
                                                      0.057    16.179 r  candidate_lanes[0].lane_pe/codec/distortion13_i_374/O
                         net (fo=1, routed)           0.013    16.192    candidate_lanes[0].lane_pe/codec/distortion13_i_374_n_0
    SLICE_X42Y89         CARRY8 (Prop_CARRY8_SLICEL_S[3]_CO[7])
                                                      0.220    16.412 r  candidate_lanes[0].lane_pe/codec/distortion13_i_226/CO[7]
                         net (fo=1, routed)           0.062    16.474    candidate_lanes[0].lane_pe/codec/distortion13_i_226_n_0
    SLICE_X42Y90         CARRY8 (Prop_CARRY8_SLICEL_CI_CO[7])
                                                      0.065    16.539 r  candidate_lanes[0].lane_pe/codec/distortion13_i_211/CO[7]
                         net (fo=1, routed)           0.030    16.569    candidate_lanes[0].lane_pe/codec/distortion13_i_211_n_0
    SLICE_X42Y91         CARRY8 (Prop_CARRY8_SLICEL_CI_CO[7])
                                                      0.065    16.634 r  candidate_lanes[0].lane_pe/codec/distortion13_i_210/CO[7]
                         net (fo=1, routed)           0.030    16.664    candidate_lanes[0].lane_pe/codec/distortion13_i_210_n_0
    SLICE_X42Y92         CARRY8 (Prop_CARRY8_SLICEL_CI_CO[3])
                                                      0.082    16.746 r  candidate_lanes[0].lane_pe/codec/distortion13_i_205/CO[3]
                         net (fo=35, routed)          0.372    17.118    candidate_lanes[0].lane_pe/codec/distortion13_i_205_n_4
    SLICE_X43Y89         LUT2 (Prop_B6LUT_SLICEM_I0_O)
                                                      0.225    17.343 r  candidate_lanes[0].lane_pe/codec/distortion13_i_247/O
                         net (fo=1, routed)           0.022    17.365    candidate_lanes[0].lane_pe/codec/distortion13_i_247_n_0
    SLICE_X43Y89         CARRY8 (Prop_CARRY8_SLICEM_S[1]_CO[3])
                                                      0.257    17.622 r  candidate_lanes[0].lane_pe/codec/distortion13_i_204/CO[3]
                         net (fo=30, routed)          0.315    17.936    candidate_lanes[0].lane_pe/codec/distortion13_i_204_n_4
    SLICE_X42Y87         LUT3 (Prop_C6LUT_SLICEL_I2_O)
                                                      0.187    18.123 r  candidate_lanes[0].lane_pe/codec/distortion13_i_235/O
                         net (fo=1, routed)           0.098    18.221    candidate_lanes[0].lane_pe/codec/distortion13_i_235_n_0
    SLICE_X41Y87         LUT5 (Prop_A6LUT_SLICEM_I0_O)
                                                      0.152    18.373 r  candidate_lanes[0].lane_pe/codec/distortion13_i_196/O
                         net (fo=2, routed)           0.104    18.478    candidate_lanes[0].lane_pe/codec/distortion13_i_196_n_0
    SLICE_X41Y88         LUT6 (Prop_C6LUT_SLICEM_I3_O)
                                                      0.056    18.534 r  candidate_lanes[0].lane_pe/codec/distortion4_i_103/O
                         net (fo=3, routed)           0.211    18.745    candidate_lanes[0].lane_pe/codec/distortion4_i_103_n_0
    SLICE_X37Y88         LUT2 (Prop_B6LUT_SLICEM_I1_O)
                                                      0.082    18.827 r  candidate_lanes[0].lane_pe/codec/(null)[0].value4__13_i_185/O
                         net (fo=1, routed)           0.022    18.849    candidate_lanes[0].lane_pe/codec/(null)[0].value4__13_i_185_n_0
    SLICE_X37Y88         CARRY8 (Prop_CARRY8_SLICEM_S[1]_O[5])
                                                      0.333    19.182 r  candidate_lanes[0].lane_pe/codec/(null)[0].value4__13_i_102/O[5]
                         net (fo=28, routed)          0.658    19.840    candidate_lanes[0].lane_pe/codec/codec_residual[113]
    SLICE_X37Y76         LUT2 (Prop_F6LUT_SLICEM_I1_O)
                                                      0.080    19.920 r  candidate_lanes[0].lane_pe/codec/(null)[0].value4__5_i_810/O
                         net (fo=1, routed)           0.029    19.949    candidate_lanes[0].lane_pe/codec/(null)[0].value4__5_i_810_n_0
    SLICE_X37Y76         CARRY8 (Prop_CARRY8_SLICEM_S[5]_CO[7])
                                                      0.238    20.187 r  candidate_lanes[0].lane_pe/codec/(null)[0].value4__5_i_525/CO[7]
                         net (fo=1, routed)           0.030    20.217    candidate_lanes[0].lane_pe/codec/(null)[0].value4__5_i_525_n_0
    SLICE_X37Y77         CARRY8 (Prop_CARRY8_SLICEM_CI_O[1])
                                                      0.106    20.323 r  candidate_lanes[0].lane_pe/codec/(null)[0].value4__5_i_760/O[1]
                         net (fo=2, routed)           0.224    20.547    candidate_lanes[0].lane_pe/codec/(null)[0].value4__5_i_760_n_14
    SLICE_X38Y76         LUT2 (Prop_F6LUT_SLICEM_I0_O)
                                                      0.149    20.696 r  candidate_lanes[0].lane_pe/codec/(null)[0].value4__5_i_763/O
                         net (fo=1, routed)           0.029    20.725    candidate_lanes[0].lane_pe/codec/(null)[0].value4__5_i_763_n_0
    SLICE_X38Y76         CARRY8 (Prop_CARRY8_SLICEM_S[5]_CO[7])
                                                      0.238    20.963 r  candidate_lanes[0].lane_pe/codec/(null)[0].value4__5_i_517/CO[7]
                         net (fo=1, routed)           0.030    20.993    candidate_lanes[0].lane_pe/codec/(null)[0].value4__5_i_517_n_0
    SLICE_X38Y77         CARRY8 (Prop_CARRY8_SLICEM_CI_O[0])
                                                      0.078    21.071 r  candidate_lanes[0].lane_pe/codec/(null)[0].value4__5_i_930/O[0]
                         net (fo=2, routed)           0.159    21.230    candidate_lanes[0].lane_pe/codec/transformed90_in[12]
    SLICE_X38Y75         LUT5 (Prop_G6LUT_SLICEM_I0_O)
                                                      0.057    21.287 r  candidate_lanes[0].lane_pe/codec/(null)[0].value4__5_i_584/O
                         net (fo=2, routed)           0.618    21.905    candidate_lanes[0].lane_pe/codec/(null)[0].value4__5_i_584_n_0
    SLICE_X45Y75         LUT6 (Prop_F6LUT_SLICEM_I0_O)
                                                      0.149    22.054 r  candidate_lanes[0].lane_pe/codec/(null)[0].value4__5_i_592/O
                         net (fo=1, routed)           0.029    22.083    candidate_lanes[0].lane_pe/codec/(null)[0].value4__5_i_592_n_0
    SLICE_X45Y75         CARRY8 (Prop_CARRY8_SLICEM_S[5]_O[6])
                                                      0.186    22.269 r  candidate_lanes[0].lane_pe/codec/(null)[0].value4__5_i_474/O[6]
                         net (fo=25, routed)          0.755    23.023    candidate_lanes[0].lane_pe/codec/(null)[0].value4__5_i_474_n_9
    SLICE_X47Y50         LUT2 (Prop_F6LUT_SLICEL_I1_O)
                                                      0.150    23.173 r  candidate_lanes[0].lane_pe/codec/(null)[0].value4__9_i_327/O
                         net (fo=1, routed)           0.015    23.188    candidate_lanes[0].lane_pe/codec/(null)[0].value4__9_i_327_n_0
    SLICE_X47Y50         CARRY8 (Prop_CARRY8_SLICEL_S[5]_O[6])
                                                      0.180    23.368 r  candidate_lanes[0].lane_pe/codec/(null)[0].value4__9_i_292/O[6]
                         net (fo=3, routed)           0.623    23.992    candidate_lanes[0].lane_pe/codec/(null)[0].value4__9_i_292_n_9
    SLICE_X45Y48         LUT6 (Prop_G6LUT_SLICEM_I0_O)
                                                      0.186    24.178 r  candidate_lanes[0].lane_pe/codec/(null)[0].value4__9_i_250/O
                         net (fo=1, routed)           0.021    24.199    candidate_lanes[0].lane_pe/codec/(null)[0].value4__9_i_250_n_0
    SLICE_X45Y48         CARRY8 (Prop_CARRY8_SLICEM_S[6]_CO[7])
                                                      0.175    24.374 r  candidate_lanes[0].lane_pe/codec/(null)[0].value4__9_i_116/CO[7]
                         net (fo=1, routed)           0.030    24.404    candidate_lanes[0].lane_pe/codec/(null)[0].value4__9_i_116_n_0
    SLICE_X45Y49         CARRY8 (Prop_CARRY8_SLICEM_CI_O[0])
                                                      0.078    24.482 r  candidate_lanes[0].lane_pe/codec/(null)[0].value4__9_i_104/O[0]
                         net (fo=4, routed)           0.686    25.168    candidate_lanes[0].lane_pe/codec/(null)[0].value4__9_i_104_n_15
    SLICE_X42Y68         LUT3 (Prop_G6LUT_SLICEL_I0_O)
                                                      0.226    25.394 r  candidate_lanes[0].lane_pe/codec/(null)[0].value4__9_i_123/O
                         net (fo=1, routed)           0.232    25.626    candidate_lanes[0].lane_pe/codec/(null)[0].value4__9_i_123_n_0
    SLICE_X42Y65         LUT5 (Prop_D6LUT_SLICEL_I1_O)
                                                      0.152    25.778 r  candidate_lanes[0].lane_pe/codec/(null)[0].value4__9_i_70/O
                         net (fo=1, routed)           0.013    25.791    candidate_lanes[0].lane_pe/codec/(null)[0].value4__9_i_70_n_0
    SLICE_X42Y65         CARRY8 (Prop_CARRY8_SLICEL_S[3]_O[4])
                                                      0.208    25.999 f  candidate_lanes[0].lane_pe/codec/(null)[0].value4__9_i_20/O[4]
                         net (fo=2, routed)           0.297    26.296    candidate_lanes[0].lane_pe/codec/codec_transformed__0[238]
    SLICE_X39Y63         LUT1 (Prop_F6LUT_SLICEL_I0_O)
                                                      0.136    26.432 r  candidate_lanes[0].lane_pe/codec/(null)[0].value4__9_i_41/O
                         net (fo=1, routed)           0.015    26.447    candidate_lanes[0].lane_pe/codec/(null)[0].value4__9_i_41_n_0
    SLICE_X39Y63         CARRY8 (Prop_CARRY8_SLICEL_S[5]_O[7])
                                                      0.194    26.641 f  candidate_lanes[0].lane_pe/codec/(null)[0].value4__9_i_18/O[7]
                         net (fo=1, routed)           0.199    26.840    candidate_lanes[0].lane_pe/codec/(null)[0].value4__9_i_18_n_8
    SLICE_X39Y66         LUT3 (Prop_B6LUT_SLICEL_I0_O)
                                                      0.152    26.992 f  candidate_lanes[0].lane_pe/codec/(null)[0].value4__9_i_1/O
                         net (fo=1, routed)           0.457    27.449    candidate_lanes[0].lane_pe/codec/(null)[0].value4__9/A[16]
    DSP48E2_X10Y18       DSP_A_B_DATA (Prop_DSP_A_B_DATA_DSP48E2_A[16]_A2_DATA[16])
                                                      0.258    27.707 r  candidate_lanes[0].lane_pe/codec/(null)[0].value4__9/DSP_A_B_DATA_INST/A2_DATA[16]
                         net (fo=1, routed)           0.000    27.707    candidate_lanes[0].lane_pe/codec/(null)[0].value4__9/DSP_A_B_DATA.A2_DATA<16>
    DSP48E2_X10Y18       DSP_PREADD_DATA (Prop_DSP_PREADD_DATA_DSP48E2_A2_DATA[16]_A2A1[16])
                                                      0.114    27.821 r  candidate_lanes[0].lane_pe/codec/(null)[0].value4__9/DSP_PREADD_DATA_INST/A2A1[16]
                         net (fo=1, routed)           0.000    27.821    candidate_lanes[0].lane_pe/codec/(null)[0].value4__9/DSP_PREADD_DATA.A2A1<16>
    DSP48E2_X10Y18       DSP_MULTIPLIER (Prop_DSP_MULTIPLIER_DSP48E2_A2A1[16]_U[36])
                                                      0.700    28.521 f  candidate_lanes[0].lane_pe/codec/(null)[0].value4__9/DSP_MULTIPLIER_INST/U[36]
                         net (fo=1, routed)           0.000    28.521    candidate_lanes[0].lane_pe/codec/(null)[0].value4__9/DSP_MULTIPLIER.U<36>
    DSP48E2_X10Y18       DSP_M_DATA (Prop_DSP_M_DATA_DSP48E2_U[36]_U_DATA[36])
                                                      0.067    28.588 r  candidate_lanes[0].lane_pe/codec/(null)[0].value4__9/DSP_M_DATA_INST/U_DATA[36]
                         net (fo=1, routed)           0.000    28.588    candidate_lanes[0].lane_pe/codec/(null)[0].value4__9/DSP_M_DATA.U_DATA<36>
    DSP48E2_X10Y18       DSP_ALU (Prop_DSP_ALU_DSP48E2_U_DATA[36]_ALU_OUT[47])
                                                      0.727    29.315 f  candidate_lanes[0].lane_pe/codec/(null)[0].value4__9/DSP_ALU_INST/ALU_OUT[47]
                         net (fo=1, routed)           0.000    29.315    candidate_lanes[0].lane_pe/codec/(null)[0].value4__9/DSP_ALU.ALU_OUT<47>
    DSP48E2_X10Y18       DSP_OUTPUT (Prop_DSP_OUTPUT_DSP48E2_ALU_OUT[47]_PCOUT[47])
                                                      0.167    29.482 r  candidate_lanes[0].lane_pe/codec/(null)[0].value4__9/DSP_OUTPUT_INST/PCOUT[47]
                         net (fo=1, routed)           0.014    29.496    candidate_lanes[0].lane_pe/codec/(null)[0].value4__10/PCIN[47]
    DSP48E2_X10Y19       DSP_ALU (Prop_DSP_ALU_DSP48E2_PCIN[47]_ALU_OUT[3])
                                                      0.739    30.235 f  candidate_lanes[0].lane_pe/codec/(null)[0].value4__10/DSP_ALU_INST/ALU_OUT[3]
                         net (fo=1, routed)           0.000    30.235    candidate_lanes[0].lane_pe/codec/(null)[0].value4__10/DSP_ALU.ALU_OUT<3>
    DSP48E2_X10Y19       DSP_OUTPUT (Prop_DSP_OUTPUT_DSP48E2_ALU_OUT[3]_P[3])
                                                      0.146    30.381 r  candidate_lanes[0].lane_pe/codec/(null)[0].value4__10/DSP_OUTPUT_INST/P[3]
                         net (fo=2, routed)           0.324    30.704    candidate_lanes[0].lane_pe/codec/(null)[0].value4__10_n_102
    SLICE_X37Y47         LUT6 (Prop_E6LUT_SLICEM_I5_O)
                                                      0.187    30.891 r  candidate_lanes[0].lane_pe/codec/clip164__7__0_i_135/O
                         net (fo=1, routed)           0.018    30.909    candidate_lanes[0].lane_pe/codec/clip164__7__0_i_135_n_0
    SLICE_X37Y47         CARRY8 (Prop_CARRY8_SLICEM_S[4]_CO[7])
                                                      0.236    31.145 r  candidate_lanes[0].lane_pe/codec/clip164__7__0_i_77/CO[7]
                         net (fo=1, routed)           0.030    31.175    candidate_lanes[0].lane_pe/codec/clip164__7__0_i_77_n_0
    SLICE_X37Y48         CARRY8 (Prop_CARRY8_SLICEM_CI_O[0])
                                                      0.078    31.253 f  candidate_lanes[0].lane_pe/codec/clip164__7__0_i_59/O[0]
                         net (fo=5, routed)           0.520    31.773    candidate_lanes[0].lane_pe/codec/clip164__7__0_i_59_n_15
    SLICE_X40Y63         LUT4 (Prop_B6LUT_SLICEM_I0_O)
                                                      0.152    31.925 r  candidate_lanes[0].lane_pe/codec/clip164__7__0_i_78/O
                         net (fo=2, routed)           0.122    32.047    candidate_lanes[0].lane_pe/codec/clip164__7__0_i_78_n_0
    SLICE_X40Y64         LUT5 (Prop_D6LUT_SLICEM_I4_O)
                                                      0.220    32.267 r  candidate_lanes[0].lane_pe/codec/clip164__7__0_i_69/O
                         net (fo=1, routed)           0.400    32.667    candidate_lanes[0].lane_pe/codec/clip164__7__0_i_69_n_0
    SLICE_X40Y65         CARRY8 (Prop_CARRY8_SLICEM_S[0]_CO[7])
                                                      0.281    32.948 r  candidate_lanes[0].lane_pe/codec/clip164__7__0_i_29/CO[7]
                         net (fo=1, routed)           0.030    32.978    candidate_lanes[0].lane_pe/codec/clip164__7__0_i_29_n_0
    SLICE_X40Y66         CARRY8 (Prop_CARRY8_SLICEM_CI_CO[7])
                                                      0.065    33.043 r  candidate_lanes[0].lane_pe/codec/clip164__7__0_i_18/CO[7]
                         net (fo=1, routed)           0.030    33.073    candidate_lanes[0].lane_pe/codec/clip164__7__0_i_18_n_0
    SLICE_X40Y67         CARRY8 (Prop_CARRY8_SLICEM_CI_O[5])
                                                      0.161    33.234 f  candidate_lanes[0].lane_pe/codec/clip164__8__0_i_12/O[5]
                         net (fo=1, routed)           0.164    33.398    candidate_lanes[0].lane_pe/codec/clip164__8__0_i_12_n_10
    SLICE_X39Y67         LUT3 (Prop_A6LUT_SLICEL_I0_O)
                                                      0.137    33.535 f  candidate_lanes[0].lane_pe/codec/clip164__8__0_i_14/O
                         net (fo=5, routed)           0.205    33.740    candidate_lanes[0].lane_pe/codec/clip164__8__0_i_14_n_0
    SLICE_X40Y68         LUT6 (Prop_H6LUT_SLICEM_I1_O)
                                                      0.228    33.968 f  candidate_lanes[0].lane_pe/codec/clip164__7__0_i_202/O
                         net (fo=1, routed)           0.200    34.168    candidate_lanes[0].lane_pe/codec/clip164__7__0_i_202_n_0
    SLICE_X40Y69         CARRY8 (Prop_CARRY8_SLICEM_DI[4]_CO[7])
                                                      0.137    34.305 f  candidate_lanes[0].lane_pe/codec/clip164__7__0_i_157/CO[7]
                         net (fo=1, routed)           0.030    34.335    candidate_lanes[0].lane_pe/codec/clip164__7__0_i_157_n_0
    SLICE_X40Y70         CARRY8 (Prop_CARRY8_SLICEM_CI_CO[7])
                                                      0.065    34.400 f  candidate_lanes[0].lane_pe/codec/clip164__7__0_i_97/CO[7]
                         net (fo=1, routed)           0.030    34.430    candidate_lanes[0].lane_pe/codec/clip164__7__0_i_97_n_0
    SLICE_X40Y71         CARRY8 (Prop_CARRY8_SLICEM_CI_CO[7])
                                                      0.065    34.495 f  candidate_lanes[0].lane_pe/codec/clip164__7__0_i_50/CO[7]
                         net (fo=1, routed)           0.030    34.525    candidate_lanes[0].lane_pe/codec/clip164__7__0_i_50_n_0
    SLICE_X40Y72         CARRY8 (Prop_CARRY8_SLICEM_CI_CO[0])
                                                      0.074    34.599 f  candidate_lanes[0].lane_pe/codec/clip164__7__0_i_21/CO[0]
                         net (fo=26, routed)          0.663    35.262    candidate_lanes[0].lane_pe/codec/clip164__7__0_i_21_n_7
    SLICE_X47Y71         LUT5 (Prop_B6LUT_SLICEL_I3_O)
                                                      0.224    35.486 f  candidate_lanes[0].lane_pe/codec/clip164__7__0_i_4/O
                         net (fo=1, routed)           0.676    36.162    candidate_lanes[0].lane_pe/codec/clip164__7__0/A[13]
    DSP48E2_X12Y28       DSP_A_B_DATA (Prop_DSP_A_B_DATA_DSP48E2_A[13]_A2_DATA[13])
                                                      0.258    36.420 r  candidate_lanes[0].lane_pe/codec/clip164__7__0/DSP_A_B_DATA_INST/A2_DATA[13]
                         net (fo=1, routed)           0.000    36.420    candidate_lanes[0].lane_pe/codec/clip164__7__0/DSP_A_B_DATA.A2_DATA<13>
    DSP48E2_X12Y28       DSP_PREADD_DATA (Prop_DSP_PREADD_DATA_DSP48E2_A2_DATA[13]_A2A1[13])
                                                      0.114    36.534 r  candidate_lanes[0].lane_pe/codec/clip164__7__0/DSP_PREADD_DATA_INST/A2A1[13]
                         net (fo=1, routed)           0.000    36.534    candidate_lanes[0].lane_pe/codec/clip164__7__0/DSP_PREADD_DATA.A2A1<13>
    DSP48E2_X12Y28       DSP_MULTIPLIER (Prop_DSP_MULTIPLIER_DSP48E2_A2A1[13]_U[34])
                                                      0.700    37.234 f  candidate_lanes[0].lane_pe/codec/clip164__7__0/DSP_MULTIPLIER_INST/U[34]
                         net (fo=1, routed)           0.000    37.234    candidate_lanes[0].lane_pe/codec/clip164__7__0/DSP_MULTIPLIER.U<34>
    DSP48E2_X12Y28       DSP_M_DATA (Prop_DSP_M_DATA_DSP48E2_U[34]_U_DATA[34])
                                                      0.067    37.301 r  candidate_lanes[0].lane_pe/codec/clip164__7__0/DSP_M_DATA_INST/U_DATA[34]
                         net (fo=1, routed)           0.000    37.301    candidate_lanes[0].lane_pe/codec/clip164__7__0/DSP_M_DATA.U_DATA<34>
    DSP48E2_X12Y28       DSP_ALU (Prop_DSP_ALU_DSP48E2_U_DATA[34]_ALU_OUT[47])
                                                      0.727    38.028 f  candidate_lanes[0].lane_pe/codec/clip164__7__0/DSP_ALU_INST/ALU_OUT[47]
                         net (fo=1, routed)           0.000    38.028    candidate_lanes[0].lane_pe/codec/clip164__7__0/DSP_ALU.ALU_OUT<47>
    DSP48E2_X12Y28       DSP_OUTPUT (Prop_DSP_OUTPUT_DSP48E2_ALU_OUT[47]_PCOUT[47])
                                                      0.167    38.195 r  candidate_lanes[0].lane_pe/codec/clip164__7__0/DSP_OUTPUT_INST/PCOUT[47]
                         net (fo=1, routed)           0.014    38.209    candidate_lanes[0].lane_pe/codec/clip164__8__0/PCIN[47]
    DSP48E2_X12Y29       DSP_ALU (Prop_DSP_ALU_DSP48E2_PCIN[47]_ALU_OUT[4])
                                                      0.739    38.948 r  candidate_lanes[0].lane_pe/codec/clip164__8__0/DSP_ALU_INST/ALU_OUT[4]
                         net (fo=1, routed)           0.000    38.948    candidate_lanes[0].lane_pe/codec/clip164__8__0/DSP_ALU.ALU_OUT<4>
    DSP48E2_X12Y29       DSP_OUTPUT (Prop_DSP_OUTPUT_DSP48E2_ALU_OUT[4]_P[4])
                                                      0.146    39.094 f  candidate_lanes[0].lane_pe/codec/clip164__8__0/DSP_OUTPUT_INST/P[4]
                         net (fo=4, routed)           0.462    39.556    candidate_lanes[0].lane_pe/codec/clip164__8__0_n_101
    SLICE_X54Y73         LUT6 (Prop_G6LUT_SLICEM_I3_O)
                                                      0.186    39.742 f  candidate_lanes[0].lane_pe/codec/distortion10_i_1803/O
                         net (fo=6, routed)           0.348    40.090    candidate_lanes[0].lane_pe/codec/distortion10_i_1803_n_0
    SLICE_X59Y75         LUT2 (Prop_F6LUT_SLICEL_I1_O)
                                                      0.150    40.240 r  candidate_lanes[0].lane_pe/codec/distortion15__0__0_i_2512/O
                         net (fo=1, routed)           0.015    40.255    candidate_lanes[0].lane_pe/codec/distortion15__0__0_i_2512_n_0
    SLICE_X59Y75         CARRY8 (Prop_CARRY8_SLICEL_S[5]_CO[7])
                                                      0.232    40.487 r  candidate_lanes[0].lane_pe/codec/distortion15__0__0_i_2470/CO[7]
                         net (fo=1, routed)           0.030    40.517    candidate_lanes[0].lane_pe/codec/distortion15__0__0_i_2470_n_0
    SLICE_X59Y76         CARRY8 (Prop_CARRY8_SLICEL_CI_CO[7])
                                                      0.065    40.582 r  candidate_lanes[0].lane_pe/codec/distortion15__0__0_i_2240/CO[7]
                         net (fo=1, routed)           0.030    40.612    candidate_lanes[0].lane_pe/codec/distortion15__0__0_i_2240_n_0
    SLICE_X59Y77         CARRY8 (Prop_CARRY8_SLICEL_CI_CO[7])
                                                      0.065    40.677 r  candidate_lanes[0].lane_pe/codec/distortion15__0__0_i_1956/CO[7]
                         net (fo=1, routed)           0.030    40.707    candidate_lanes[0].lane_pe/codec/distortion15__0__0_i_1956_n_0
    SLICE_X59Y78         CARRY8 (Prop_CARRY8_SLICEL_CI_CO[0])
                                                      0.074    40.781 r  candidate_lanes[0].lane_pe/codec/distortion15__0__0_i_1565/CO[0]
                         net (fo=140, routed)         0.808    41.589    candidate_lanes[0].lane_pe/codec/distortion15__0__0_i_1565_n_7
    SLICE_X59Y120        LUT5 (Prop_B6LUT_SLICEL_I3_O)
                                                      0.083    41.672 r  candidate_lanes[0].lane_pe/codec/distortion15__0__0_i_1241/O
                         net (fo=20, routed)          0.446    42.118    candidate_lanes[0].lane_pe/codec/codec_dequantized__0[114]
    SLICE_X57Y123        LUT2 (Prop_C6LUT_SLICEL_I1_O)
                                                      0.136    42.254 r  candidate_lanes[0].lane_pe/codec/distortion2_i_1931/O
                         net (fo=1, routed)           0.015    42.269    candidate_lanes[0].lane_pe/codec/distortion2_i_1931_n_0
    SLICE_X57Y123        CARRY8 (Prop_CARRY8_SLICEL_S[2]_CO[7])
                                                      0.219    42.488 r  candidate_lanes[0].lane_pe/codec/distortion2_i_1655/CO[7]
                         net (fo=1, routed)           0.030    42.518    candidate_lanes[0].lane_pe/codec/distortion2_i_1655_n_0
    SLICE_X57Y124        CARRY8 (Prop_CARRY8_SLICEL_CI_O[1])
                                                      0.106    42.624 r  candidate_lanes[0].lane_pe/codec/distortion2_i_1657/O[1]
                         net (fo=3, routed)           0.306    42.931    candidate_lanes[0].lane_pe/codec/distortion2_i_1657_n_14
    SLICE_X60Y125        LUT3 (Prop_B6LUT_SLICEL_I1_O)
                                                      0.188    43.119 r  candidate_lanes[0].lane_pe/codec/distortion2_i_1307/O
                         net (fo=1, routed)           0.373    43.492    candidate_lanes[0].lane_pe/codec/distortion2_i_1307_n_0
    SLICE_X59Y125        CARRY8 (Prop_CARRY8_SLICEL_DI[1]_O[3])
                                                      0.147    43.639 r  candidate_lanes[0].lane_pe/codec/distortion2_i_905/O[3]
                         net (fo=3, routed)           0.479    44.117    candidate_lanes[0].lane_pe/codec/(null)[0].value4__0__2[16]
    SLICE_X53Y129        LUT3 (Prop_E5LUT_SLICEM_I1_O)
                                                      0.225    44.342 r  candidate_lanes[0].lane_pe/codec/distortion2_i_912/O
                         net (fo=2, routed)           0.228    44.570    candidate_lanes[0].lane_pe/codec/distortion2_i_912_n_0
    SLICE_X56Y129        LUT5 (Prop_F6LUT_SLICEL_I1_O)
                                                      0.056    44.626 r  candidate_lanes[0].lane_pe/codec/distortion1_i_907/O
                         net (fo=2, routed)           0.329    44.955    candidate_lanes[0].lane_pe/codec/distortion1_i_907_n_0
    SLICE_X55Y129        LUT6 (Prop_A6LUT_SLICEL_I0_O)
                                                      0.137    45.092 r  candidate_lanes[0].lane_pe/codec/distortion1_i_915/O
                         net (fo=1, routed)           0.014    45.106    candidate_lanes[0].lane_pe/codec/distortion1_i_915_n_0
    SLICE_X55Y129        CARRY8 (Prop_CARRY8_SLICEL_S[0]_O[5])
                                                      0.331    45.437 r  candidate_lanes[0].lane_pe/codec/distortion1_i_664/O[5]
                         net (fo=1, routed)           0.425    45.862    candidate_lanes[0].lane_pe/codec/distortion1_i_664_n_10
    SLICE_X55Y133        CARRY8 (Prop_CARRY8_SLICEL_S[1]_CO[7])
                                                      0.261    46.123 r  candidate_lanes[0].lane_pe/codec/distortion1_i_544/CO[7]
                         net (fo=1, routed)           0.030    46.153    candidate_lanes[0].lane_pe/codec/distortion1_i_544_n_0
    SLICE_X55Y134        CARRY8 (Prop_CARRY8_SLICEL_CI_O[1])
                                                      0.106    46.259 r  candidate_lanes[0].lane_pe/codec/distortion1_i_543/O[1]
                         net (fo=25, routed)          0.865    47.124    candidate_lanes[0].lane_pe/codec/distortion1_i_543_n_14
    SLICE_X46Y142        LUT2 (Prop_E6LUT_SLICEL_I1_O)
                                                      0.083    47.207 r  candidate_lanes[0].lane_pe/codec/distortion2_i_1162/O
                         net (fo=1, routed)           0.011    47.218    candidate_lanes[0].lane_pe/codec/distortion2_i_1162_n_0
    SLICE_X46Y142        CARRY8 (Prop_CARRY8_SLICEL_S[4]_CO[7])
                                                      0.232    47.450 f  candidate_lanes[0].lane_pe/codec/distortion2_i_877/CO[7]
                         net (fo=1, routed)           0.030    47.480    candidate_lanes[0].lane_pe/codec/distortion2_i_877_n_0
    SLICE_X46Y143        CARRY8 (Prop_CARRY8_SLICEL_CI_CO[7])
                                                      0.065    47.545 f  candidate_lanes[0].lane_pe/codec/distortion2_i_704/CO[7]
                         net (fo=1, routed)           0.030    47.575    candidate_lanes[0].lane_pe/codec/distortion2_i_704_n_0
    SLICE_X46Y144        CARRY8 (Prop_CARRY8_SLICEL_CI_CO[7])
                                                      0.065    47.640 f  candidate_lanes[0].lane_pe/codec/distortion2_i_525/CO[7]
                         net (fo=1, routed)           0.030    47.670    candidate_lanes[0].lane_pe/codec/distortion2_i_525_n_0
    SLICE_X46Y145        CARRY8 (Prop_CARRY8_SLICEL_CI_CO[0])
                                                      0.074    47.744 f  candidate_lanes[0].lane_pe/codec/distortion2_i_417/CO[0]
                         net (fo=388, routed)         0.725    48.469    candidate_lanes[0].lane_pe/codec/distortion2_i_417_n_7
    SLICE_X48Y155        LUT3 (Prop_C5LUT_SLICEL_I1_O)
                                                      0.152    48.621 r  candidate_lanes[0].lane_pe/codec/distortion3_i_745/O
                         net (fo=1, routed)           0.000    48.621    candidate_lanes[0].lane_pe/codec/distortion3_i_745_n_0
    SLICE_X48Y155        CARRY8 (Prop_CARRY8_SLICEL_DI[2]_O[4])
                                                      0.245    48.866 r  candidate_lanes[0].lane_pe/codec/distortion3_i_572/O[4]
                         net (fo=3, routed)           0.609    49.475    candidate_lanes[0].lane_pe/codec/distortion3_i_572_n_11
    SLICE_X49Y154        LUT5 (Prop_E6LUT_SLICEL_I4_O)
                                                      0.138    49.613 r  candidate_lanes[0].lane_pe/codec/distortion3_i_511/O
                         net (fo=1, routed)           0.303    49.916    candidate_lanes[0].lane_pe/codec/distortion3_i_511_n_0
    SLICE_X49Y155        CARRY8 (Prop_CARRY8_SLICEL_DI[5]_CO[7])
                                                      0.108    50.024 r  candidate_lanes[0].lane_pe/codec/distortion3_i_358/CO[7]
                         net (fo=1, routed)           0.030    50.054    candidate_lanes[0].lane_pe/codec/distortion3_i_358_n_0
    SLICE_X49Y156        CARRY8 (Prop_CARRY8_SLICEL_CI_O[0])
                                                      0.078    50.132 r  candidate_lanes[0].lane_pe/codec/distortion3_i_331/O[0]
                         net (fo=3, routed)           0.847    50.979    candidate_lanes[0].lane_pe/codec/distortion3_i_331_n_15
    SLICE_X46Y163        LUT3 (Prop_C6LUT_SLICEL_I0_O)
                                                      0.187    51.166 r  candidate_lanes[0].lane_pe/codec/distortion3_i_359/O
                         net (fo=2, routed)           0.168    51.334    candidate_lanes[0].lane_pe/codec/distortion3_i_359_n_0
    SLICE_X46Y163        LUT5 (Prop_E5LUT_SLICEL_I4_O)
                                                      0.222    51.556 r  candidate_lanes[0].lane_pe/codec/distortion3_i_270/O
                         net (fo=2, routed)           0.359    51.915    candidate_lanes[0].lane_pe/codec/distortion3_i_270_n_0
    SLICE_X46Y147        LUT6 (Prop_F6LUT_SLICEL_I0_O)
                                                      0.081    51.996 r  candidate_lanes[0].lane_pe/codec/distortion3_i_278/O
                         net (fo=1, routed)           0.015    52.011    candidate_lanes[0].lane_pe/codec/distortion3_i_278_n_0
    SLICE_X46Y147        CARRY8 (Prop_CARRY8_SLICEL_S[5]_CO[7])
                                                      0.232    52.243 r  candidate_lanes[0].lane_pe/codec/distortion3_i_205/CO[7]
                         net (fo=1, routed)           0.030    52.273    candidate_lanes[0].lane_pe/codec/distortion3_i_205_n_0
    SLICE_X46Y148        CARRY8 (Prop_CARRY8_SLICEL_CI_O[4])
                                                      0.119    52.392 r  candidate_lanes[0].lane_pe/codec/distortion3_i_188/O[4]
                         net (fo=1, routed)           0.490    52.882    candidate_lanes[0].lane_pe/codec/distortion3_i_188_n_11
    SLICE_X45Y147        CARRY8 (Prop_CARRY8_SLICEM_S[2]_CO[7])
                                                      0.229    53.111 r  candidate_lanes[0].lane_pe/codec/distortion3_i_151/CO[7]
                         net (fo=1, routed)           0.030    53.141    candidate_lanes[0].lane_pe/codec/distortion3_i_151_n_0
    SLICE_X45Y148        CARRY8 (Prop_CARRY8_SLICEM_CI_O[1])
                                                      0.106    53.247 r  candidate_lanes[0].lane_pe/codec/distortion3_i_129/O[1]
                         net (fo=5, routed)           0.851    54.098    candidate_lanes[0].lane_pe/codec/distortion3_i_129_n_14
    SLICE_X39Y125        LUT2 (Prop_A6LUT_SLICEL_I0_O)
                                                      0.152    54.250 r  candidate_lanes[0].lane_pe/codec/distortion3_i_444/O
                         net (fo=1, routed)           0.014    54.264    candidate_lanes[0].lane_pe/codec/distortion3_i_444_n_0
    SLICE_X39Y125        CARRY8 (Prop_CARRY8_SLICEL_S[0]_CO[7])
                                                      0.278    54.542 r  candidate_lanes[0].lane_pe/codec/distortion3_i_309/CO[7]
                         net (fo=1, routed)           0.030    54.572    candidate_lanes[0].lane_pe/codec/distortion3_i_309_n_0
    SLICE_X39Y126        CARRY8 (Prop_CARRY8_SLICEL_CI_CO[7])
                                                      0.065    54.637 r  candidate_lanes[0].lane_pe/codec/distortion3_i_231/CO[7]
                         net (fo=1, routed)           0.030    54.667    candidate_lanes[0].lane_pe/codec/distortion3_i_231_n_0
    SLICE_X39Y127        CARRY8 (Prop_CARRY8_SLICEL_CI_CO[7])
                                                      0.065    54.732 r  candidate_lanes[0].lane_pe/codec/distortion3_i_179/CO[7]
                         net (fo=1, routed)           0.030    54.762    candidate_lanes[0].lane_pe/codec/distortion3_i_179_n_0
    SLICE_X39Y128        CARRY8 (Prop_CARRY8_SLICEL_CI_CO[0])
                                                      0.074    54.836 r  candidate_lanes[0].lane_pe/codec/distortion3_i_131/CO[0]
                         net (fo=32, routed)          0.347    55.183    candidate_lanes[0].lane_pe/codec/clip161__0
    SLICE_X42Y123        LUT4 (Prop_A6LUT_SLICEL_I3_O)
                                                      0.225    55.408 r  candidate_lanes[0].lane_pe/codec/distortion3_i_108/O
                         net (fo=1, routed)           0.014    55.422    candidate_lanes[0].lane_pe/codec/distortion3_i_108_n_0
    SLICE_X42Y123        CARRY8 (Prop_CARRY8_SLICEL_S[0]_CO[7])
                                                      0.278    55.700 r  candidate_lanes[0].lane_pe/codec/distortion3_i_40/CO[7]
                         net (fo=1, routed)           0.030    55.730    candidate_lanes[0].lane_pe/codec/distortion3_i_40_n_0
    SLICE_X42Y124        CARRY8 (Prop_CARRY8_SLICEL_CI_CO[7])
                                                      0.065    55.795 r  candidate_lanes[0].lane_pe/codec/distortion3_i_39/CO[7]
                         net (fo=1, routed)           0.030    55.825    candidate_lanes[0].lane_pe/codec/distortion3_i_39_n_0
    SLICE_X42Y125        CARRY8 (Prop_CARRY8_SLICEL_CI_CO[7])
                                                      0.065    55.890 r  candidate_lanes[0].lane_pe/codec/distortion3_i_38/CO[7]
                         net (fo=1, routed)           0.030    55.920    candidate_lanes[0].lane_pe/codec/distortion3_i_38_n_0
    SLICE_X42Y126        CARRY8 (Prop_CARRY8_SLICEL_CI_O[3])
                                                      0.114    56.034 f  candidate_lanes[0].lane_pe/codec/distortion3_i_37/O[3]
                         net (fo=3, routed)           0.220    56.253    candidate_lanes[0].lane_pe/codec/(null)[0].value__3[27]
    SLICE_X41Y125        LUT2 (Prop_B6LUT_SLICEM_I0_O)
                                                      0.225    56.478 r  candidate_lanes[0].lane_pe/codec/distortion3_i_48/O
                         net (fo=1, routed)           0.022    56.500    candidate_lanes[0].lane_pe/codec/distortion3_i_48_n_0
    SLICE_X41Y125        CARRY8 (Prop_CARRY8_SLICEM_S[1]_CO[3])
                                                      0.257    56.757 r  candidate_lanes[0].lane_pe/codec/distortion3_i_36/CO[3]
                         net (fo=31, routed)          0.338    57.096    candidate_lanes[0].lane_pe/codec/clip81__2
    SLICE_X40Y123        LUT4 (Prop_A6LUT_SLICEM_I1_O)
                                                      0.083    57.179 r  candidate_lanes[0].lane_pe/codec/distortion3_i_35/O
                         net (fo=1, routed)           0.017    57.196    candidate_lanes[0].lane_pe/codec/distortion3_i_35_n_0
    SLICE_X40Y123        CARRY8 (Prop_CARRY8_SLICEM_S[0]_CO[7])
                                                      0.281    57.477 r  candidate_lanes[0].lane_pe/codec/distortion3_i_4/CO[7]
                         net (fo=1, routed)           0.030    57.507    candidate_lanes[0].lane_pe/codec/distortion3_i_4_n_0
    SLICE_X40Y124        CARRY8 (Prop_CARRY8_SLICEM_CI_O[3])
                                                      0.114    57.621 f  candidate_lanes[0].lane_pe/codec/distortion3_i_3/O[3]
                         net (fo=4, routed)           0.614    58.235    candidate_lanes[0].lane_pe/codec/distortion3__0/A[11]
    DSP48E2_X11Y51       DSP_A_B_DATA (Prop_DSP_A_B_DATA_DSP48E2_A[11]_A2_DATA[11])
                                                      0.258    58.493 r  candidate_lanes[0].lane_pe/codec/distortion3__0/DSP_A_B_DATA_INST/A2_DATA[11]
                         net (fo=1, routed)           0.000    58.493    candidate_lanes[0].lane_pe/codec/distortion3__0/DSP_A_B_DATA.A2_DATA<11>
    DSP48E2_X11Y51       DSP_PREADD_DATA (Prop_DSP_PREADD_DATA_DSP48E2_A2_DATA[11]_A2A1[11])
                                                      0.114    58.607 r  candidate_lanes[0].lane_pe/codec/distortion3__0/DSP_PREADD_DATA_INST/A2A1[11]
                         net (fo=1, routed)           0.000    58.607    candidate_lanes[0].lane_pe/codec/distortion3__0/DSP_PREADD_DATA.A2A1<11>
    DSP48E2_X11Y51       DSP_MULTIPLIER (Prop_DSP_MULTIPLIER_DSP48E2_A2A1[11]_U[32])
                                                      0.700    59.307 f  candidate_lanes[0].lane_pe/codec/distortion3__0/DSP_MULTIPLIER_INST/U[32]
                         net (fo=1, routed)           0.000    59.307    candidate_lanes[0].lane_pe/codec/distortion3__0/DSP_MULTIPLIER.U<32>
    DSP48E2_X11Y51       DSP_M_DATA (Prop_DSP_M_DATA_DSP48E2_U[32]_U_DATA[32])
                                                      0.067    59.374 r  candidate_lanes[0].lane_pe/codec/distortion3__0/DSP_M_DATA_INST/U_DATA[32]
                         net (fo=1, routed)           0.000    59.374    candidate_lanes[0].lane_pe/codec/distortion3__0/DSP_M_DATA.U_DATA<32>
    DSP48E2_X11Y51       DSP_ALU (Prop_DSP_ALU_DSP48E2_U_DATA[32]_ALU_OUT[47])
                                                      0.727    60.101 f  candidate_lanes[0].lane_pe/codec/distortion3__0/DSP_ALU_INST/ALU_OUT[47]
                         net (fo=1, routed)           0.000    60.101    candidate_lanes[0].lane_pe/codec/distortion3__0/DSP_ALU.ALU_OUT<47>
    DSP48E2_X11Y51       DSP_OUTPUT (Prop_DSP_OUTPUT_DSP48E2_ALU_OUT[47]_PCOUT[47])
                                                      0.167    60.268 r  candidate_lanes[0].lane_pe/codec/distortion3__0/DSP_OUTPUT_INST/PCOUT[47]
                         net (fo=1, routed)           0.038    60.306    candidate_lanes[0].lane_pe/codec/distortion3__1/PCIN[47]
    DSP48E2_X11Y52       DSP_ALU (Prop_DSP_ALU_DSP48E2_PCIN[47]_ALU_OUT[0])
                                                      0.739    61.045 f  candidate_lanes[0].lane_pe/codec/distortion3__1/DSP_ALU_INST/ALU_OUT[0]
                         net (fo=1, routed)           0.000    61.045    candidate_lanes[0].lane_pe/codec/distortion3__1/DSP_ALU.ALU_OUT<0>
    DSP48E2_X11Y52       DSP_OUTPUT (Prop_DSP_OUTPUT_DSP48E2_ALU_OUT[0]_P[0])
                                                      0.146    61.191 r  candidate_lanes[0].lane_pe/codec/distortion3__1/DSP_OUTPUT_INST/P[0]
                         net (fo=2, routed)           0.177    61.368    candidate_lanes[0].lane_pe/codec/distortion3__1_n_105
    SLICE_X40Y130        LUT2 (Prop_B6LUT_SLICEM_I0_O)
                                                      0.057    61.425 r  candidate_lanes[0].lane_pe/codec/out_distortion[28]_i_485/O
                         net (fo=1, routed)           0.022    61.447    candidate_lanes[0].lane_pe/codec/out_distortion[28]_i_485_n_0
    SLICE_X40Y130        CARRY8 (Prop_CARRY8_SLICEM_S[1]_O[2])
                                                      0.179    61.626 r  candidate_lanes[0].lane_pe/codec/out_distortion_reg[28]_i_434/O[2]
                         net (fo=3, routed)           0.318    61.944    candidate_lanes[0].lane_pe/codec/out_distortion_reg[28]_i_434_n_13
    SLICE_X37Y128        LUT3 (Prop_A6LUT_SLICEM_I2_O)
                                                      0.138    62.082 r  candidate_lanes[0].lane_pe/codec/out_distortion[28]_i_362/O
                         net (fo=1, routed)           0.638    62.720    candidate_lanes[0].lane_pe/codec/out_distortion[28]_i_362_n_0
    SLICE_X34Y127        CARRY8 (Prop_CARRY8_SLICEM_DI[3]_O[5])
                                                      0.268    62.988 r  candidate_lanes[0].lane_pe/codec/out_distortion_reg[28]_i_180/O[5]
                         net (fo=3, routed)           0.332    63.320    candidate_lanes[0].lane_pe/codec/out_distortion_reg[28]_i_180_n_10
    SLICE_X29Y128        LUT3 (Prop_D6LUT_SLICEM_I0_O)
                                                      0.056    63.376 r  candidate_lanes[0].lane_pe/codec/out_distortion[28]_i_128/O
                         net (fo=1, routed)           0.492    63.868    candidate_lanes[0].lane_pe/codec/out_distortion[28]_i_128_n_0
    SLICE_X31Y128        CARRY8 (Prop_CARRY8_SLICEM_DI[6]_O[7])
                                                      0.133    64.001 r  candidate_lanes[0].lane_pe/codec/out_distortion_reg[28]_i_29/O[7]
                         net (fo=3, routed)           0.315    64.316    candidate_lanes[0].lane_pe/codec/out_distortion_reg[28]_i_29_n_8
    SLICE_X34Y132        LUT3 (Prop_E6LUT_SLICEM_I1_O)
                                                      0.057    64.373 r  candidate_lanes[0].lane_pe/codec/out_distortion[28]_i_31/O
                         net (fo=2, routed)           0.450    64.823    candidate_lanes[0].lane_pe/codec/out_distortion[28]_i_31_n_0
    SLICE_X33Y132        LUT6 (Prop_H6LUT_SLICEL_I1_O)
                                                      0.188    65.011 r  candidate_lanes[0].lane_pe/codec/out_distortion[23]_i_10/O
                         net (fo=1, routed)           0.015    65.026    candidate_lanes[0].lane_pe/codec/out_distortion[23]_i_10_n_0
    SLICE_X33Y132        CARRY8 (Prop_CARRY8_SLICEL_S[7]_O[7])
                                                      0.079    65.105 r  candidate_lanes[0].lane_pe/codec/out_distortion_reg[23]_i_1/O[7]
                         net (fo=1, routed)           0.034    65.139    candidate_lanes[0].lane_pe/codec_distortion[23]
    SLICE_X33Y132        FDRE                                         r  candidate_lanes[0].lane_pe/out_distortion_reg[23]/D
  -------------------------------------------------------------------    -------------------

                         (clock chia_rdo_clk rise edge)
                                                      5.000     5.000 r  
                                                      0.000     5.000 r  clk (IN)
                         net (fo=1725, unset)         0.029     5.029    candidate_lanes[0].lane_pe/clk
    SLICE_X33Y132        FDRE                                         r  candidate_lanes[0].lane_pe/out_distortion_reg[23]/C
                         clock pessimism              0.000     5.029    
                         clock uncertainty           -0.035     4.994    
    SLICE_X33Y132        FDRE (Setup_HFF_SLICEL_C_D)
                                                      0.044     5.038    candidate_lanes[0].lane_pe/out_distortion_reg[23]
  -------------------------------------------------------------------
                         required time                          5.038    
                         arrival time                         -65.139    
  -------------------------------------------------------------------
                         slack                                -60.101    

Slack (VIOLATED) :        -59.922ns  (required time - arrival time)
  Source:                 count_reg_reg[2]/C
                            (rising edge-triggered cell FDRE clocked by chia_rdo_clk  {rise@0.000ns fall@2.500ns period=5.000ns})
  Destination:            candidate_lanes[0].lane_pe/out_distortion_reg[22]/D
                            (rising edge-triggered cell FDRE clocked by chia_rdo_clk  {rise@0.000ns fall@2.500ns period=5.000ns})
  Path Group:             chia_rdo_clk
  Path Type:              Setup (Max at Slow Process Corner)
  Requirement:            5.000ns  (chia_rdo_clk rise@5.000ns - chia_rdo_clk rise@0.000ns)
  Data Path Delay:        64.918ns  (logic 33.944ns (52.287%)  route 30.974ns (47.713%))
  Logic Levels:           170  (CARRY8=68 DSP_A_B_DATA=5 DSP_ALU=10 DSP_M_DATA=4 DSP_MULTIPLIER=4 DSP_OUTPUT=10 DSP_PREADD_DATA=4 LUT1=1 LUT2=12 LUT3=11 LUT4=4 LUT5=13 LUT6=21 MUXF7=2 MUXF8=1)
  Clock Path Skew:        -0.013ns (DCD - SCD + CPR)
    Destination Clock Delay (DCD):    0.029ns = ( 5.029 - 5.000 ) 
    Source Clock Delay      (SCD):    0.042ns
    Clock Pessimism Removal (CPR):    0.000ns
  Clock Uncertainty:      0.035ns  ((TSJ^2 + TIJ^2)^1/2 + DJ) / 2 + PE
    Total System Jitter     (TSJ):    0.071ns
    Total Input Jitter      (TIJ):    0.000ns
    Discrete Jitter          (DJ):    0.000ns
    Phase Error              (PE):    0.000ns

    Location             Delay type                Incr(ns)  Path(ns)    Netlist Resource(s)
  -------------------------------------------------------------------    -------------------
                         (clock chia_rdo_clk rise edge)
                                                      0.000     0.000 r  
                                                      0.000     0.000 r  clk (IN)
                         net (fo=1725, unset)         0.042     0.042    clk
    SLICE_X56Y144        FDRE                                         r  count_reg_reg[2]/C
  -------------------------------------------------------------------    -------------------
    SLICE_X56Y144        FDRE (Prop_FFF_SLICEL_C_Q)
                                                      0.113     0.155 r  count_reg_reg[2]/Q
                         net (fo=5, routed)           0.223     0.378    candidate_lanes[0].lane_pe/codec/batches_model[2]
    SLICE_X57Y144        LUT4 (Prop_B6LUT_SLICEL_I2_O)
                                                      0.152     0.530 r  candidate_lanes[0].lane_pe/codec/lane_rank[0][5]_i_17/O
                         net (fo=1, routed)           0.013     0.543    candidate_lanes[0].lane_pe/codec/lane_rank[0][5]_i_17_n_0
    SLICE_X57Y144        CARRY8 (Prop_CARRY8_SLICEL_S[1]_CO[3])
                                                      0.250     0.793 f  candidate_lanes[0].lane_pe/codec/lane_rank_reg[0][5]_i_4/CO[3]
                         net (fo=124, routed)         0.340     1.134    candidate_lanes[0].lane_pe/codec/CO[0]
    SLICE_X57Y140        LUT6 (Prop_A6LUT_SLICEL_I1_O)
                                                      0.137     1.271 r  candidate_lanes[0].lane_pe/codec/multi_stage.rate_stage00_i_275/O
                         net (fo=136, routed)         0.277     1.548    candidate_lanes[0].lane_pe/codec/launched_count_reg[2]
    SLICE_X57Y143        LUT6 (Prop_H6LUT_SLICEL_I4_O)
                                                      0.227     1.775 f  candidate_lanes[0].lane_pe/codec/mode_reg[4]_i_64/O
                         net (fo=1, routed)           0.196     1.971    candidate_lanes[0].lane_pe/codec/mode_reg[4]_i_64_n_0
    SLICE_X57Y142        LUT6 (Prop_C6LUT_SLICEL_I3_O)
                                                      0.221     2.192 f  candidate_lanes[0].lane_pe/codec/mode_reg[4]_i_19/O
                         net (fo=1, routed)           0.015     2.207    candidate_lanes[0].lane_pe/codec/mode_reg[4]_i_19_n_0
    SLICE_X57Y142        MUXF7 (Prop_F7MUX_CD_SLICEL_I1_O)
                                                      0.088     2.295 f  candidate_lanes[0].lane_pe/codec/mode_reg_reg[4]_i_6/O
                         net (fo=1, routed)           0.000     2.295    candidate_lanes[0].lane_pe/codec/mode_reg_reg[4]_i_6_n_0
    SLICE_X57Y142        MUXF8 (Prop_F8MUX_BOT_SLICEL_I0_O)
                                                      0.031     2.326 f  candidate_lanes[0].lane_pe/codec/mode_reg_reg[4]_i_2/O
                         net (fo=3, routed)           0.618     2.944    candidate_lanes[0].lane_pe/codec/mode_reg_reg[4]_i_2_n_0
    SLICE_X54Y121        LUT6 (Prop_A6LUT_SLICEM_I0_O)
                                                      0.189     3.133 f  candidate_lanes[0].lane_pe/codec/mode_reg[4]_i_1/O
                         net (fo=24, routed)          0.395     3.528    candidate_lanes[0].lane_pe/codec/D[4]
    SLICE_X51Y121        LUT5 (Prop_B6LUT_SLICEL_I4_O)
                                                      0.058     3.586 r  candidate_lanes[0].lane_pe/codec/angular_temporary3__21_i_30/O
                         net (fo=157, routed)         0.204     3.790    candidate_lanes[0].lane_pe/codec/angular_temporary3__3_i_46_n_0
    SLICE_X50Y121        LUT6 (Prop_A6LUT_SLICEL_I0_O)
                                                      0.225     4.015 r  candidate_lanes[0].lane_pe/codec/angular_temporary3__3_i_52/O
                         net (fo=1, routed)           0.014     4.029    candidate_lanes[0].lane_pe/codec/angular_temporary3__3_i_52_n_0
    SLICE_X50Y121        CARRY8 (Prop_CARRY8_SLICEL_S[0]_O[0])
                                                      0.077     4.106 r  candidate_lanes[0].lane_pe/codec/angular_temporary3__3_i_14/O[0]
                         net (fo=246, routed)         0.531     4.637    candidate_lanes[0].lane_pe/codec/angular_temporary8[0]
    SLICE_X50Y115        LUT5 (Prop_A6LUT_SLICEL_I2_O)
                                                      0.225     4.862 r  candidate_lanes[0].lane_pe/codec/angular_temporary1__29_i_90/O
                         net (fo=1, routed)           0.014     4.876    candidate_lanes[0].lane_pe/codec/angular_temporary1__29_i_90_n_0
    SLICE_X50Y115        CARRY8 (Prop_CARRY8_SLICEL_S[0]_CO[7])
                                                      0.278     5.154 r  candidate_lanes[0].lane_pe/codec/angular_temporary1__29_i_51/CO[7]
                         net (fo=1, routed)           0.030     5.184    candidate_lanes[0].lane_pe/codec/angular_temporary1__29_i_51_n_0
    SLICE_X50Y116        CARRY8 (Prop_CARRY8_SLICEL_CI_CO[7])
                                                      0.073     5.257 r  candidate_lanes[0].lane_pe/codec/angular_temporary1__29_i_32/CO[7]
                         net (fo=50, routed)          0.241     5.498    candidate_lanes[0].lane_pe/codec/angular_temporary1__29_i_32_n_0
    SLICE_X50Y114        LUT6 (Prop_D6LUT_SLICEL_I5_O)
                                                      0.221     5.719 r  candidate_lanes[0].lane_pe/codec/angular_temporary1__9_i_107/O
                         net (fo=1, routed)           0.293     6.012    candidate_lanes[0].lane_pe/codec/angular_temporary1__9_i_107_n_0
    SLICE_X49Y110        CARRY8 (Prop_CARRY8_SLICEL_DI[2]_CO[7])
                                                      0.158     6.170 r  candidate_lanes[0].lane_pe/codec/angular_temporary1__9_i_56/CO[7]
                         net (fo=1, routed)           0.030     6.200    candidate_lanes[0].lane_pe/codec/angular_temporary1__9_i_56_n_0
    SLICE_X49Y111        CARRY8 (Prop_CARRY8_SLICEL_CI_O[0])
                                                      0.078     6.278 r  candidate_lanes[0].lane_pe/codec/angular_temporary1__9_i_28/O[0]
                         net (fo=22, routed)          0.222     6.501    candidate_lanes[0].lane_pe/codec/angular_temporary1__9_i_28_n_15
    SLICE_X50Y112        LUT3 (Prop_A6LUT_SLICEL_I0_O)
                                                      0.188     6.689 r  candidate_lanes[0].lane_pe/codec/angular_temporary3__1_i_91/O
                         net (fo=2, routed)           0.163     6.852    candidate_lanes[0].lane_pe/codec/inverse_angle_sum[8]
    SLICE_X50Y111        LUT6 (Prop_A6LUT_SLICEL_I0_O)
                                                      0.152     7.004 r  candidate_lanes[0].lane_pe/codec/angular_temporary3__1_i_96/O
                         net (fo=1, routed)           0.014     7.018    candidate_lanes[0].lane_pe/codec/angular_temporary3__1_i_96_n_0
    SLICE_X50Y111        CARRY8 (Prop_CARRY8_SLICEL_S[0]_O[4])
                                                      0.285     7.303 r  candidate_lanes[0].lane_pe/codec/angular_temporary3__1_i_39/O[4]
                         net (fo=4, routed)           0.350     7.653    candidate_lanes[0].lane_pe/codec/sel0[4]
    SLICE_X49Y109        LUT2 (Prop_F6LUT_SLICEL_I0_O)
                                                      0.081     7.734 r  candidate_lanes[0].lane_pe/codec/angular_temporary3__1_i_97/O
                         net (fo=7, routed)           0.595     8.329    candidate_lanes[0].lane_pe/codec/angular_temporary3__1_i_97_n_0
    SLICE_X47Y107        LUT6 (Prop_F6LUT_SLICEL_I0_O)
                                                      0.136     8.465 r  candidate_lanes[0].lane_pe/codec/angular_temporary3__1_i_125/O
                         net (fo=1, routed)           0.327     8.792    candidate_lanes[0].lane_pe/codec/angular_temporary3__1_i_125_n_0
    SLICE_X46Y100        LUT6 (Prop_E6LUT_SLICEL_I4_O)
                                                      0.057     8.849 f  candidate_lanes[0].lane_pe/codec/angular_temporary3__1_i_78/O
                         net (fo=1, routed)           0.067     8.916    candidate_lanes[0].lane_pe/codec/angular_temporary3__1_i_78_n_0
    SLICE_X46Y100        LUT6 (Prop_C6LUT_SLICEL_I5_O)
                                                      0.221     9.137 f  candidate_lanes[0].lane_pe/codec/angular_temporary3__1_i_32/O
                         net (fo=2, routed)           0.015     9.152    candidate_lanes[0].lane_pe/codec/angular_temporary3__1_i_32_n_0
    SLICE_X46Y100        MUXF7 (Prop_F7MUX_CD_SLICEL_I1_O)
                                                      0.096     9.248 f  candidate_lanes[0].lane_pe/codec/angular_temporary3__1_i_8/O
                         net (fo=1, routed)           0.570     9.818    candidate_lanes[0].lane_pe/codec/angular_temporary3__1/A[0]
    DSP48E2_X11Y42       DSP_A_B_DATA (Prop_DSP_A_B_DATA_DSP48E2_A[0]_A2_DATA[0])
                                                      0.258    10.076 r  candidate_lanes[0].lane_pe/codec/angular_temporary3__1/DSP_A_B_DATA_INST/A2_DATA[0]
                         net (fo=1, routed)           0.000    10.076    candidate_lanes[0].lane_pe/codec/angular_temporary3__1/DSP_A_B_DATA.A2_DATA<0>
    DSP48E2_X11Y42       DSP_PREADD_DATA (Prop_DSP_PREADD_DATA_DSP48E2_A2_DATA[0]_A2A1[0])
                                                      0.114    10.190 r  candidate_lanes[0].lane_pe/codec/angular_temporary3__1/DSP_PREADD_DATA_INST/A2A1[0]
                         net (fo=1, routed)           0.000    10.190    candidate_lanes[0].lane_pe/codec/angular_temporary3__1/DSP_PREADD_DATA.A2A1<0>
    DSP48E2_X11Y42       DSP_MULTIPLIER (Prop_DSP_MULTIPLIER_DSP48E2_A2A1[0]_U[21])
                                                      0.700    10.890 f  candidate_lanes[0].lane_pe/codec/angular_temporary3__1/DSP_MULTIPLIER_INST/U[21]
                         net (fo=1, routed)           0.000    10.890    candidate_lanes[0].lane_pe/codec/angular_temporary3__1/DSP_MULTIPLIER.U<21>
    DSP48E2_X11Y42       DSP_M_DATA (Prop_DSP_M_DATA_DSP48E2_U[21]_U_DATA[21])
                                                      0.067    10.957 r  candidate_lanes[0].lane_pe/codec/angular_temporary3__1/DSP_M_DATA_INST/U_DATA[21]
                         net (fo=1, routed)           0.000    10.957    candidate_lanes[0].lane_pe/codec/angular_temporary3__1/DSP_M_DATA.U_DATA<21>
    DSP48E2_X11Y42       DSP_ALU (Prop_DSP_ALU_DSP48E2_U_DATA[21]_ALU_OUT[47])
                                                      0.727    11.684 f  candidate_lanes[0].lane_pe/codec/angular_temporary3__1/DSP_ALU_INST/ALU_OUT[47]
                         net (fo=1, routed)           0.000    11.684    candidate_lanes[0].lane_pe/codec/angular_temporary3__1/DSP_ALU.ALU_OUT<47>
    DSP48E2_X11Y42       DSP_OUTPUT (Prop_DSP_OUTPUT_DSP48E2_ALU_OUT[47]_PCOUT[47])
                                                      0.167    11.851 r  candidate_lanes[0].lane_pe/codec/angular_temporary3__1/DSP_OUTPUT_INST/PCOUT[47]
                         net (fo=1, routed)           0.014    11.865    candidate_lanes[0].lane_pe/codec/angular_temporary3__2/PCIN[47]
    DSP48E2_X11Y43       DSP_ALU (Prop_DSP_ALU_DSP48E2_PCIN[47]_ALU_OUT[14])
                                                      0.739    12.604 r  candidate_lanes[0].lane_pe/codec/angular_temporary3__2/DSP_ALU_INST/ALU_OUT[14]
                         net (fo=1, routed)           0.000    12.604    candidate_lanes[0].lane_pe/codec/angular_temporary3__2/DSP_ALU.ALU_OUT<14>
    DSP48E2_X11Y43       DSP_OUTPUT (Prop_DSP_OUTPUT_DSP48E2_ALU_OUT[14]_P[14])
                                                      0.146    12.750 f  candidate_lanes[0].lane_pe/codec/angular_temporary3__2/DSP_OUTPUT_INST/P[14]
                         net (fo=17, routed)          0.636    13.386    candidate_lanes[0].lane_pe/codec/angular_temporary1__1/A[25]
    DSP48E2_X11Y36       DSP_A_B_DATA (Prop_DSP_A_B_DATA_DSP48E2_A[25]_A_ALU[25])
                                                      0.265    13.651 r  candidate_lanes[0].lane_pe/codec/angular_temporary1__1/DSP_A_B_DATA_INST/A_ALU[25]
                         net (fo=1, routed)           0.000    13.651    candidate_lanes[0].lane_pe/codec/angular_temporary1__1/DSP_A_B_DATA.A_ALU<25>
    DSP48E2_X11Y36       DSP_ALU (Prop_DSP_ALU_DSP48E2_A_ALU[25]_ALU_OUT[47])
                                                      0.726    14.377 f  candidate_lanes[0].lane_pe/codec/angular_temporary1__1/DSP_ALU_INST/ALU_OUT[47]
                         net (fo=1, routed)           0.000    14.377    candidate_lanes[0].lane_pe/codec/angular_temporary1__1/DSP_ALU.ALU_OUT<47>
    DSP48E2_X11Y36       DSP_OUTPUT (Prop_DSP_OUTPUT_DSP48E2_ALU_OUT[47]_PCOUT[47])
                                                      0.167    14.544 r  candidate_lanes[0].lane_pe/codec/angular_temporary1__1/DSP_OUTPUT_INST/PCOUT[47]
                         net (fo=1, routed)           0.014    14.558    candidate_lanes[0].lane_pe/codec/angular_temporary1__2/PCIN[47]
    DSP48E2_X11Y37       DSP_ALU (Prop_DSP_ALU_DSP48E2_PCIN[47]_ALU_OUT[8])
                                                      0.739    15.297 f  candidate_lanes[0].lane_pe/codec/angular_temporary1__2/DSP_ALU_INST/ALU_OUT[8]
                         net (fo=1, routed)           0.000    15.297    candidate_lanes[0].lane_pe/codec/angular_temporary1__2/DSP_ALU.ALU_OUT<8>
    DSP48E2_X11Y37       DSP_OUTPUT (Prop_DSP_OUTPUT_DSP48E2_ALU_OUT[8]_P[8])
                                                      0.146    15.443 r  candidate_lanes[0].lane_pe/codec/angular_temporary1__2/DSP_OUTPUT_INST/P[8]
                         net (fo=1, routed)           0.209    15.652    candidate_lanes[0].lane_pe/codec/angular_temporary1__2_n_97
    SLICE_X41Y91         LUT5 (Prop_E6LUT_SLICEM_I4_O)
                                                      0.187    15.839 r  candidate_lanes[0].lane_pe/codec/distortion13_i_231/O
                         net (fo=5, routed)           0.283    16.122    candidate_lanes[0].lane_pe/codec/distortion13_i_231_n_0
    SLICE_X42Y89         LUT6 (Prop_D6LUT_SLICEL_I0_O)
                                                      0.057    16.179 r  candidate_lanes[0].lane_pe/codec/distortion13_i_374/O
                         net (fo=1, routed)           0.013    16.192    candidate_lanes[0].lane_pe/codec/distortion13_i_374_n_0
    SLICE_X42Y89         CARRY8 (Prop_CARRY8_SLICEL_S[3]_CO[7])
                                                      0.220    16.412 r  candidate_lanes[0].lane_pe/codec/distortion13_i_226/CO[7]
                         net (fo=1, routed)           0.062    16.474    candidate_lanes[0].lane_pe/codec/distortion13_i_226_n_0
    SLICE_X42Y90         CARRY8 (Prop_CARRY8_SLICEL_CI_CO[7])
                                                      0.065    16.539 r  candidate_lanes[0].lane_pe/codec/distortion13_i_211/CO[7]
                         net (fo=1, routed)           0.030    16.569    candidate_lanes[0].lane_pe/codec/distortion13_i_211_n_0
    SLICE_X42Y91         CARRY8 (Prop_CARRY8_SLICEL_CI_CO[7])
                                                      0.065    16.634 r  candidate_lanes[0].lane_pe/codec/distortion13_i_210/CO[7]
                         net (fo=1, routed)           0.030    16.664    candidate_lanes[0].lane_pe/codec/distortion13_i_210_n_0
    SLICE_X42Y92         CARRY8 (Prop_CARRY8_SLICEL_CI_CO[3])
                                                      0.082    16.746 r  candidate_lanes[0].lane_pe/codec/distortion13_i_205/CO[3]
                         net (fo=35, routed)          0.372    17.118    candidate_lanes[0].lane_pe/codec/distortion13_i_205_n_4
    SLICE_X43Y89         LUT2 (Prop_B6LUT_SLICEM_I0_O)
                                                      0.225    17.343 r  candidate_lanes[0].lane_pe/codec/distortion13_i_247/O
                         net (fo=1, routed)           0.022    17.365    candidate_lanes[0].lane_pe/codec/distortion13_i_247_n_0
    SLICE_X43Y89         CARRY8 (Prop_CARRY8_SLICEM_S[1]_CO[3])
                                                      0.257    17.622 r  candidate_lanes[0].lane_pe/codec/distortion13_i_204/CO[3]
                         net (fo=30, routed)          0.315    17.936    candidate_lanes[0].lane_pe/codec/distortion13_i_204_n_4
    SLICE_X42Y87         LUT3 (Prop_C6LUT_SLICEL_I2_O)
                                                      0.187    18.123 r  candidate_lanes[0].lane_pe/codec/distortion13_i_235/O
                         net (fo=1, routed)           0.098    18.221    candidate_lanes[0].lane_pe/codec/distortion13_i_235_n_0
    SLICE_X41Y87         LUT5 (Prop_A6LUT_SLICEM_I0_O)
                                                      0.152    18.373 r  candidate_lanes[0].lane_pe/codec/distortion13_i_196/O
                         net (fo=2, routed)           0.104    18.478    candidate_lanes[0].lane_pe/codec/distortion13_i_196_n_0
    SLICE_X41Y88         LUT6 (Prop_C6LUT_SLICEM_I3_O)
                                                      0.056    18.534 r  candidate_lanes[0].lane_pe/codec/distortion4_i_103/O
                         net (fo=3, routed)           0.211    18.745    candidate_lanes[0].lane_pe/codec/distortion4_i_103_n_0
    SLICE_X37Y88         LUT2 (Prop_B6LUT_SLICEM_I1_O)
                                                      0.082    18.827 r  candidate_lanes[0].lane_pe/codec/(null)[0].value4__13_i_185/O
                         net (fo=1, routed)           0.022    18.849    candidate_lanes[0].lane_pe/codec/(null)[0].value4__13_i_185_n_0
    SLICE_X37Y88         CARRY8 (Prop_CARRY8_SLICEM_S[1]_O[5])
                                                      0.333    19.182 r  candidate_lanes[0].lane_pe/codec/(null)[0].value4__13_i_102/O[5]
                         net (fo=28, routed)          0.658    19.840    candidate_lanes[0].lane_pe/codec/codec_residual[113]
    SLICE_X37Y76         LUT2 (Prop_F6LUT_SLICEM_I1_O)
                                                      0.080    19.920 r  candidate_lanes[0].lane_pe/codec/(null)[0].value4__5_i_810/O
                         net (fo=1, routed)           0.029    19.949    candidate_lanes[0].lane_pe/codec/(null)[0].value4__5_i_810_n_0
    SLICE_X37Y76         CARRY8 (Prop_CARRY8_SLICEM_S[5]_CO[7])
                                                      0.238    20.187 r  candidate_lanes[0].lane_pe/codec/(null)[0].value4__5_i_525/CO[7]
                         net (fo=1, routed)           0.030    20.217    candidate_lanes[0].lane_pe/codec/(null)[0].value4__5_i_525_n_0
    SLICE_X37Y77         CARRY8 (Prop_CARRY8_SLICEM_CI_O[1])
                                                      0.106    20.323 r  candidate_lanes[0].lane_pe/codec/(null)[0].value4__5_i_760/O[1]
                         net (fo=2, routed)           0.224    20.547    candidate_lanes[0].lane_pe/codec/(null)[0].value4__5_i_760_n_14
    SLICE_X38Y76         LUT2 (Prop_F6LUT_SLICEM_I0_O)
                                                      0.149    20.696 r  candidate_lanes[0].lane_pe/codec/(null)[0].value4__5_i_763/O
                         net (fo=1, routed)           0.029    20.725    candidate_lanes[0].lane_pe/codec/(null)[0].value4__5_i_763_n_0
    SLICE_X38Y76         CARRY8 (Prop_CARRY8_SLICEM_S[5]_CO[7])
                                                      0.238    20.963 r  candidate_lanes[0].lane_pe/codec/(null)[0].value4__5_i_517/CO[7]
                         net (fo=1, routed)           0.030    20.993    candidate_lanes[0].lane_pe/codec/(null)[0].value4__5_i_517_n_0
    SLICE_X38Y77         CARRY8 (Prop_CARRY8_SLICEM_CI_O[0])
                                                      0.078    21.071 r  candidate_lanes[0].lane_pe/codec/(null)[0].value4__5_i_930/O[0]
                         net (fo=2, routed)           0.159    21.230    candidate_lanes[0].lane_pe/codec/transformed90_in[12]
    SLICE_X38Y75         LUT5 (Prop_G6LUT_SLICEM_I0_O)
                                                      0.057    21.287 r  candidate_lanes[0].lane_pe/codec/(null)[0].value4__5_i_584/O
                         net (fo=2, routed)           0.618    21.905    candidate_lanes[0].lane_pe/codec/(null)[0].value4__5_i_584_n_0
    SLICE_X45Y75         LUT6 (Prop_F6LUT_SLICEM_I0_O)
                                                      0.149    22.054 r  candidate_lanes[0].lane_pe/codec/(null)[0].value4__5_i_592/O
                         net (fo=1, routed)           0.029    22.083    candidate_lanes[0].lane_pe/codec/(null)[0].value4__5_i_592_n_0
    SLICE_X45Y75         CARRY8 (Prop_CARRY8_SLICEM_S[5]_O[6])
                                                      0.186    22.269 r  candidate_lanes[0].lane_pe/codec/(null)[0].value4__5_i_474/O[6]
                         net (fo=25, routed)          0.755    23.023    candidate_lanes[0].lane_pe/codec/(null)[0].value4__5_i_474_n_9
    SLICE_X47Y50         LUT2 (Prop_F6LUT_SLICEL_I1_O)
                                                      0.150    23.173 r  candidate_lanes[0].lane_pe/codec/(null)[0].value4__9_i_327/O
                         net (fo=1, routed)           0.015    23.188    candidate_lanes[0].lane_pe/codec/(null)[0].value4__9_i_327_n_0
    SLICE_X47Y50         CARRY8 (Prop_CARRY8_SLICEL_S[5]_O[6])
                                                      0.180    23.368 r  candidate_lanes[0].lane_pe/codec/(null)[0].value4__9_i_292/O[6]
                         net (fo=3, routed)           0.623    23.992    candidate_lanes[0].lane_pe/codec/(null)[0].value4__9_i_292_n_9
    SLICE_X45Y48         LUT6 (Prop_G6LUT_SLICEM_I0_O)
                                                      0.186    24.178 r  candidate_lanes[0].lane_pe/codec/(null)[0].value4__9_i_250/O
                         net (fo=1, routed)           0.021    24.199    candidate_lanes[0].lane_pe/codec/(null)[0].value4__9_i_250_n_0
    SLICE_X45Y48         CARRY8 (Prop_CARRY8_SLICEM_S[6]_CO[7])
                                                      0.175    24.374 r  candidate_lanes[0].lane_pe/codec/(null)[0].value4__9_i_116/CO[7]
                         net (fo=1, routed)           0.030    24.404    candidate_lanes[0].lane_pe/codec/(null)[0].value4__9_i_116_n_0
    SLICE_X45Y49         CARRY8 (Prop_CARRY8_SLICEM_CI_O[0])
                                                      0.078    24.482 r  candidate_lanes[0].lane_pe/codec/(null)[0].value4__9_i_104/O[0]
                         net (fo=4, routed)           0.686    25.168    candidate_lanes[0].lane_pe/codec/(null)[0].value4__9_i_104_n_15
    SLICE_X42Y68         LUT3 (Prop_G6LUT_SLICEL_I0_O)
                                                      0.226    25.394 r  candidate_lanes[0].lane_pe/codec/(null)[0].value4__9_i_123/O
                         net (fo=1, routed)           0.232    25.626    candidate_lanes[0].lane_pe/codec/(null)[0].value4__9_i_123_n_0
    SLICE_X42Y65         LUT5 (Prop_D6LUT_SLICEL_I1_O)
                                                      0.152    25.778 r  candidate_lanes[0].lane_pe/codec/(null)[0].value4__9_i_70/O
                         net (fo=1, routed)           0.013    25.791    candidate_lanes[0].lane_pe/codec/(null)[0].value4__9_i_70_n_0
    SLICE_X42Y65         CARRY8 (Prop_CARRY8_SLICEL_S[3]_O[4])
                                                      0.208    25.999 f  candidate_lanes[0].lane_pe/codec/(null)[0].value4__9_i_20/O[4]
                         net (fo=2, routed)           0.297    26.296    candidate_lanes[0].lane_pe/codec/codec_transformed__0[238]
    SLICE_X39Y63         LUT1 (Prop_F6LUT_SLICEL_I0_O)
                                                      0.136    26.432 r  candidate_lanes[0].lane_pe/codec/(null)[0].value4__9_i_41/O
                         net (fo=1, routed)           0.015    26.447    candidate_lanes[0].lane_pe/codec/(null)[0].value4__9_i_41_n_0
    SLICE_X39Y63         CARRY8 (Prop_CARRY8_SLICEL_S[5]_O[7])
                                                      0.194    26.641 f  candidate_lanes[0].lane_pe/codec/(null)[0].value4__9_i_18/O[7]
                         net (fo=1, routed)           0.199    26.840    candidate_lanes[0].lane_pe/codec/(null)[0].value4__9_i_18_n_8
    SLICE_X39Y66         LUT3 (Prop_B6LUT_SLICEL_I0_O)
                                                      0.152    26.992 f  candidate_lanes[0].lane_pe/codec/(null)[0].value4__9_i_1/O
                         net (fo=1, routed)           0.457    27.449    candidate_lanes[0].lane_pe/codec/(null)[0].value4__9/A[16]
    DSP48E2_X10Y18       DSP_A_B_DATA (Prop_DSP_A_B_DATA_DSP48E2_A[16]_A2_DATA[16])
                                                      0.258    27.707 r  candidate_lanes[0].lane_pe/codec/(null)[0].value4__9/DSP_A_B_DATA_INST/A2_DATA[16]
                         net (fo=1, routed)           0.000    27.707    candidate_lanes[0].lane_pe/codec/(null)[0].value4__9/DSP_A_B_DATA.A2_DATA<16>
    DSP48E2_X10Y18       DSP_PREADD_DATA (Prop_DSP_PREADD_DATA_DSP48E2_A2_DATA[16]_A2A1[16])
                                                      0.114    27.821 r  candidate_lanes[0].lane_pe/codec/(null)[0].value4__9/DSP_PREADD_DATA_INST/A2A1[16]
                         net (fo=1, routed)           0.000    27.821    candidate_lanes[0].lane_pe/codec/(null)[0].value4__9/DSP_PREADD_DATA.A2A1<16>
    DSP48E2_X10Y18       DSP_MULTIPLIER (Prop_DSP_MULTIPLIER_DSP48E2_A2A1[16]_U[36])
                                                      0.700    28.521 f  candidate_lanes[0].lane_pe/codec/(null)[0].value4__9/DSP_MULTIPLIER_INST/U[36]
                         net (fo=1, routed)           0.000    28.521    candidate_lanes[0].lane_pe/codec/(null)[0].value4__9/DSP_MULTIPLIER.U<36>
    DSP48E2_X10Y18       DSP_M_DATA (Prop_DSP_M_DATA_DSP48E2_U[36]_U_DATA[36])
                                                      0.067    28.588 r  candidate_lanes[0].lane_pe/codec/(null)[0].value4__9/DSP_M_DATA_INST/U_DATA[36]
                         net (fo=1, routed)           0.000    28.588    candidate_lanes[0].lane_pe/codec/(null)[0].value4__9/DSP_M_DATA.U_DATA<36>
    DSP48E2_X10Y18       DSP_ALU (Prop_DSP_ALU_DSP48E2_U_DATA[36]_ALU_OUT[47])
                                                      0.727    29.315 f  candidate_lanes[0].lane_pe/codec/(null)[0].value4__9/DSP_ALU_INST/ALU_OUT[47]
                         net (fo=1, routed)           0.000    29.315    candidate_lanes[0].lane_pe/codec/(null)[0].value4__9/DSP_ALU.ALU_OUT<47>
    DSP48E2_X10Y18       DSP_OUTPUT (Prop_DSP_OUTPUT_DSP48E2_ALU_OUT[47]_PCOUT[47])
                                                      0.167    29.482 r  candidate_lanes[0].lane_pe/codec/(null)[0].value4__9/DSP_OUTPUT_INST/PCOUT[47]
                         net (fo=1, routed)           0.014    29.496    candidate_lanes[0].lane_pe/codec/(null)[0].value4__10/PCIN[47]
    DSP48E2_X10Y19       DSP_ALU (Prop_DSP_ALU_DSP48E2_PCIN[47]_ALU_OUT[3])
                                                      0.739    30.235 f  candidate_lanes[0].lane_pe/codec/(null)[0].value4__10/DSP_ALU_INST/ALU_OUT[3]
                         net (fo=1, routed)           0.000    30.235    candidate_lanes[0].lane_pe/codec/(null)[0].value4__10/DSP_ALU.ALU_OUT<3>
    DSP48E2_X10Y19       DSP_OUTPUT (Prop_DSP_OUTPUT_DSP48E2_ALU_OUT[3]_P[3])
                                                      0.146    30.381 r  candidate_lanes[0].lane_pe/codec/(null)[0].value4__10/DSP_OUTPUT_INST/P[3]
                         net (fo=2, routed)           0.324    30.704    candidate_lanes[0].lane_pe/codec/(null)[0].value4__10_n_102
    SLICE_X37Y47         LUT6 (Prop_E6LUT_SLICEM_I5_O)
                                                      0.187    30.891 r  candidate_lanes[0].lane_pe/codec/clip164__7__0_i_135/O
                         net (fo=1, routed)           0.018    30.909    candidate_lanes[0].lane_pe/codec/clip164__7__0_i_135_n_0
    SLICE_X37Y47         CARRY8 (Prop_CARRY8_SLICEM_S[4]_CO[7])
                                                      0.236    31.145 r  candidate_lanes[0].lane_pe/codec/clip164__7__0_i_77/CO[7]
                         net (fo=1, routed)           0.030    31.175    candidate_lanes[0].lane_pe/codec/clip164__7__0_i_77_n_0
    SLICE_X37Y48         CARRY8 (Prop_CARRY8_SLICEM_CI_O[0])
                                                      0.078    31.253 f  candidate_lanes[0].lane_pe/codec/clip164__7__0_i_59/O[0]
                         net (fo=5, routed)           0.520    31.773    candidate_lanes[0].lane_pe/codec/clip164__7__0_i_59_n_15
    SLICE_X40Y63         LUT4 (Prop_B6LUT_SLICEM_I0_O)
                                                      0.152    31.925 r  candidate_lanes[0].lane_pe/codec/clip164__7__0_i_78/O
                         net (fo=2, routed)           0.122    32.047    candidate_lanes[0].lane_pe/codec/clip164__7__0_i_78_n_0
    SLICE_X40Y64         LUT5 (Prop_D6LUT_SLICEM_I4_O)
                                                      0.220    32.267 r  candidate_lanes[0].lane_pe/codec/clip164__7__0_i_69/O
                         net (fo=1, routed)           0.400    32.667    candidate_lanes[0].lane_pe/codec/clip164__7__0_i_69_n_0
    SLICE_X40Y65         CARRY8 (Prop_CARRY8_SLICEM_S[0]_CO[7])
                                                      0.281    32.948 r  candidate_lanes[0].lane_pe/codec/clip164__7__0_i_29/CO[7]
                         net (fo=1, routed)           0.030    32.978    candidate_lanes[0].lane_pe/codec/clip164__7__0_i_29_n_0
    SLICE_X40Y66         CARRY8 (Prop_CARRY8_SLICEM_CI_CO[7])
                                                      0.065    33.043 r  candidate_lanes[0].lane_pe/codec/clip164__7__0_i_18/CO[7]
                         net (fo=1, routed)           0.030    33.073    candidate_lanes[0].lane_pe/codec/clip164__7__0_i_18_n_0
    SLICE_X40Y67         CARRY8 (Prop_CARRY8_SLICEM_CI_O[5])
                                                      0.161    33.234 f  candidate_lanes[0].lane_pe/codec/clip164__8__0_i_12/O[5]
                         net (fo=1, routed)           0.164    33.398    candidate_lanes[0].lane_pe/codec/clip164__8__0_i_12_n_10
    SLICE_X39Y67         LUT3 (Prop_A6LUT_SLICEL_I0_O)
                                                      0.137    33.535 f  candidate_lanes[0].lane_pe/codec/clip164__8__0_i_14/O
                         net (fo=5, routed)           0.205    33.740    candidate_lanes[0].lane_pe/codec/clip164__8__0_i_14_n_0
    SLICE_X40Y68         LUT6 (Prop_H6LUT_SLICEM_I1_O)
                                                      0.228    33.968 f  candidate_lanes[0].lane_pe/codec/clip164__7__0_i_202/O
                         net (fo=1, routed)           0.200    34.168    candidate_lanes[0].lane_pe/codec/clip164__7__0_i_202_n_0
    SLICE_X40Y69         CARRY8 (Prop_CARRY8_SLICEM_DI[4]_CO[7])
                                                      0.137    34.305 f  candidate_lanes[0].lane_pe/codec/clip164__7__0_i_157/CO[7]
                         net (fo=1, routed)           0.030    34.335    candidate_lanes[0].lane_pe/codec/clip164__7__0_i_157_n_0
    SLICE_X40Y70         CARRY8 (Prop_CARRY8_SLICEM_CI_CO[7])
                                                      0.065    34.400 f  candidate_lanes[0].lane_pe/codec/clip164__7__0_i_97/CO[7]
                         net (fo=1, routed)           0.030    34.430    candidate_lanes[0].lane_pe/codec/clip164__7__0_i_97_n_0
    SLICE_X40Y71         CARRY8 (Prop_CARRY8_SLICEM_CI_CO[7])
                                                      0.065    34.495 f  candidate_lanes[0].lane_pe/codec/clip164__7__0_i_50/CO[7]
                         net (fo=1, routed)           0.030    34.525    candidate_lanes[0].lane_pe/codec/clip164__7__0_i_50_n_0
    SLICE_X40Y72         CARRY8 (Prop_CARRY8_SLICEM_CI_CO[0])
                                                      0.074    34.599 f  candidate_lanes[0].lane_pe/codec/clip164__7__0_i_21/CO[0]
                         net (fo=26, routed)          0.663    35.262    candidate_lanes[0].lane_pe/codec/clip164__7__0_i_21_n_7
    SLICE_X47Y71         LUT5 (Prop_B6LUT_SLICEL_I3_O)
                                                      0.224    35.486 f  candidate_lanes[0].lane_pe/codec/clip164__7__0_i_4/O
                         net (fo=1, routed)           0.676    36.162    candidate_lanes[0].lane_pe/codec/clip164__7__0/A[13]
    DSP48E2_X12Y28       DSP_A_B_DATA (Prop_DSP_A_B_DATA_DSP48E2_A[13]_A2_DATA[13])
                                                      0.258    36.420 r  candidate_lanes[0].lane_pe/codec/clip164__7__0/DSP_A_B_DATA_INST/A2_DATA[13]
                         net (fo=1, routed)           0.000    36.420    candidate_lanes[0].lane_pe/codec/clip164__7__0/DSP_A_B_DATA.A2_DATA<13>
    DSP48E2_X12Y28       DSP_PREADD_DATA (Prop_DSP_PREADD_DATA_DSP48E2_A2_DATA[13]_A2A1[13])
                                                      0.114    36.534 r  candidate_lanes[0].lane_pe/codec/clip164__7__0/DSP_PREADD_DATA_INST/A2A1[13]
                         net (fo=1, routed)           0.000    36.534    candidate_lanes[0].lane_pe/codec/clip164__7__0/DSP_PREADD_DATA.A2A1<13>
    DSP48E2_X12Y28       DSP_MULTIPLIER (Prop_DSP_MULTIPLIER_DSP48E2_A2A1[13]_U[34])
                                                      0.700    37.234 f  candidate_lanes[0].lane_pe/codec/clip164__7__0/DSP_MULTIPLIER_INST/U[34]
                         net (fo=1, routed)           0.000    37.234    candidate_lanes[0].lane_pe/codec/clip164__7__0/DSP_MULTIPLIER.U<34>
    DSP48E2_X12Y28       DSP_M_DATA (Prop_DSP_M_DATA_DSP48E2_U[34]_U_DATA[34])
                                                      0.067    37.301 r  candidate_lanes[0].lane_pe/codec/clip164__7__0/DSP_M_DATA_INST/U_DATA[34]
                         net (fo=1, routed)           0.000    37.301    candidate_lanes[0].lane_pe/codec/clip164__7__0/DSP_M_DATA.U_DATA<34>
    DSP48E2_X12Y28       DSP_ALU (Prop_DSP_ALU_DSP48E2_U_DATA[34]_ALU_OUT[47])
                                                      0.727    38.028 f  candidate_lanes[0].lane_pe/codec/clip164__7__0/DSP_ALU_INST/ALU_OUT[47]
                         net (fo=1, routed)           0.000    38.028    candidate_lanes[0].lane_pe/codec/clip164__7__0/DSP_ALU.ALU_OUT<47>
    DSP48E2_X12Y28       DSP_OUTPUT (Prop_DSP_OUTPUT_DSP48E2_ALU_OUT[47]_PCOUT[47])
                                                      0.167    38.195 r  candidate_lanes[0].lane_pe/codec/clip164__7__0/DSP_OUTPUT_INST/PCOUT[47]
                         net (fo=1, routed)           0.014    38.209    candidate_lanes[0].lane_pe/codec/clip164__8__0/PCIN[47]
    DSP48E2_X12Y29       DSP_ALU (Prop_DSP_ALU_DSP48E2_PCIN[47]_ALU_OUT[4])
                                                      0.739    38.948 r  candidate_lanes[0].lane_pe/codec/clip164__8__0/DSP_ALU_INST/ALU_OUT[4]
                         net (fo=1, routed)           0.000    38.948    candidate_lanes[0].lane_pe/codec/clip164__8__0/DSP_ALU.ALU_OUT<4>
    DSP48E2_X12Y29       DSP_OUTPUT (Prop_DSP_OUTPUT_DSP48E2_ALU_OUT[4]_P[4])
                                                      0.146    39.094 f  candidate_lanes[0].lane_pe/codec/clip164__8__0/DSP_OUTPUT_INST/P[4]
                         net (fo=4, routed)           0.462    39.556    candidate_lanes[0].lane_pe/codec/clip164__8__0_n_101
    SLICE_X54Y73         LUT6 (Prop_G6LUT_SLICEM_I3_O)
                                                      0.186    39.742 f  candidate_lanes[0].lane_pe/codec/distortion10_i_1803/O
                         net (fo=6, routed)           0.348    40.090    candidate_lanes[0].lane_pe/codec/distortion10_i_1803_n_0
    SLICE_X59Y75         LUT2 (Prop_F6LUT_SLICEL_I1_O)
                                                      0.150    40.240 r  candidate_lanes[0].lane_pe/codec/distortion15__0__0_i_2512/O
                         net (fo=1, routed)           0.015    40.255    candidate_lanes[0].lane_pe/codec/distortion15__0__0_i_2512_n_0
    SLICE_X59Y75         CARRY8 (Prop_CARRY8_SLICEL_S[5]_CO[7])
                                                      0.232    40.487 r  candidate_lanes[0].lane_pe/codec/distortion15__0__0_i_2470/CO[7]
                         net (fo=1, routed)           0.030    40.517    candidate_lanes[0].lane_pe/codec/distortion15__0__0_i_2470_n_0
    SLICE_X59Y76         CARRY8 (Prop_CARRY8_SLICEL_CI_CO[7])
                                                      0.065    40.582 r  candidate_lanes[0].lane_pe/codec/distortion15__0__0_i_2240/CO[7]
                         net (fo=1, routed)           0.030    40.612    candidate_lanes[0].lane_pe/codec/distortion15__0__0_i_2240_n_0
    SLICE_X59Y77         CARRY8 (Prop_CARRY8_SLICEL_CI_CO[7])
                                                      0.065    40.677 r  candidate_lanes[0].lane_pe/codec/distortion15__0__0_i_1956/CO[7]
                         net (fo=1, routed)           0.030    40.707    candidate_lanes[0].lane_pe/codec/distortion15__0__0_i_1956_n_0
    SLICE_X59Y78         CARRY8 (Prop_CARRY8_SLICEL_CI_CO[0])
                                                      0.074    40.781 r  candidate_lanes[0].lane_pe/codec/distortion15__0__0_i_1565/CO[0]
                         net (fo=140, routed)         0.808    41.589    candidate_lanes[0].lane_pe/codec/distortion15__0__0_i_1565_n_7
    SLICE_X59Y120        LUT5 (Prop_B6LUT_SLICEL_I3_O)
                                                      0.083    41.672 r  candidate_lanes[0].lane_pe/codec/distortion15__0__0_i_1241/O
                         net (fo=20, routed)          0.446    42.118    candidate_lanes[0].lane_pe/codec/codec_dequantized__0[114]
    SLICE_X57Y123        LUT2 (Prop_C6LUT_SLICEL_I1_O)
                                                      0.136    42.254 r  candidate_lanes[0].lane_pe/codec/distortion2_i_1931/O
                         net (fo=1, routed)           0.015    42.269    candidate_lanes[0].lane_pe/codec/distortion2_i_1931_n_0
    SLICE_X57Y123        CARRY8 (Prop_CARRY8_SLICEL_S[2]_CO[7])
                                                      0.219    42.488 r  candidate_lanes[0].lane_pe/codec/distortion2_i_1655/CO[7]
                         net (fo=1, routed)           0.030    42.518    candidate_lanes[0].lane_pe/codec/distortion2_i_1655_n_0
    SLICE_X57Y124        CARRY8 (Prop_CARRY8_SLICEL_CI_O[1])
                                                      0.106    42.624 r  candidate_lanes[0].lane_pe/codec/distortion2_i_1657/O[1]
                         net (fo=3, routed)           0.306    42.931    candidate_lanes[0].lane_pe/codec/distortion2_i_1657_n_14
    SLICE_X60Y125        LUT3 (Prop_B6LUT_SLICEL_I1_O)
                                                      0.188    43.119 r  candidate_lanes[0].lane_pe/codec/distortion2_i_1307/O
                         net (fo=1, routed)           0.373    43.492    candidate_lanes[0].lane_pe/codec/distortion2_i_1307_n_0
    SLICE_X59Y125        CARRY8 (Prop_CARRY8_SLICEL_DI[1]_O[3])
                                                      0.147    43.639 r  candidate_lanes[0].lane_pe/codec/distortion2_i_905/O[3]
                         net (fo=3, routed)           0.479    44.117    candidate_lanes[0].lane_pe/codec/(null)[0].value4__0__2[16]
    SLICE_X53Y129        LUT3 (Prop_E5LUT_SLICEM_I1_O)
                                                      0.225    44.342 r  candidate_lanes[0].lane_pe/codec/distortion2_i_912/O
                         net (fo=2, routed)           0.228    44.570    candidate_lanes[0].lane_pe/codec/distortion2_i_912_n_0
    SLICE_X56Y129        LUT5 (Prop_F6LUT_SLICEL_I1_O)
                                                      0.056    44.626 r  candidate_lanes[0].lane_pe/codec/distortion1_i_907/O
                         net (fo=2, routed)           0.329    44.955    candidate_lanes[0].lane_pe/codec/distortion1_i_907_n_0
    SLICE_X55Y129        LUT6 (Prop_A6LUT_SLICEL_I0_O)
                                                      0.137    45.092 r  candidate_lanes[0].lane_pe/codec/distortion1_i_915/O
                         net (fo=1, routed)           0.014    45.106    candidate_lanes[0].lane_pe/codec/distortion1_i_915_n_0
    SLICE_X55Y129        CARRY8 (Prop_CARRY8_SLICEL_S[0]_O[5])
                                                      0.331    45.437 r  candidate_lanes[0].lane_pe/codec/distortion1_i_664/O[5]
                         net (fo=1, routed)           0.425    45.862    candidate_lanes[0].lane_pe/codec/distortion1_i_664_n_10
    SLICE_X55Y133        CARRY8 (Prop_CARRY8_SLICEL_S[1]_CO[7])
                                                      0.261    46.123 r  candidate_lanes[0].lane_pe/codec/distortion1_i_544/CO[7]
                         net (fo=1, routed)           0.030    46.153    candidate_lanes[0].lane_pe/codec/distortion1_i_544_n_0
    SLICE_X55Y134        CARRY8 (Prop_CARRY8_SLICEL_CI_O[1])
                                                      0.106    46.259 r  candidate_lanes[0].lane_pe/codec/distortion1_i_543/O[1]
                         net (fo=25, routed)          0.865    47.124    candidate_lanes[0].lane_pe/codec/distortion1_i_543_n_14
    SLICE_X46Y142        LUT2 (Prop_E6LUT_SLICEL_I1_O)
                                                      0.083    47.207 r  candidate_lanes[0].lane_pe/codec/distortion2_i_1162/O
                         net (fo=1, routed)           0.011    47.218    candidate_lanes[0].lane_pe/codec/distortion2_i_1162_n_0
    SLICE_X46Y142        CARRY8 (Prop_CARRY8_SLICEL_S[4]_CO[7])
                                                      0.232    47.450 f  candidate_lanes[0].lane_pe/codec/distortion2_i_877/CO[7]
                         net (fo=1, routed)           0.030    47.480    candidate_lanes[0].lane_pe/codec/distortion2_i_877_n_0
    SLICE_X46Y143        CARRY8 (Prop_CARRY8_SLICEL_CI_CO[7])
                                                      0.065    47.545 f  candidate_lanes[0].lane_pe/codec/distortion2_i_704/CO[7]
                         net (fo=1, routed)           0.030    47.575    candidate_lanes[0].lane_pe/codec/distortion2_i_704_n_0
    SLICE_X46Y144        CARRY8 (Prop_CARRY8_SLICEL_CI_CO[7])
                                                      0.065    47.640 f  candidate_lanes[0].lane_pe/codec/distortion2_i_525/CO[7]
                         net (fo=1, routed)           0.030    47.670    candidate_lanes[0].lane_pe/codec/distortion2_i_525_n_0
    SLICE_X46Y145        CARRY8 (Prop_CARRY8_SLICEL_CI_CO[0])
                                                      0.074    47.744 f  candidate_lanes[0].lane_pe/codec/distortion2_i_417/CO[0]
                         net (fo=388, routed)         0.725    48.469    candidate_lanes[0].lane_pe/codec/distortion2_i_417_n_7
    SLICE_X48Y155        LUT3 (Prop_C5LUT_SLICEL_I1_O)
                                                      0.152    48.621 r  candidate_lanes[0].lane_pe/codec/distortion3_i_745/O
                         net (fo=1, routed)           0.000    48.621    candidate_lanes[0].lane_pe/codec/distortion3_i_745_n_0
    SLICE_X48Y155        CARRY8 (Prop_CARRY8_SLICEL_DI[2]_O[4])
                                                      0.245    48.866 r  candidate_lanes[0].lane_pe/codec/distortion3_i_572/O[4]
                         net (fo=3, routed)           0.609    49.475    candidate_lanes[0].lane_pe/codec/distortion3_i_572_n_11
    SLICE_X49Y154        LUT5 (Prop_E6LUT_SLICEL_I4_O)
                                                      0.138    49.613 r  candidate_lanes[0].lane_pe/codec/distortion3_i_511/O
                         net (fo=1, routed)           0.303    49.916    candidate_lanes[0].lane_pe/codec/distortion3_i_511_n_0
    SLICE_X49Y155        CARRY8 (Prop_CARRY8_SLICEL_DI[5]_CO[7])
                                                      0.108    50.024 r  candidate_lanes[0].lane_pe/codec/distortion3_i_358/CO[7]
                         net (fo=1, routed)           0.030    50.054    candidate_lanes[0].lane_pe/codec/distortion3_i_358_n_0
    SLICE_X49Y156        CARRY8 (Prop_CARRY8_SLICEL_CI_O[0])
                                                      0.078    50.132 r  candidate_lanes[0].lane_pe/codec/distortion3_i_331/O[0]
                         net (fo=3, routed)           0.847    50.979    candidate_lanes[0].lane_pe/codec/distortion3_i_331_n_15
    SLICE_X46Y163        LUT3 (Prop_C6LUT_SLICEL_I0_O)
                                                      0.187    51.166 r  candidate_lanes[0].lane_pe/codec/distortion3_i_359/O
                         net (fo=2, routed)           0.168    51.334    candidate_lanes[0].lane_pe/codec/distortion3_i_359_n_0
    SLICE_X46Y163        LUT5 (Prop_E5LUT_SLICEL_I4_O)
                                                      0.222    51.556 r  candidate_lanes[0].lane_pe/codec/distortion3_i_270/O
                         net (fo=2, routed)           0.359    51.915    candidate_lanes[0].lane_pe/codec/distortion3_i_270_n_0
    SLICE_X46Y147        LUT6 (Prop_F6LUT_SLICEL_I0_O)
                                                      0.081    51.996 r  candidate_lanes[0].lane_pe/codec/distortion3_i_278/O
                         net (fo=1, routed)           0.015    52.011    candidate_lanes[0].lane_pe/codec/distortion3_i_278_n_0
    SLICE_X46Y147        CARRY8 (Prop_CARRY8_SLICEL_S[5]_CO[7])
                                                      0.232    52.243 r  candidate_lanes[0].lane_pe/codec/distortion3_i_205/CO[7]
                         net (fo=1, routed)           0.030    52.273    candidate_lanes[0].lane_pe/codec/distortion3_i_205_n_0
    SLICE_X46Y148        CARRY8 (Prop_CARRY8_SLICEL_CI_O[4])
                                                      0.119    52.392 r  candidate_lanes[0].lane_pe/codec/distortion3_i_188/O[4]
                         net (fo=1, routed)           0.490    52.882    candidate_lanes[0].lane_pe/codec/distortion3_i_188_n_11
    SLICE_X45Y147        CARRY8 (Prop_CARRY8_SLICEM_S[2]_CO[7])
                                                      0.229    53.111 r  candidate_lanes[0].lane_pe/codec/distortion3_i_151/CO[7]
                         net (fo=1, routed)           0.030    53.141    candidate_lanes[0].lane_pe/codec/distortion3_i_151_n_0
    SLICE_X45Y148        CARRY8 (Prop_CARRY8_SLICEM_CI_O[1])
                                                      0.106    53.247 r  candidate_lanes[0].lane_pe/codec/distortion3_i_129/O[1]
                         net (fo=5, routed)           0.851    54.098    candidate_lanes[0].lane_pe/codec/distortion3_i_129_n_14
    SLICE_X39Y125        LUT2 (Prop_A6LUT_SLICEL_I0_O)
                                                      0.152    54.250 r  candidate_lanes[0].lane_pe/codec/distortion3_i_444/O
                         net (fo=1, routed)           0.014    54.264    candidate_lanes[0].lane_pe/codec/distortion3_i_444_n_0
    SLICE_X39Y125        CARRY8 (Prop_CARRY8_SLICEL_S[0]_CO[7])
                                                      0.278    54.542 r  candidate_lanes[0].lane_pe/codec/distortion3_i_309/CO[7]
                         net (fo=1, routed)           0.030    54.572    candidate_lanes[0].lane_pe/codec/distortion3_i_309_n_0
    SLICE_X39Y126        CARRY8 (Prop_CARRY8_SLICEL_CI_CO[7])
                                                      0.065    54.637 r  candidate_lanes[0].lane_pe/codec/distortion3_i_231/CO[7]
                         net (fo=1, routed)           0.030    54.667    candidate_lanes[0].lane_pe/codec/distortion3_i_231_n_0
    SLICE_X39Y127        CARRY8 (Prop_CARRY8_SLICEL_CI_CO[7])
                                                      0.065    54.732 r  candidate_lanes[0].lane_pe/codec/distortion3_i_179/CO[7]
                         net (fo=1, routed)           0.030    54.762    candidate_lanes[0].lane_pe/codec/distortion3_i_179_n_0
    SLICE_X39Y128        CARRY8 (Prop_CARRY8_SLICEL_CI_CO[0])
                                                      0.074    54.836 r  candidate_lanes[0].lane_pe/codec/distortion3_i_131/CO[0]
                         net (fo=32, routed)          0.347    55.183    candidate_lanes[0].lane_pe/codec/clip161__0
    SLICE_X42Y123        LUT4 (Prop_A6LUT_SLICEL_I3_O)
                                                      0.225    55.408 r  candidate_lanes[0].lane_pe/codec/distortion3_i_108/O
                         net (fo=1, routed)           0.014    55.422    candidate_lanes[0].lane_pe/codec/distortion3_i_108_n_0
    SLICE_X42Y123        CARRY8 (Prop_CARRY8_SLICEL_S[0]_CO[7])
                                                      0.278    55.700 r  candidate_lanes[0].lane_pe/codec/distortion3_i_40/CO[7]
                         net (fo=1, routed)           0.030    55.730    candidate_lanes[0].lane_pe/codec/distortion3_i_40_n_0
    SLICE_X42Y124        CARRY8 (Prop_CARRY8_SLICEL_CI_CO[7])
                                                      0.065    55.795 r  candidate_lanes[0].lane_pe/codec/distortion3_i_39/CO[7]
                         net (fo=1, routed)           0.030    55.825    candidate_lanes[0].lane_pe/codec/distortion3_i_39_n_0
    SLICE_X42Y125        CARRY8 (Prop_CARRY8_SLICEL_CI_CO[7])
                                                      0.065    55.890 r  candidate_lanes[0].lane_pe/codec/distortion3_i_38/CO[7]
                         net (fo=1, routed)           0.030    55.920    candidate_lanes[0].lane_pe/codec/distortion3_i_38_n_0
    SLICE_X42Y126        CARRY8 (Prop_CARRY8_SLICEL_CI_O[3])
                                                      0.114    56.034 f  candidate_lanes[0].lane_pe/codec/distortion3_i_37/O[3]
                         net (fo=3, routed)           0.220    56.253    candidate_lanes[0].lane_pe/codec/(null)[0].value__3[27]
    SLICE_X41Y125        LUT2 (Prop_B6LUT_SLICEM_I0_O)
                                                      0.225    56.478 r  candidate_lanes[0].lane_pe/codec/distortion3_i_48/O
                         net (fo=1, routed)           0.022    56.500    candidate_lanes[0].lane_pe/codec/distortion3_i_48_n_0
    SLICE_X41Y125        CARRY8 (Prop_CARRY8_SLICEM_S[1]_CO[3])
                                                      0.257    56.757 r  candidate_lanes[0].lane_pe/codec/distortion3_i_36/CO[3]
                         net (fo=31, routed)          0.338    57.096    candidate_lanes[0].lane_pe/codec/clip81__2
    SLICE_X40Y123        LUT4 (Prop_A6LUT_SLICEM_I1_O)
                                                      0.083    57.179 r  candidate_lanes[0].lane_pe/codec/distortion3_i_35/O
                         net (fo=1, routed)           0.017    57.196    candidate_lanes[0].lane_pe/codec/distortion3_i_35_n_0
    SLICE_X40Y123        CARRY8 (Prop_CARRY8_SLICEM_S[0]_CO[7])
                                                      0.281    57.477 r  candidate_lanes[0].lane_pe/codec/distortion3_i_4/CO[7]
                         net (fo=1, routed)           0.030    57.507    candidate_lanes[0].lane_pe/codec/distortion3_i_4_n_0
    SLICE_X40Y124        CARRY8 (Prop_CARRY8_SLICEM_CI_O[3])
                                                      0.114    57.621 f  candidate_lanes[0].lane_pe/codec/distortion3_i_3/O[3]
                         net (fo=4, routed)           0.614    58.235    candidate_lanes[0].lane_pe/codec/distortion3__0/A[11]
    DSP48E2_X11Y51       DSP_A_B_DATA (Prop_DSP_A_B_DATA_DSP48E2_A[11]_A2_DATA[11])
                                                      0.258    58.493 r  candidate_lanes[0].lane_pe/codec/distortion3__0/DSP_A_B_DATA_INST/A2_DATA[11]
                         net (fo=1, routed)           0.000    58.493    candidate_lanes[0].lane_pe/codec/distortion3__0/DSP_A_B_DATA.A2_DATA<11>
    DSP48E2_X11Y51       DSP_PREADD_DATA (Prop_DSP_PREADD_DATA_DSP48E2_A2_DATA[11]_A2A1[11])
                                                      0.114    58.607 r  candidate_lanes[0].lane_pe/codec/distortion3__0/DSP_PREADD_DATA_INST/A2A1[11]
                         net (fo=1, routed)           0.000    58.607    candidate_lanes[0].lane_pe/codec/distortion3__0/DSP_PREADD_DATA.A2A1<11>
    DSP48E2_X11Y51       DSP_MULTIPLIER (Prop_DSP_MULTIPLIER_DSP48E2_A2A1[11]_U[32])
                                                      0.700    59.307 f  candidate_lanes[0].lane_pe/codec/distortion3__0/DSP_MULTIPLIER_INST/U[32]
                         net (fo=1, routed)           0.000    59.307    candidate_lanes[0].lane_pe/codec/distortion3__0/DSP_MULTIPLIER.U<32>
    DSP48E2_X11Y51       DSP_M_DATA (Prop_DSP_M_DATA_DSP48E2_U[32]_U_DATA[32])
                                                      0.067    59.374 r  candidate_lanes[0].lane_pe/codec/distortion3__0/DSP_M_DATA_INST/U_DATA[32]
                         net (fo=1, routed)           0.000    59.374    candidate_lanes[0].lane_pe/codec/distortion3__0/DSP_M_DATA.U_DATA<32>
    DSP48E2_X11Y51       DSP_ALU (Prop_DSP_ALU_DSP48E2_U_DATA[32]_ALU_OUT[47])
                                                      0.727    60.101 f  candidate_lanes[0].lane_pe/codec/distortion3__0/DSP_ALU_INST/ALU_OUT[47]
                         net (fo=1, routed)           0.000    60.101    candidate_lanes[0].lane_pe/codec/distortion3__0/DSP_ALU.ALU_OUT<47>
    DSP48E2_X11Y51       DSP_OUTPUT (Prop_DSP_OUTPUT_DSP48E2_ALU_OUT[47]_PCOUT[47])
                                                      0.167    60.268 r  candidate_lanes[0].lane_pe/codec/distortion3__0/DSP_OUTPUT_INST/PCOUT[47]
                         net (fo=1, routed)           0.038    60.306    candidate_lanes[0].lane_pe/codec/distortion3__1/PCIN[47]
    DSP48E2_X11Y52       DSP_ALU (Prop_DSP_ALU_DSP48E2_PCIN[47]_ALU_OUT[0])
                                                      0.739    61.045 f  candidate_lanes[0].lane_pe/codec/distortion3__1/DSP_ALU_INST/ALU_OUT[0]
                         net (fo=1, routed)           0.000    61.045    candidate_lanes[0].lane_pe/codec/distortion3__1/DSP_ALU.ALU_OUT<0>
    DSP48E2_X11Y52       DSP_OUTPUT (Prop_DSP_OUTPUT_DSP48E2_ALU_OUT[0]_P[0])
                                                      0.146    61.191 r  candidate_lanes[0].lane_pe/codec/distortion3__1/DSP_OUTPUT_INST/P[0]
                         net (fo=2, routed)           0.177    61.368    candidate_lanes[0].lane_pe/codec/distortion3__1_n_105
    SLICE_X40Y130        LUT2 (Prop_B6LUT_SLICEM_I0_O)
                                                      0.057    61.425 r  candidate_lanes[0].lane_pe/codec/out_distortion[28]_i_485/O
                         net (fo=1, routed)           0.022    61.447    candidate_lanes[0].lane_pe/codec/out_distortion[28]_i_485_n_0
    SLICE_X40Y130        CARRY8 (Prop_CARRY8_SLICEM_S[1]_O[2])
                                                      0.179    61.626 r  candidate_lanes[0].lane_pe/codec/out_distortion_reg[28]_i_434/O[2]
                         net (fo=3, routed)           0.318    61.944    candidate_lanes[0].lane_pe/codec/out_distortion_reg[28]_i_434_n_13
    SLICE_X37Y128        LUT3 (Prop_A6LUT_SLICEM_I2_O)
                                                      0.138    62.082 r  candidate_lanes[0].lane_pe/codec/out_distortion[28]_i_362/O
                         net (fo=1, routed)           0.638    62.720    candidate_lanes[0].lane_pe/codec/out_distortion[28]_i_362_n_0
    SLICE_X34Y127        CARRY8 (Prop_CARRY8_SLICEM_DI[3]_O[5])
                                                      0.268    62.988 r  candidate_lanes[0].lane_pe/codec/out_distortion_reg[28]_i_180/O[5]
                         net (fo=3, routed)           0.323    63.311    candidate_lanes[0].lane_pe/codec/out_distortion_reg[28]_i_180_n_10
    SLICE_X31Y128        LUT6 (Prop_F6LUT_SLICEM_I4_O)
                                                      0.149    63.460 r  candidate_lanes[0].lane_pe/codec/out_distortion[28]_i_137/O
                         net (fo=1, routed)           0.029    63.489    candidate_lanes[0].lane_pe/codec/out_distortion[28]_i_137_n_0
    SLICE_X31Y128        CARRY8 (Prop_CARRY8_SLICEM_S[5]_O[5])
                                                      0.084    63.573 r  candidate_lanes[0].lane_pe/codec/out_distortion_reg[28]_i_29/O[5]
                         net (fo=3, routed)           0.463    64.036    candidate_lanes[0].lane_pe/codec/out_distortion_reg[28]_i_29_n_10
    SLICE_X34Y132        LUT3 (Prop_B6LUT_SLICEM_I1_O)
                                                      0.057    64.093 r  candidate_lanes[0].lane_pe/codec/out_distortion[23]_i_19/O
                         net (fo=2, routed)           0.112    64.205    candidate_lanes[0].lane_pe/codec/out_distortion[23]_i_19_n_0
    SLICE_X34Y132        LUT5 (Prop_C6LUT_SLICEM_I1_O)
                                                      0.056    64.261 r  candidate_lanes[0].lane_pe/codec/out_distortion[23]_i_3/O
                         net (fo=2, routed)           0.349    64.610    candidate_lanes[0].lane_pe/codec/out_distortion[23]_i_3_n_0
    SLICE_X33Y132        LUT6 (Prop_G6LUT_SLICEL_I0_O)
                                                      0.226    64.836 r  candidate_lanes[0].lane_pe/codec/out_distortion[23]_i_11/O
                         net (fo=1, routed)           0.012    64.848    candidate_lanes[0].lane_pe/codec/out_distortion[23]_i_11_n_0
    SLICE_X33Y132        CARRY8 (Prop_CARRY8_SLICEL_S[6]_O[6])
                                                      0.078    64.926 r  candidate_lanes[0].lane_pe/codec/out_distortion_reg[23]_i_1/O[6]
                         net (fo=1, routed)           0.034    64.960    candidate_lanes[0].lane_pe/codec_distortion[22]
    SLICE_X33Y132        FDRE                                         r  candidate_lanes[0].lane_pe/out_distortion_reg[22]/D
  -------------------------------------------------------------------    -------------------

                         (clock chia_rdo_clk rise edge)
                                                      5.000     5.000 r  
                                                      0.000     5.000 r  clk (IN)
                         net (fo=1725, unset)         0.029     5.029    candidate_lanes[0].lane_pe/clk
    SLICE_X33Y132        FDRE                                         r  candidate_lanes[0].lane_pe/out_distortion_reg[22]/C
                         clock pessimism              0.000     5.029    
                         clock uncertainty           -0.035     4.994    
    SLICE_X33Y132        FDRE (Setup_GFF_SLICEL_C_D)
                                                      0.044     5.038    candidate_lanes[0].lane_pe/out_distortion_reg[22]
  -------------------------------------------------------------------
                         required time                          5.038    
                         arrival time                         -64.960    
  -------------------------------------------------------------------
                         slack                                -59.922    



