Copyright 1986-2022 Xilinx, Inc. All Rights Reserved. Copyright 2022-2024 Advanced Micro Devices, Inc. All Rights Reserved.
---------------------------------------------------------------------------------------------------------------------------------------------------------------------------------------------------
| Tool Version      : Vivado v.2024.2 (lin64) Build 5239630 Fri Nov 08 22:34:34 MST 2024
| Date              : Sat Sep 12 21:25:49 2026
| Host              : duong-nguyen-hieu-ThinkPad-T14p-Gen-2 running 64-bit Ubuntu 24.04.4 LTS
| Command           : report_timing -delay_type max -max_paths 10 -path_type full_clock_expanded -file results/phase7b/p2_baseline/timing_paths_detailed.rpt
| Design            : full_rdo_pway
| Device            : xck26-sfvc784
| Speed File        : -2LV  PRODUCTION 1.30 05-15-2022
| Design State      : Routed
| Temperature Grade : C
---------------------------------------------------------------------------------------------------------------------------------------------------------------------------------------------------

Timing Report

Slack (VIOLATED) :        -64.653ns  (required time - arrival time)
  Source:                 launched_count_reg[1]_replica_10/C
                            (rising edge-triggered cell FDRE clocked by chia_rdo_clk  {rise@0.000ns fall@2.500ns period=5.000ns})
  Destination:            candidate_lanes[1].lane_pe/out_distortion_reg[31]/D
                            (rising edge-triggered cell FDRE clocked by chia_rdo_clk  {rise@0.000ns fall@2.500ns period=5.000ns})
  Path Group:             chia_rdo_clk
  Path Type:              Setup (Max at Slow Process Corner)
  Requirement:            5.000ns  (chia_rdo_clk rise@5.000ns - chia_rdo_clk rise@0.000ns)
  Data Path Delay:        69.648ns  (logic 35.610ns (51.129%)  route 34.038ns (48.871%))
  Logic Levels:           175  (CARRY8=69 DSP_A_B_DATA=5 DSP_ALU=10 DSP_M_DATA=4 DSP_MULTIPLIER=4 DSP_OUTPUT=10 DSP_PREADD_DATA=4 LUT1=1 LUT2=9 LUT3=13 LUT4=10 LUT5=14 LUT6=21 MUXF7=1)
  Clock Path Skew:        -0.014ns (DCD - SCD + CPR)
    Destination Clock Delay (DCD):    0.029ns = ( 5.029 - 5.000 ) 
    Source Clock Delay      (SCD):    0.043ns
    Clock Pessimism Removal (CPR):    0.000ns
  Clock Uncertainty:      0.035ns  ((TSJ^2 + TIJ^2)^1/2 + DJ) / 2 + PE
    Total System Jitter     (TSJ):    0.071ns
    Total Input Jitter      (TIJ):    0.000ns
    Discrete Jitter          (DJ):    0.000ns
    Phase Error              (PE):    0.000ns

    Location             Delay type                Incr(ns)  Path(ns)    Netlist Resource(s)
  -------------------------------------------------------------------    -------------------
                         (clock chia_rdo_clk rise edge)
                                                      0.000     0.000 r  
                                                      0.000     0.000 r  clk (IN)
                         net (fo=1936, unset)         0.043     0.043    clk
    SLICE_X31Y208        FDRE                                         r  launched_count_reg[1]_replica_10/C
  -------------------------------------------------------------------    -------------------
    SLICE_X31Y208        FDRE (Prop_GFF_SLICEM_C_Q)
                                                      0.116     0.159 r  launched_count_reg[1]_replica_10/Q
                         net (fo=6, routed)           0.133     0.292    candidate_lanes[1].lane_pe/rd_cost/p_4_in[1]_repN_10_alias
    SLICE_X31Y209        LUT3 (Prop_B6LUT_SLICEM_I1_O)
                                                      0.188     0.480 r  candidate_lanes[1].lane_pe/rd_cost/multi_stage.rate_stage00_i_237__0/O
                         net (fo=6, routed)           0.242     0.722    candidate_lanes[1].lane_pe/rd_cost/launched_count_reg[2]_0
    SLICE_X31Y208        LUT6 (Prop_G6LUT_SLICEM_I2_O)
                                                      0.152     0.874 f  candidate_lanes[1].lane_pe/rd_cost/multi_stage.rate_stage00_i_88/O
                         net (fo=1, routed)           0.141     1.015    candidate_lanes[1].lane_pe/rd_cost/multi_stage.rate_stage00_i_88_n_0
    SLICE_X31Y208        CARRY8 (Prop_CARRY8_SLICEM_DI[2]_CO[3])
                                                      0.190     1.205 f  candidate_lanes[1].lane_pe/rd_cost/multi_stage.rate_stage00_i_26__0/CO[3]
                         net (fo=53, routed)          0.313     1.518    candidate_lanes[1].lane_pe/codec/mode_reg_reg[0][0]
    SLICE_X31Y208        LUT6 (Prop_H6LUT_SLICEM_I4_O)
                                                      0.084     1.602 r  candidate_lanes[1].lane_pe/codec/multi_stage.rate_stage00_i_240__0/O
                         net (fo=3, routed)           0.139     1.741    candidate_lanes[1].lane_pe/codec/launched_count_reg[3]_1
    SLICE_X32Y208        LUT6 (Prop_H6LUT_SLICEM_I0_O)
                                                      0.189     1.930 r  candidate_lanes[1].lane_pe/codec/multi_stage.rate_stage00_i_98/O
                         net (fo=70, routed)          0.448     2.378    candidate_lanes[1].lane_pe/codec/launched_count_reg[3]_0
    SLICE_X32Y220        LUT5 (Prop_G6LUT_SLICEM_I1_O)
                                                      0.226     2.604 f  candidate_lanes[1].lane_pe/codec/mode_reg[5]_i_33/O
                         net (fo=2, routed)           0.059     2.663    candidate_lanes[1].lane_pe/codec/mode_reg[5]_i_33_n_0
    SLICE_X32Y220        LUT6 (Prop_E6LUT_SLICEM_I0_O)
                                                      0.152     2.815 f  candidate_lanes[1].lane_pe/codec/mode_reg[5]_i_14/O
                         net (fo=1, routed)           0.200     3.015    candidate_lanes[1].lane_pe/codec/mode_reg[5]_i_14_n_0
    SLICE_X32Y214        LUT6 (Prop_C6LUT_SLICEM_I0_O)
                                                      0.220     3.235 f  candidate_lanes[1].lane_pe/codec/mode_reg[5]_i_4/O
                         net (fo=7, routed)           0.405     3.641    candidate_lanes[1].lane_pe/codec/mode_reg[5]_i_4_n_0
    SLICE_X32Y208        LUT6 (Prop_F6LUT_SLICEM_I5_O)
                                                      0.149     3.790 f  candidate_lanes[1].lane_pe/codec/mode_reg[5]_i_1/O
                         net (fo=130, routed)         0.120     3.909    candidate_lanes[1].lane_pe/codec/launched_count_reg[1]_0
    SLICE_X32Y209        LUT5 (Prop_E6LUT_SLICEM_I0_O)
                                                      0.187     4.096 r  candidate_lanes[1].lane_pe/codec/angular_temporary1__14_i_9/O
                         net (fo=110, routed)         0.270     4.366    candidate_lanes[1].lane_pe/codec/angular_temporary1_i_49_n_0
    SLICE_X31Y207        LUT5 (Prop_H6LUT_SLICEM_I3_O)
                                                      0.154     4.520 r  candidate_lanes[1].lane_pe/codec/angular_temporary1_i_45/O
                         net (fo=1, routed)           0.145     4.665    candidate_lanes[1].lane_pe/codec/angular_temporary1_i_45_n_0
    SLICE_X31Y207        CARRY8 (Prop_CARRY8_SLICEM_DI[5]_CO[6])
                                                      0.120     4.785 r  candidate_lanes[1].lane_pe/codec/angular_temporary1_i_16/CO[6]
                         net (fo=144, routed)         0.185     4.970    candidate_lanes[1].lane_pe/codec/angular_temporary1_i_16_n_1
    SLICE_X31Y206        LUT5 (Prop_E6LUT_SLICEM_I0_O)
                                                      0.057     5.027 r  candidate_lanes[1].lane_pe/codec/angular_temporary3__3_i_2/O
                         net (fo=77, routed)          0.296     5.322    candidate_lanes[1].lane_pe/codec/angular_temporary3__3_i_2_n_0
    SLICE_X31Y203        LUT2 (Prop_A6LUT_SLICEM_I0_O)
                                                      0.138     5.460 r  candidate_lanes[1].lane_pe/codec/angular_temporary1__5_i_89/O
                         net (fo=1, routed)           0.017     5.477    candidate_lanes[1].lane_pe/codec/angular_temporary1__5_i_89_n_0
    SLICE_X31Y203        CARRY8 (Prop_CARRY8_SLICEM_S[0]_CO[7])
                                                      0.281     5.758 r  candidate_lanes[1].lane_pe/codec/angular_temporary1__5_i_50/CO[7]
                         net (fo=1, routed)           0.030     5.788    candidate_lanes[1].lane_pe/codec/angular_temporary1__5_i_50_n_0
    SLICE_X31Y204        CARRY8 (Prop_CARRY8_SLICEM_CI_CO[7])
                                                      0.073     5.861 r  candidate_lanes[1].lane_pe/codec/angular_temporary1__5_i_31/CO[7]
                         net (fo=58, routed)          0.607     6.468    candidate_lanes[1].lane_pe/codec/angular_temporary1__5_i_31_n_0
    SLICE_X41Y192        LUT6 (Prop_D6LUT_SLICEM_I0_O)
                                                      0.151     6.619 r  candidate_lanes[1].lane_pe/codec/angular_temporary1__9_i_119/O
                         net (fo=1, routed)           0.297     6.916    candidate_lanes[1].lane_pe/codec/angular_temporary1__9_i_119_n_0
    SLICE_X41Y193        CARRY8 (Prop_CARRY8_SLICEM_DI[0]_CO[7])
                                                      0.196     7.112 r  candidate_lanes[1].lane_pe/codec/angular_temporary1__9_i_65/CO[7]
                         net (fo=1, routed)           0.030     7.142    candidate_lanes[1].lane_pe/codec/angular_temporary1__9_i_65_n_0
    SLICE_X41Y194        CARRY8 (Prop_CARRY8_SLICEM_CI_O[0])
                                                      0.078     7.220 r  candidate_lanes[1].lane_pe/codec/angular_temporary1__9_i_45/O[0]
                         net (fo=18, routed)          0.277     7.497    candidate_lanes[1].lane_pe/codec/angular_temporary1__9_i_45_n_15
    SLICE_X42Y193        LUT4 (Prop_F6LUT_SLICEL_I0_O)
                                                      0.136     7.633 r  candidate_lanes[1].lane_pe/codec/angular_temporary3__1_i_123/O
                         net (fo=1, routed)           0.284     7.917    candidate_lanes[1].lane_pe/codec/inverse_angle_sum[8]
    SLICE_X42Y193        CARRY8 (Prop_CARRY8_SLICEL_DI[0]_O[2])
                                                      0.156     8.073 r  candidate_lanes[1].lane_pe/codec/angular_temporary3__1_i_69/O[2]
                         net (fo=32, routed)          0.518     8.591    candidate_lanes[1].lane_pe/codec/sel0[2]
    SLICE_X44Y189        LUT6 (Prop_B6LUT_SLICEL_I2_O)
                                                      0.224     8.815 f  candidate_lanes[1].lane_pe/codec/angular_temporary3__1_i_142/O
                         net (fo=1, routed)           0.377     9.192    candidate_lanes[1].lane_pe/codec/angular_temporary3__1_i_142_n_0
    SLICE_X42Y185        LUT6 (Prop_A6LUT_SLICEL_I5_O)
                                                      0.152     9.344 f  candidate_lanes[1].lane_pe/codec/angular_temporary3__1_i_86/O
                         net (fo=1, routed)           0.113     9.457    candidate_lanes[1].lane_pe/codec/angular_temporary3__1_i_86_n_0
    SLICE_X42Y185        LUT6 (Prop_D6LUT_SLICEL_I5_O)
                                                      0.136     9.593 f  candidate_lanes[1].lane_pe/codec/angular_temporary3__1_i_44/O
                         net (fo=1, routed)           0.341     9.934    candidate_lanes[1].lane_pe/codec/angular_temporary3__1_i_44_n_0
    SLICE_X34Y180        LUT6 (Prop_G6LUT_SLICEM_I4_O)
                                                      0.137    10.071 f  candidate_lanes[1].lane_pe/codec/angular_temporary3__1_i_16/O
                         net (fo=1, routed)           0.021    10.092    candidate_lanes[1].lane_pe/codec/angular_temporary3__1_i_16_n_0
    SLICE_X34Y180        MUXF7 (Prop_F7MUX_GH_SLICEM_I1_O)
                                                      0.102    10.194 f  candidate_lanes[1].lane_pe/codec/angular_temporary3__1_i_4/O
                         net (fo=3, routed)           0.264    10.457    candidate_lanes[1].lane_pe/codec/angular_temporary3__1/A[4]
    DSP48E2_X8Y72        DSP_A_B_DATA (Prop_DSP_A_B_DATA_DSP48E2_A[4]_A2_DATA[4])
                                                      0.258    10.715 r  candidate_lanes[1].lane_pe/codec/angular_temporary3__1/DSP_A_B_DATA_INST/A2_DATA[4]
                         net (fo=1, routed)           0.000    10.715    candidate_lanes[1].lane_pe/codec/angular_temporary3__1/DSP_A_B_DATA.A2_DATA<4>
    DSP48E2_X8Y72        DSP_PREADD_DATA (Prop_DSP_PREADD_DATA_DSP48E2_A2_DATA[4]_A2A1[4])
                                                      0.114    10.829 r  candidate_lanes[1].lane_pe/codec/angular_temporary3__1/DSP_PREADD_DATA_INST/A2A1[4]
                         net (fo=1, routed)           0.000    10.829    candidate_lanes[1].lane_pe/codec/angular_temporary3__1/DSP_PREADD_DATA.A2A1<4>
    DSP48E2_X8Y72        DSP_MULTIPLIER (Prop_DSP_MULTIPLIER_DSP48E2_A2A1[4]_U[25])
                                                      0.700    11.529 f  candidate_lanes[1].lane_pe/codec/angular_temporary3__1/DSP_MULTIPLIER_INST/U[25]
                         net (fo=1, routed)           0.000    11.529    candidate_lanes[1].lane_pe/codec/angular_temporary3__1/DSP_MULTIPLIER.U<25>
    DSP48E2_X8Y72        DSP_M_DATA (Prop_DSP_M_DATA_DSP48E2_U[25]_U_DATA[25])
                                                      0.067    11.596 r  candidate_lanes[1].lane_pe/codec/angular_temporary3__1/DSP_M_DATA_INST/U_DATA[25]
                         net (fo=1, routed)           0.000    11.596    candidate_lanes[1].lane_pe/codec/angular_temporary3__1/DSP_M_DATA.U_DATA<25>
    DSP48E2_X8Y72        DSP_ALU (Prop_DSP_ALU_DSP48E2_U_DATA[25]_ALU_OUT[47])
                                                      0.727    12.323 f  candidate_lanes[1].lane_pe/codec/angular_temporary3__1/DSP_ALU_INST/ALU_OUT[47]
                         net (fo=1, routed)           0.000    12.323    candidate_lanes[1].lane_pe/codec/angular_temporary3__1/DSP_ALU.ALU_OUT<47>
    DSP48E2_X8Y72        DSP_OUTPUT (Prop_DSP_OUTPUT_DSP48E2_ALU_OUT[47]_PCOUT[47])
                                                      0.167    12.490 r  candidate_lanes[1].lane_pe/codec/angular_temporary3__1/DSP_OUTPUT_INST/PCOUT[47]
                         net (fo=1, routed)           0.014    12.504    candidate_lanes[1].lane_pe/codec/angular_temporary3__2/PCIN[47]
    DSP48E2_X8Y73        DSP_ALU (Prop_DSP_ALU_DSP48E2_PCIN[47]_ALU_OUT[14])
                                                      0.739    13.243 r  candidate_lanes[1].lane_pe/codec/angular_temporary3__2/DSP_ALU_INST/ALU_OUT[14]
                         net (fo=1, routed)           0.000    13.243    candidate_lanes[1].lane_pe/codec/angular_temporary3__2/DSP_ALU.ALU_OUT<14>
    DSP48E2_X8Y73        DSP_OUTPUT (Prop_DSP_OUTPUT_DSP48E2_ALU_OUT[14]_P[14])
                                                      0.146    13.389 f  candidate_lanes[1].lane_pe/codec/angular_temporary3__2/DSP_OUTPUT_INST/P[14]
                         net (fo=17, routed)          0.732    14.121    candidate_lanes[1].lane_pe/codec/angular_temporary1__1/A[17]
    DSP48E2_X8Y64        DSP_A_B_DATA (Prop_DSP_A_B_DATA_DSP48E2_A[17]_A_ALU[17])
                                                      0.265    14.386 r  candidate_lanes[1].lane_pe/codec/angular_temporary1__1/DSP_A_B_DATA_INST/A_ALU[17]
                         net (fo=1, routed)           0.000    14.386    candidate_lanes[1].lane_pe/codec/angular_temporary1__1/DSP_A_B_DATA.A_ALU<17>
    DSP48E2_X8Y64        DSP_ALU (Prop_DSP_ALU_DSP48E2_A_ALU[17]_ALU_OUT[47])
                                                      0.726    15.112 f  candidate_lanes[1].lane_pe/codec/angular_temporary1__1/DSP_ALU_INST/ALU_OUT[47]
                         net (fo=1, routed)           0.000    15.112    candidate_lanes[1].lane_pe/codec/angular_temporary1__1/DSP_ALU.ALU_OUT<47>
    DSP48E2_X8Y64        DSP_OUTPUT (Prop_DSP_OUTPUT_DSP48E2_ALU_OUT[47]_PCOUT[47])
                                                      0.167    15.279 r  candidate_lanes[1].lane_pe/codec/angular_temporary1__1/DSP_OUTPUT_INST/PCOUT[47]
                         net (fo=1, routed)           0.014    15.293    candidate_lanes[1].lane_pe/codec/angular_temporary1__2/PCIN[47]
    DSP48E2_X8Y65        DSP_ALU (Prop_DSP_ALU_DSP48E2_PCIN[47]_ALU_OUT[7])
                                                      0.739    16.032 f  candidate_lanes[1].lane_pe/codec/angular_temporary1__2/DSP_ALU_INST/ALU_OUT[7]
                         net (fo=1, routed)           0.000    16.032    candidate_lanes[1].lane_pe/codec/angular_temporary1__2/DSP_ALU.ALU_OUT<7>
    DSP48E2_X8Y65        DSP_OUTPUT (Prop_DSP_OUTPUT_DSP48E2_ALU_OUT[7]_P[7])
                                                      0.146    16.178 r  candidate_lanes[1].lane_pe/codec/angular_temporary1__2/DSP_OUTPUT_INST/P[7]
                         net (fo=2, routed)           0.397    16.575    candidate_lanes[1].lane_pe/codec/angular_temporary1__2_n_98
    SLICE_X33Y155        LUT3 (Prop_A6LUT_SLICEL_I0_O)
                                                      0.225    16.800 r  candidate_lanes[1].lane_pe/codec/i___1_i_267/O
                         net (fo=2, routed)           0.098    16.898    candidate_lanes[1].lane_pe/codec/i___1_i_267_n_0
    SLICE_X32Y155        LUT6 (Prop_C6LUT_SLICEM_I0_O)
                                                      0.149    17.047 r  candidate_lanes[1].lane_pe/codec/i___1_i_275/O
                         net (fo=1, routed)           0.029    17.076    candidate_lanes[1].lane_pe/codec/i___1_i_275_n_0
    SLICE_X32Y155        CARRY8 (Prop_CARRY8_SLICEM_S[2]_CO[7])
                                                      0.229    17.305 r  candidate_lanes[1].lane_pe/codec/i___1_i_191/CO[7]
                         net (fo=1, routed)           0.030    17.335    candidate_lanes[1].lane_pe/codec/i___1_i_191_n_0
    SLICE_X32Y156        CARRY8 (Prop_CARRY8_SLICEM_CI_CO[7])
                                                      0.065    17.400 r  candidate_lanes[1].lane_pe/codec/i___283_i_72/CO[7]
                         net (fo=1, routed)           0.030    17.430    candidate_lanes[1].lane_pe/codec/i___283_i_72_n_0
    SLICE_X32Y157        CARRY8 (Prop_CARRY8_SLICEM_CI_CO[7])
                                                      0.065    17.495 r  candidate_lanes[1].lane_pe/codec/i___283_i_70/CO[7]
                         net (fo=1, routed)           0.030    17.525    candidate_lanes[1].lane_pe/codec/i___283_i_70_n_0
    SLICE_X32Y158        CARRY8 (Prop_CARRY8_SLICEM_CI_O[2])
                                                      0.093    17.618 f  candidate_lanes[1].lane_pe/codec/i___111_i_30/O[2]
                         net (fo=3, routed)           0.290    17.908    candidate_lanes[1].lane_pe/codec/i___111_i_30_n_13
    SLICE_X33Y157        LUT2 (Prop_B6LUT_SLICEL_I1_O)
                                                      0.224    18.132 r  candidate_lanes[1].lane_pe/codec/i___111_i_35/O
                         net (fo=1, routed)           0.013    18.145    candidate_lanes[1].lane_pe/codec/i___111_i_35_n_0
    SLICE_X33Y157        CARRY8 (Prop_CARRY8_SLICEL_S[1]_CO[3])
                                                      0.250    18.395 r  candidate_lanes[1].lane_pe/codec/i___111_i_29/CO[3]
                         net (fo=27, routed)          0.251    18.646    candidate_lanes[1].lane_pe/codec/i___111_i_29_n_4
    SLICE_X33Y154        LUT3 (Prop_A6LUT_SLICEL_I1_O)
                                                      0.058    18.704 r  candidate_lanes[1].lane_pe/codec/i___1_i_138/O
                         net (fo=1, routed)           0.050    18.754    candidate_lanes[1].lane_pe/codec/i___1_i_138_n_0
    SLICE_X33Y154        LUT5 (Prop_B6LUT_SLICEL_I0_O)
                                                      0.138    18.892 r  candidate_lanes[1].lane_pe/codec/i___1_i_70__4/O
                         net (fo=2, routed)           0.403    19.295    candidate_lanes[1].lane_pe/codec/angular_temporary1_out[3]
    SLICE_X32Y143        LUT5 (Prop_H6LUT_SLICEM_I2_O)
                                                      0.154    19.449 r  candidate_lanes[1].lane_pe/codec/i___1_i_33__4/O
                         net (fo=2, routed)           0.514    19.963    candidate_lanes[1].lane_pe/codec/i___1_i_33__4_n_0
    SLICE_X29Y125        LUT5 (Prop_D6LUT_SLICEM_I4_O)
                                                      0.185    20.148 r  candidate_lanes[1].lane_pe/codec/i___1_i_8__6/O
                         net (fo=1, routed)           0.032    20.180    candidate_lanes[1].lane_pe/codec/i___1_i_8__6_n_0
    SLICE_X29Y125        CARRY8 (Prop_CARRY8_SLICEM_S[3]_O[5])
                                                      0.262    20.442 r  candidate_lanes[1].lane_pe/codec/i___1_i_1__0/O[5]
                         net (fo=25, routed)          0.525    20.967    candidate_lanes[1].lane_pe/codec/codec_residual[32]
    SLICE_X31Y103        LUT2 (Prop_F6LUT_SLICEM_I1_O)
                                                      0.224    21.191 r  candidate_lanes[1].lane_pe/codec/i___4/i___280/O
                         net (fo=1, routed)           0.029    21.220    candidate_lanes[1].lane_pe/codec/i___4/i___280_n_0
    SLICE_X31Y103        CARRY8 (Prop_CARRY8_SLICEM_S[5]_CO[7])
                                                      0.238    21.458 r  candidate_lanes[1].lane_pe/codec/(null)[0].value4__5_i_397/CO[7]
                         net (fo=1, routed)           0.030    21.488    candidate_lanes[1].lane_pe/codec/(null)[0].value4__5_i_397_n_0
    SLICE_X31Y104        CARRY8 (Prop_CARRY8_SLICEM_CI_O[0])
                                                      0.078    21.566 r  candidate_lanes[1].lane_pe/codec/(null)[0].value4__5_i_715/O[0]
                         net (fo=3, routed)           0.228    21.794    candidate_lanes[1].lane_pe/codec/(null)[0].value4__5_i_715_n_15
    SLICE_X30Y102        LUT4 (Prop_D6LUT_SLICEL_I3_O)
                                                      0.185    21.979 r  candidate_lanes[1].lane_pe/codec/(null)[0].value4__5_i_575/O
                         net (fo=1, routed)           0.013    21.992    candidate_lanes[1].lane_pe/codec/(null)[0].value4__5_i_575_n_0
    SLICE_X30Y102        CARRY8 (Prop_CARRY8_SLICEL_S[3]_O[4])
                                                      0.208    22.200 r  candidate_lanes[1].lane_pe/codec/(null)[0].value4__5_i_393/O[4]
                         net (fo=3, routed)           0.343    22.542    candidate_lanes[1].lane_pe/codec/(null)[0].value4__5_i_393_n_11
    SLICE_X32Y103        LUT3 (Prop_E6LUT_SLICEM_I0_O)
                                                      0.138    22.680 r  candidate_lanes[1].lane_pe/codec/(null)[0].value4__5_i_693/O
                         net (fo=2, routed)           0.211    22.891    candidate_lanes[1].lane_pe/codec/(null)[0].value4__5_i_693_n_0
    SLICE_X32Y103        LUT5 (Prop_H6LUT_SLICEM_I1_O)
                                                      0.228    23.119 r  candidate_lanes[1].lane_pe/codec/(null)[0].value4__5_i_484/O
                         net (fo=2, routed)           0.466    23.586    candidate_lanes[1].lane_pe/codec/(null)[0].value4__5_i_484_n_0
    SLICE_X34Y101        LUT6 (Prop_B6LUT_SLICEM_I0_O)
                                                      0.152    23.738 r  candidate_lanes[1].lane_pe/codec/(null)[0].value4__5_i_492/O
                         net (fo=1, routed)           0.022    23.760    candidate_lanes[1].lane_pe/codec/(null)[0].value4__5_i_492_n_0
    SLICE_X34Y101        CARRY8 (Prop_CARRY8_SLICEM_S[1]_O[5])
                                                      0.333    24.093 r  candidate_lanes[1].lane_pe/codec/(null)[0].value4__5_i_377/O[5]
                         net (fo=27, routed)          1.669    25.761    candidate_lanes[1].lane_pe/codec/(null)[0].value4__5_i_377_n_10
    SLICE_X10Y56         LUT2 (Prop_E6LUT_SLICEM_I0_O)
                                                      0.223    25.984 r  candidate_lanes[1].lane_pe/codec/(null)[0].value4__1__1_i_452/O
                         net (fo=1, routed)           0.018    26.002    candidate_lanes[1].lane_pe/codec/(null)[0].value4__1__1_i_452_n_0
    SLICE_X10Y56         CARRY8 (Prop_CARRY8_SLICEM_S[4]_CO[7])
                                                      0.236    26.238 r  candidate_lanes[1].lane_pe/codec/(null)[0].value4__1__1_i_318/CO[7]
                         net (fo=1, routed)           0.030    26.268    candidate_lanes[1].lane_pe/codec/(null)[0].value4__1__1_i_318_n_0
    SLICE_X10Y57         CARRY8 (Prop_CARRY8_SLICEM_CI_O[1])
                                                      0.106    26.374 r  candidate_lanes[1].lane_pe/codec/(null)[0].value4__1__1_i_317/O[1]
                         net (fo=3, routed)           0.333    26.707    candidate_lanes[1].lane_pe/codec/(null)[0].value4__1__1_i_317_n_14
    SLICE_X9Y55          LUT4 (Prop_H6LUT_SLICEL_I2_O)
                                                      0.188    26.895 r  candidate_lanes[1].lane_pe/codec/(null)[0].value4__1__1_i_214/O
                         net (fo=1, routed)           0.015    26.910    candidate_lanes[1].lane_pe/codec/(null)[0].value4__1__1_i_214_n_0
    SLICE_X9Y55          CARRY8 (Prop_CARRY8_SLICEL_S[7]_CO[7])
                                                      0.172    27.082 r  candidate_lanes[1].lane_pe/codec/(null)[0].value4__1__1_i_90/CO[7]
                         net (fo=1, routed)           0.030    27.112    candidate_lanes[1].lane_pe/codec/(null)[0].value4__1__1_i_90_n_0
    SLICE_X9Y56          CARRY8 (Prop_CARRY8_SLICEL_CI_O[0])
                                                      0.078    27.190 r  candidate_lanes[1].lane_pe/codec/clip164__3__0_i_109/O[0]
                         net (fo=3, routed)           0.339    27.529    candidate_lanes[1].lane_pe/codec/transformed51_in__1[19]
    SLICE_X10Y54         LUT5 (Prop_G6LUT_SLICEM_I3_O)
                                                      0.137    27.666 r  candidate_lanes[1].lane_pe/codec/(null)[0].value4__1__1_i_123/O
                         net (fo=2, routed)           0.289    27.955    candidate_lanes[1].lane_pe/codec/(null)[0].value4__1__1_i_123_n_0
    SLICE_X8Y55          LUT6 (Prop_H6LUT_SLICEM_I5_O)
                                                      0.060    28.015 r  candidate_lanes[1].lane_pe/codec/(null)[0].value4__1__1_i_48/O
                         net (fo=2, routed)           0.167    28.183    candidate_lanes[1].lane_pe/codec/(null)[0].value4__1__1_i_48_n_0
    SLICE_X8Y53          LUT3 (Prop_F6LUT_SLICEM_I0_O)
                                                      0.149    28.332 r  candidate_lanes[1].lane_pe/codec/(null)[0].value4__1__1_i_56/O
                         net (fo=1, routed)           0.029    28.361    candidate_lanes[1].lane_pe/codec/(null)[0].value4__1__1_i_56_n_0
    SLICE_X8Y53          CARRY8 (Prop_CARRY8_SLICEM_S[5]_CO[7])
                                                      0.238    28.599 r  candidate_lanes[1].lane_pe/codec/(null)[0].value4__1__1_i_19/CO[7]
                         net (fo=1, routed)           0.030    28.629    candidate_lanes[1].lane_pe/codec/(null)[0].value4__1__1_i_19_n_0
    SLICE_X8Y54          CARRY8 (Prop_CARRY8_SLICEM_CI_O[0])
                                                      0.078    28.707 f  candidate_lanes[1].lane_pe/codec/clip164__3__0_i_19/O[0]
                         net (fo=2, routed)           0.500    29.206    candidate_lanes[1].lane_pe/codec/codec_transformed__0[112]
    SLICE_X9Y43          LUT1 (Prop_H6LUT_SLICEL_I0_O)
                                                      0.083    29.289 r  candidate_lanes[1].lane_pe/codec/(null)[0].value4__1__1_i_38/O
                         net (fo=1, routed)           0.015    29.304    candidate_lanes[1].lane_pe/codec/(null)[0].value4__1__1_i_38_n_0
    SLICE_X9Y43          CARRY8 (Prop_CARRY8_SLICEL_S[7]_O[7])
                                                      0.079    29.383 f  candidate_lanes[1].lane_pe/codec/i_/(null)[0].value4__1__1_i_18/O[7]
                         net (fo=1, routed)           0.228    29.611    candidate_lanes[1].lane_pe/codec/i_/(null)[0].value4__1__1_i_18_n_8
    SLICE_X10Y43         LUT3 (Prop_H6LUT_SLICEM_I0_O)
                                                      0.228    29.839 f  candidate_lanes[1].lane_pe/codec/(null)[0].value4__1__1_i_1/O
                         net (fo=1, routed)           0.388    30.227    candidate_lanes[1].lane_pe/codec/(null)[0].value4__1__1/A[16]
    DSP48E2_X3Y16        DSP_A_B_DATA (Prop_DSP_A_B_DATA_DSP48E2_A[16]_A2_DATA[16])
                                                      0.258    30.485 r  candidate_lanes[1].lane_pe/codec/(null)[0].value4__1__1/DSP_A_B_DATA_INST/A2_DATA[16]
                         net (fo=1, routed)           0.000    30.485    candidate_lanes[1].lane_pe/codec/(null)[0].value4__1__1/DSP_A_B_DATA.A2_DATA<16>
    DSP48E2_X3Y16        DSP_PREADD_DATA (Prop_DSP_PREADD_DATA_DSP48E2_A2_DATA[16]_A2A1[16])
                                                      0.114    30.599 r  candidate_lanes[1].lane_pe/codec/(null)[0].value4__1__1/DSP_PREADD_DATA_INST/A2A1[16]
                         net (fo=1, routed)           0.000    30.599    candidate_lanes[1].lane_pe/codec/(null)[0].value4__1__1/DSP_PREADD_DATA.A2A1<16>
    DSP48E2_X3Y16        DSP_MULTIPLIER (Prop_DSP_MULTIPLIER_DSP48E2_A2A1[16]_U[36])
                                                      0.700    31.299 f  candidate_lanes[1].lane_pe/codec/(null)[0].value4__1__1/DSP_MULTIPLIER_INST/U[36]
                         net (fo=1, routed)           0.000    31.299    candidate_lanes[1].lane_pe/codec/(null)[0].value4__1__1/DSP_MULTIPLIER.U<36>
    DSP48E2_X3Y16        DSP_M_DATA (Prop_DSP_M_DATA_DSP48E2_U[36]_U_DATA[36])
                                                      0.067    31.366 r  candidate_lanes[1].lane_pe/codec/(null)[0].value4__1__1/DSP_M_DATA_INST/U_DATA[36]
                         net (fo=1, routed)           0.000    31.366    candidate_lanes[1].lane_pe/codec/(null)[0].value4__1__1/DSP_M_DATA.U_DATA<36>
    DSP48E2_X3Y16        DSP_ALU (Prop_DSP_ALU_DSP48E2_U_DATA[36]_ALU_OUT[47])
                                                      0.727    32.093 f  candidate_lanes[1].lane_pe/codec/(null)[0].value4__1__1/DSP_ALU_INST/ALU_OUT[47]
                         net (fo=1, routed)           0.000    32.093    candidate_lanes[1].lane_pe/codec/(null)[0].value4__1__1/DSP_ALU.ALU_OUT<47>
    DSP48E2_X3Y16        DSP_OUTPUT (Prop_DSP_OUTPUT_DSP48E2_ALU_OUT[47]_PCOUT[47])
                                                      0.167    32.260 r  candidate_lanes[1].lane_pe/codec/(null)[0].value4__1__1/DSP_OUTPUT_INST/PCOUT[47]
                         net (fo=1, routed)           0.014    32.274    candidate_lanes[1].lane_pe/codec/(null)[0].value4__2__1/PCIN[47]
    DSP48E2_X3Y17        DSP_ALU (Prop_DSP_ALU_DSP48E2_PCIN[47]_ALU_OUT[3])
                                                      0.739    33.013 f  candidate_lanes[1].lane_pe/codec/(null)[0].value4__2__1/DSP_ALU_INST/ALU_OUT[3]
                         net (fo=1, routed)           0.000    33.013    candidate_lanes[1].lane_pe/codec/(null)[0].value4__2__1/DSP_ALU.ALU_OUT<3>
    DSP48E2_X3Y17        DSP_OUTPUT (Prop_DSP_OUTPUT_DSP48E2_ALU_OUT[3]_P[3])
                                                      0.146    33.159 r  candidate_lanes[1].lane_pe/codec/(null)[0].value4__2__1/DSP_OUTPUT_INST/P[3]
                         net (fo=2, routed)           0.373    33.532    candidate_lanes[1].lane_pe/codec/(null)[0].value4__2__1_n_102
    SLICE_X12Y42         LUT6 (Prop_E6LUT_SLICEM_I5_O)
                                                      0.223    33.755 r  candidate_lanes[1].lane_pe/codec/clip164__3__0_i_181/O
                         net (fo=1, routed)           0.018    33.773    candidate_lanes[1].lane_pe/codec/clip164__3__0_i_181_n_0
    SLICE_X12Y42         CARRY8 (Prop_CARRY8_SLICEM_S[4]_CO[7])
                                                      0.236    34.009 r  candidate_lanes[1].lane_pe/codec/i_/clip164__3__0_i_93/CO[7]
                         net (fo=1, routed)           0.030    34.039    candidate_lanes[1].lane_pe/codec/i_/clip164__3__0_i_93_n_0
    SLICE_X12Y43         CARRY8 (Prop_CARRY8_SLICEM_CI_O[1])
                                                      0.106    34.145 f  candidate_lanes[1].lane_pe/codec/i_/clip164__3__0_i_75/O[1]
                         net (fo=4, routed)           0.935    35.080    candidate_lanes[1].lane_pe/codec/i_/clip164__3__0_i_75_n_14
    SLICE_X8Y64          LUT4 (Prop_D6LUT_SLICEM_I3_O)
                                                      0.080    35.160 r  candidate_lanes[1].lane_pe/codec/clip164__3__0_i_94/O
                         net (fo=1, routed)           0.200    35.360    candidate_lanes[1].lane_pe/codec/clip164__3__0_i_94_n_0
    SLICE_X5Y64          LUT5 (Prop_D6LUT_SLICEM_I4_O)
                                                      0.220    35.580 r  candidate_lanes[1].lane_pe/codec/clip164__3__0_i_38/O
                         net (fo=2, routed)           0.304    35.884    candidate_lanes[1].lane_pe/codec/clip164__3__0_i_85_n_0
    SLICE_X4Y66          CARRY8 (Prop_CARRY8_SLICEM_S[0]_CO[7])
                                                      0.281    36.165 r  candidate_lanes[1].lane_pe/codec/i_/clip164__3__0_i_30/CO[7]
                         net (fo=1, routed)           0.030    36.195    candidate_lanes[1].lane_pe/codec/i_/clip164__3__0_i_30_n_0
    SLICE_X4Y67          CARRY8 (Prop_CARRY8_SLICEM_CI_CO[7])
                                                      0.065    36.260 r  candidate_lanes[1].lane_pe/codec/i_/clip164__3__0_i_18/CO[7]
                         net (fo=1, routed)           0.030    36.290    candidate_lanes[1].lane_pe/codec/i_/clip164__3__0_i_18_n_0
    SLICE_X4Y68          CARRY8 (Prop_CARRY8_SLICEM_CI_O[5])
                                                      0.161    36.451 f  candidate_lanes[1].lane_pe/codec/i_/clip164__4__0_i_12/O[5]
                         net (fo=1, routed)           0.154    36.605    candidate_lanes[1].lane_pe/codec/i_/clip164__4__0_i_12_n_10
    SLICE_X4Y69          LUT3 (Prop_B6LUT_SLICEM_I0_O)
                                                      0.137    36.742 f  candidate_lanes[1].lane_pe/codec/clip164__4__0_i_14/O
                         net (fo=5, routed)           0.354    37.096    candidate_lanes[1].lane_pe/codec/clip164__4__0_i_14_n_0
    SLICE_X5Y70          LUT6 (Prop_H6LUT_SLICEM_I5_O)
                                                      0.138    37.234 f  candidate_lanes[1].lane_pe/codec/clip164__3__0_i_324/O
                         net (fo=1, routed)           0.262    37.496    candidate_lanes[1].lane_pe/codec/clip164__3__0_i_324_n_0
    SLICE_X4Y70          CARRY8 (Prop_CARRY8_SLICEM_DI[4]_CO[7])
                                                      0.137    37.633 f  candidate_lanes[1].lane_pe/codec/i_/clip164__3__0_i_267/CO[7]
                         net (fo=1, routed)           0.030    37.663    candidate_lanes[1].lane_pe/codec/i_/clip164__3__0_i_267_n_0
    SLICE_X4Y71          CARRY8 (Prop_CARRY8_SLICEM_CI_CO[7])
                                                      0.065    37.728 f  candidate_lanes[1].lane_pe/codec/i_/clip164__3__0_i_143/CO[7]
                         net (fo=1, routed)           0.030    37.758    candidate_lanes[1].lane_pe/codec/i_/clip164__3__0_i_143_n_0
    SLICE_X4Y72          CARRY8 (Prop_CARRY8_SLICEM_CI_CO[7])
                                                      0.065    37.823 f  candidate_lanes[1].lane_pe/codec/i_/clip164__3__0_i_66/CO[7]
                         net (fo=1, routed)           0.030    37.853    candidate_lanes[1].lane_pe/codec/i_/clip164__3__0_i_66_n_0
    SLICE_X4Y73          CARRY8 (Prop_CARRY8_SLICEM_CI_CO[0])
                                                      0.074    37.927 f  candidate_lanes[1].lane_pe/codec/i_/clip164__3__0_i_22/CO[0]
                         net (fo=26, routed)          0.408    38.335    candidate_lanes[1].lane_pe/codec/i_/clip164__3__0_i_22_n_7
    SLICE_X4Y65          LUT5 (Prop_C6LUT_SLICEM_I3_O)
                                                      0.186    38.521 f  candidate_lanes[1].lane_pe/codec/clip164__3__0_i_11/O
                         net (fo=1, routed)           0.354    38.875    candidate_lanes[1].lane_pe/codec/clip164__3__0/A[6]
    DSP48E2_X1Y28        DSP_A_B_DATA (Prop_DSP_A_B_DATA_DSP48E2_A[6]_A2_DATA[6])
                                                      0.258    39.133 r  candidate_lanes[1].lane_pe/codec/clip164__3__0/DSP_A_B_DATA_INST/A2_DATA[6]
                         net (fo=1, routed)           0.000    39.133    candidate_lanes[1].lane_pe/codec/clip164__3__0/DSP_A_B_DATA.A2_DATA<6>
    DSP48E2_X1Y28        DSP_PREADD_DATA (Prop_DSP_PREADD_DATA_DSP48E2_A2_DATA[6]_A2A1[6])
                                                      0.114    39.247 r  candidate_lanes[1].lane_pe/codec/clip164__3__0/DSP_PREADD_DATA_INST/A2A1[6]
                         net (fo=1, routed)           0.000    39.247    candidate_lanes[1].lane_pe/codec/clip164__3__0/DSP_PREADD_DATA.A2A1<6>
    DSP48E2_X1Y28        DSP_MULTIPLIER (Prop_DSP_MULTIPLIER_DSP48E2_A2A1[6]_U[27])
                                                      0.700    39.947 f  candidate_lanes[1].lane_pe/codec/clip164__3__0/DSP_MULTIPLIER_INST/U[27]
                         net (fo=1, routed)           0.000    39.947    candidate_lanes[1].lane_pe/codec/clip164__3__0/DSP_MULTIPLIER.U<27>
    DSP48E2_X1Y28        DSP_M_DATA (Prop_DSP_M_DATA_DSP48E2_U[27]_U_DATA[27])
                                                      0.067    40.014 r  candidate_lanes[1].lane_pe/codec/clip164__3__0/DSP_M_DATA_INST/U_DATA[27]
                         net (fo=1, routed)           0.000    40.014    candidate_lanes[1].lane_pe/codec/clip164__3__0/DSP_M_DATA.U_DATA<27>
    DSP48E2_X1Y28        DSP_ALU (Prop_DSP_ALU_DSP48E2_U_DATA[27]_ALU_OUT[47])
                                                      0.727    40.741 f  candidate_lanes[1].lane_pe/codec/clip164__3__0/DSP_ALU_INST/ALU_OUT[47]
                         net (fo=1, routed)           0.000    40.741    candidate_lanes[1].lane_pe/codec/clip164__3__0/DSP_ALU.ALU_OUT<47>
    DSP48E2_X1Y28        DSP_OUTPUT (Prop_DSP_OUTPUT_DSP48E2_ALU_OUT[47]_PCOUT[47])
                                                      0.167    40.908 r  candidate_lanes[1].lane_pe/codec/clip164__3__0/DSP_OUTPUT_INST/PCOUT[47]
                         net (fo=1, routed)           0.014    40.922    candidate_lanes[1].lane_pe/codec/clip164__4__0/PCIN[47]
    DSP48E2_X1Y29        DSP_ALU (Prop_DSP_ALU_DSP48E2_PCIN[47]_ALU_OUT[5])
                                                      0.739    41.661 r  candidate_lanes[1].lane_pe/codec/clip164__4__0/DSP_ALU_INST/ALU_OUT[5]
                         net (fo=1, routed)           0.000    41.661    candidate_lanes[1].lane_pe/codec/clip164__4__0/DSP_ALU.ALU_OUT<5>
    DSP48E2_X1Y29        DSP_OUTPUT (Prop_DSP_OUTPUT_DSP48E2_ALU_OUT[5]_P[5])
                                                      0.146    41.807 f  candidate_lanes[1].lane_pe/codec/clip164__4__0/DSP_OUTPUT_INST/P[5]
                         net (fo=4, routed)           0.538    42.345    candidate_lanes[1].lane_pe/codec/clip164__4__0_n_100
    SLICE_X3Y73          LUT6 (Prop_B6LUT_SLICEL_I1_O)
                                                      0.152    42.497 f  candidate_lanes[1].lane_pe/codec/i___96_i_148/O
                         net (fo=7, routed)           0.243    42.740    candidate_lanes[1].lane_pe/codec/i___96_i_148_n_0
    SLICE_X4Y75          LUT2 (Prop_F6LUT_SLICEM_I1_O)
                                                      0.224    42.964 r  candidate_lanes[1].lane_pe/codec/i___16_i_721/O
                         net (fo=1, routed)           0.029    42.993    candidate_lanes[1].lane_pe/codec/i___16_i_721_n_0
    SLICE_X4Y75          CARRY8 (Prop_CARRY8_SLICEM_S[5]_CO[7])
                                                      0.238    43.231 r  candidate_lanes[1].lane_pe/codec/i___16_i_543/CO[7]
                         net (fo=1, routed)           0.030    43.261    candidate_lanes[1].lane_pe/codec/i___16_i_543_n_0
    SLICE_X4Y76          CARRY8 (Prop_CARRY8_SLICEM_CI_CO[7])
                                                      0.065    43.326 r  candidate_lanes[1].lane_pe/codec/i___16_i_392/CO[7]
                         net (fo=1, routed)           0.030    43.356    candidate_lanes[1].lane_pe/codec/i___16_i_392_n_0
    SLICE_X4Y77          CARRY8 (Prop_CARRY8_SLICEM_CI_CO[7])
                                                      0.065    43.421 r  candidate_lanes[1].lane_pe/codec/i___16_i_238/CO[7]
                         net (fo=1, routed)           0.030    43.451    candidate_lanes[1].lane_pe/codec/i___16_i_238_n_0
    SLICE_X4Y78          CARRY8 (Prop_CARRY8_SLICEM_CI_CO[0])
                                                      0.074    43.525 r  candidate_lanes[1].lane_pe/codec/i___16_i_109/CO[0]
                         net (fo=250, routed)         0.760    44.285    candidate_lanes[1].lane_pe/codec/clip161__2__0
    SLICE_X3Y104         LUT5 (Prop_F6LUT_SLICEL_I3_O)
                                                      0.187    44.472 r  candidate_lanes[1].lane_pe/codec/i___286_i_78__0/O
                         net (fo=25, routed)          0.285    44.757    candidate_lanes[1].lane_pe/codec/codec_dequantized__1[59]
    SLICE_X5Y102         LUT3 (Prop_A5LUT_SLICEM_I2_O)
                                                      0.225    44.982 r  candidate_lanes[1].lane_pe/codec/i_/i___218_i_69/O
                         net (fo=2, routed)           0.463    45.445    candidate_lanes[1].lane_pe/codec/i_/i___218_i_69_n_0
    SLICE_X5Y102         LUT4 (Prop_B6LUT_SLICEM_I3_O)
                                                      0.152    45.597 r  candidate_lanes[1].lane_pe/codec/i_/i___218_i_77/O
                         net (fo=1, routed)           0.022    45.619    candidate_lanes[1].lane_pe/codec/i_/i___218_i_77_n_0
    SLICE_X5Y102         CARRY8 (Prop_CARRY8_SLICEM_S[1]_O[7])
                                                      0.334    45.953 r  candidate_lanes[1].lane_pe/codec/i_/i___218_i_24/O[7]
                         net (fo=2, routed)           0.613    46.566    candidate_lanes[1].lane_pe/codec/(null)[0].value40_in__0__0[20]
    SLICE_X15Y104        LUT5 (Prop_C6LUT_SLICEL_I0_O)
                                                      0.136    46.702 r  candidate_lanes[1].lane_pe/codec/i___218_i_6__1/O
                         net (fo=2, routed)           0.450    47.152    candidate_lanes[1].lane_pe/codec/i___218_i_6__1_n_0
    SLICE_X14Y102        LUT6 (Prop_E6LUT_SLICEL_I0_O)
                                                      0.223    47.375 r  candidate_lanes[1].lane_pe/codec/i_/i___218_i_14/O
                         net (fo=1, routed)           0.011    47.386    candidate_lanes[1].lane_pe/codec/i_/i___218_i_14_n_0
    SLICE_X14Y102        CARRY8 (Prop_CARRY8_SLICEL_S[4]_CO[7])
                                                      0.232    47.618 r  candidate_lanes[1].lane_pe/codec/i_/i___218_i_2/CO[7]
                         net (fo=1, routed)           0.030    47.648    candidate_lanes[1].lane_pe/codec/i_/i___218_i_2_n_0
    SLICE_X14Y103        CARRY8 (Prop_CARRY8_SLICEL_CI_O[1])
                                                      0.106    47.754 r  candidate_lanes[1].lane_pe/codec/i_/i___221_i_5/O[1]
                         net (fo=1, routed)           0.454    48.208    candidate_lanes[1].lane_pe/codec/i_/i___221_i_5_n_14
    SLICE_X17Y103        CARRY8 (Prop_CARRY8_SLICEM_S[5]_CO[7])
                                                      0.238    48.446 r  candidate_lanes[1].lane_pe/codec/i_/i___218_i_1/CO[7]
                         net (fo=1, routed)           0.030    48.476    candidate_lanes[1].lane_pe/codec/i_/i___218_i_1_n_0
    SLICE_X17Y104        CARRY8 (Prop_CARRY8_SLICEM_CI_CO[3])
                                                      0.082    48.558 r  candidate_lanes[1].lane_pe/codec/i_/i___221_i_2/CO[3]
                         net (fo=103, routed)         0.623    49.181    candidate_lanes[1].lane_pe/codec/i_/i___221_i_2_n_4
    SLICE_X22Y121        LUT2 (Prop_F6LUT_SLICEL_I0_O)
                                                      0.187    49.368 r  candidate_lanes[1].lane_pe/codec/i___221_i_81__0/O
                         net (fo=1, routed)           0.015    49.383    candidate_lanes[1].lane_pe/codec/i___221_i_81__0_n_0
    SLICE_X22Y121        CARRY8 (Prop_CARRY8_SLICEL_S[5]_CO[7])
                                                      0.232    49.615 f  candidate_lanes[1].lane_pe/codec/i_/i___221_i_39/CO[7]
                         net (fo=1, routed)           0.030    49.645    candidate_lanes[1].lane_pe/codec/i_/i___221_i_39_n_0
    SLICE_X22Y122        CARRY8 (Prop_CARRY8_SLICEL_CI_CO[7])
                                                      0.065    49.710 f  candidate_lanes[1].lane_pe/codec/i_/i___221_i_8/CO[7]
                         net (fo=1, routed)           0.030    49.740    candidate_lanes[1].lane_pe/codec/i_/i___221_i_8_n_0
    SLICE_X22Y123        CARRY8 (Prop_CARRY8_SLICEL_CI_CO[7])
                                                      0.065    49.805 f  candidate_lanes[1].lane_pe/codec/i_/i___221_i_4/CO[7]
                         net (fo=1, routed)           0.030    49.835    candidate_lanes[1].lane_pe/codec/i_/i___221_i_4_n_0
    SLICE_X22Y124        CARRY8 (Prop_CARRY8_SLICEL_CI_CO[0])
                                                      0.074    49.909 f  candidate_lanes[1].lane_pe/codec/i_/i___221_i_1/CO[0]
                         net (fo=402, routed)         0.950    50.859    candidate_lanes[1].lane_pe/codec/i_/i___221_i_1_n_7
    SLICE_X23Y138        LUT3 (Prop_B6LUT_SLICEL_I0_O)
                                                      0.138    50.997 r  candidate_lanes[1].lane_pe/codec/i___174_i_2__2/O
                         net (fo=12, routed)          0.199    51.197    candidate_lanes[1].lane_pe/codec/i___91_i_22__0_n_0
    SLICE_X23Y138        LUT4 (Prop_D6LUT_SLICEL_I3_O)
                                                      0.221    51.418 r  candidate_lanes[1].lane_pe/codec/i___1/i___178/O
                         net (fo=1, routed)           0.013    51.431    candidate_lanes[1].lane_pe/codec/i___1/i___178_n_0
    SLICE_X23Y138        CARRY8 (Prop_CARRY8_SLICEL_S[3]_CO[7])
                                                      0.220    51.651 r  candidate_lanes[1].lane_pe/codec/i___91_i_3__0/CO[7]
                         net (fo=1, routed)           0.030    51.681    candidate_lanes[1].lane_pe/codec/i___91_i_3__0_n_0
    SLICE_X23Y139        CARRY8 (Prop_CARRY8_SLICEL_CI_O[3])
                                                      0.114    51.795 r  candidate_lanes[1].lane_pe/codec/i___193_i_1__1/O[3]
                         net (fo=3, routed)           0.410    52.205    candidate_lanes[1].lane_pe/codec/i___193_i_1__1_n_12
    SLICE_X23Y142        LUT6 (Prop_G6LUT_SLICEL_I5_O)
                                                      0.226    52.431 r  candidate_lanes[1].lane_pe/codec/i___223_i_239__0/O
                         net (fo=1, routed)           0.012    52.443    candidate_lanes[1].lane_pe/codec/i___223_i_239__0_n_0
    SLICE_X23Y142        CARRY8 (Prop_CARRY8_SLICEL_S[6]_CO[7])
                                                      0.171    52.614 r  candidate_lanes[1].lane_pe/codec/i___223_i_162__0/CO[7]
                         net (fo=1, routed)           0.030    52.644    candidate_lanes[1].lane_pe/codec/i___223_i_162__0_n_0
    SLICE_X23Y143        CARRY8 (Prop_CARRY8_SLICEL_CI_CO[7])
                                                      0.065    52.709 r  candidate_lanes[1].lane_pe/codec/i___223_i_74__0/CO[7]
                         net (fo=1, routed)           0.030    52.739    candidate_lanes[1].lane_pe/codec/i___223_i_74__0_n_0
    SLICE_X23Y144        CARRY8 (Prop_CARRY8_SLICEL_CI_O[3])
                                                      0.114    52.853 r  candidate_lanes[1].lane_pe/codec/i___223_i_39__1/O[3]
                         net (fo=3, routed)           0.944    53.797    candidate_lanes[1].lane_pe/codec/i___223_i_39__1_n_12
    SLICE_X17Y147        LUT3 (Prop_E6LUT_SLICEM_I0_O)
                                                      0.138    53.935 r  candidate_lanes[1].lane_pe/codec/i___223_i_48__1/O
                         net (fo=2, routed)           0.058    53.993    candidate_lanes[1].lane_pe/codec/i___223_i_48__1_n_0
    SLICE_X17Y147        LUT5 (Prop_D6LUT_SLICEM_I1_O)
                                                      0.134    54.127 r  candidate_lanes[1].lane_pe/codec/i___223_i_11__1/O
                         net (fo=2, routed)           0.278    54.405    candidate_lanes[1].lane_pe/codec/i___223_i_11__1_n_0
    SLICE_X18Y148        LUT6 (Prop_A6LUT_SLICEM_I0_O)
                                                      0.152    54.557 r  candidate_lanes[1].lane_pe/codec/i___223_i_18__1/O
                         net (fo=1, routed)           0.017    54.574    candidate_lanes[1].lane_pe/codec/i___223_i_18__1_n_0
    SLICE_X18Y148        CARRY8 (Prop_CARRY8_SLICEM_S[0]_O[2])
                                                      0.187    54.761 r  candidate_lanes[1].lane_pe/codec/i___223_i_3__0/O[2]
                         net (fo=1, routed)           0.466    55.227    candidate_lanes[1].lane_pe/codec/matrix_sum[27]
    SLICE_X19Y145        CARRY8 (Prop_CARRY8_SLICEL_S[1]_O[4])
                                                      0.279    55.506 r  candidate_lanes[1].lane_pe/codec/i___223_i_1__0/O[4]
                         net (fo=5, routed)           0.819    56.325    candidate_lanes[1].lane_pe/codec/i___223_i_1__0_n_11
    SLICE_X26Y142        LUT2 (Prop_C6LUT_SLICEL_I0_O)
                                                      0.187    56.512 r  candidate_lanes[1].lane_pe/codec/i___4_i_76__1/O
                         net (fo=1, routed)           0.015    56.527    candidate_lanes[1].lane_pe/codec/i___4_i_76__1_n_0
    SLICE_X26Y142        CARRY8 (Prop_CARRY8_SLICEL_S[2]_CO[7])
                                                      0.219    56.746 r  candidate_lanes[1].lane_pe/codec/i___4_i_52__0/CO[7]
                         net (fo=1, routed)           0.030    56.776    candidate_lanes[1].lane_pe/codec/i___4_i_52__0_n_0
    SLICE_X26Y143        CARRY8 (Prop_CARRY8_SLICEL_CI_CO[7])
                                                      0.065    56.841 r  candidate_lanes[1].lane_pe/codec/i___4_i_34__0/CO[7]
                         net (fo=1, routed)           0.030    56.871    candidate_lanes[1].lane_pe/codec/i___4_i_34__0_n_0
    SLICE_X26Y144        CARRY8 (Prop_CARRY8_SLICEL_CI_CO[7])
                                                      0.065    56.936 r  candidate_lanes[1].lane_pe/codec/i___4_i_31__1/CO[7]
                         net (fo=1, routed)           0.030    56.966    candidate_lanes[1].lane_pe/codec/i___4_i_31__1_n_0
    SLICE_X26Y145        CARRY8 (Prop_CARRY8_SLICEL_CI_CO[0])
                                                      0.074    57.040 r  candidate_lanes[1].lane_pe/codec/i___4_i_21__0/CO[0]
                         net (fo=32, routed)          0.340    57.380    candidate_lanes[1].lane_pe/codec/i___4_i_21__0_n_7
    SLICE_X27Y143        LUT4 (Prop_A6LUT_SLICEL_I2_O)
                                                      0.225    57.605 r  candidate_lanes[1].lane_pe/codec/i___211_i_9__0/O
                         net (fo=1, routed)           0.014    57.619    candidate_lanes[1].lane_pe/codec/i___211_i_9__0_n_0
    SLICE_X27Y143        CARRY8 (Prop_CARRY8_SLICEL_S[0]_CO[7])
                                                      0.278    57.897 r  candidate_lanes[1].lane_pe/codec/i___5/i___211_i_1/CO[7]
                         net (fo=1, routed)           0.030    57.927    candidate_lanes[1].lane_pe/codec/i___5/i___211_i_1_n_0
    SLICE_X27Y144        CARRY8 (Prop_CARRY8_SLICEL_CI_CO[7])
                                                      0.065    57.992 r  candidate_lanes[1].lane_pe/codec/i___5/i___110_i_1/CO[7]
                         net (fo=1, routed)           0.030    58.022    candidate_lanes[1].lane_pe/codec/i___5/i___110_i_1_n_0
    SLICE_X27Y145        CARRY8 (Prop_CARRY8_SLICEL_CI_CO[7])
                                                      0.065    58.087 r  candidate_lanes[1].lane_pe/codec/i___5/i___106_i_1/CO[7]
                         net (fo=1, routed)           0.030    58.117    candidate_lanes[1].lane_pe/codec/i___5/i___106_i_1_n_0
    SLICE_X27Y146        CARRY8 (Prop_CARRY8_SLICEL_CI_O[0])
                                                      0.078    58.195 f  candidate_lanes[1].lane_pe/codec/i___5/i___4_i_1__0/O[0]
                         net (fo=3, routed)           0.807    59.002    candidate_lanes[1].lane_pe/codec/i___5/i___4_i_1__0_n_15
    SLICE_X22Y146        LUT2 (Prop_A6LUT_SLICEL_I0_O)
                                                      0.188    59.190 r  candidate_lanes[1].lane_pe/codec/i___5/i___105/O
                         net (fo=1, routed)           0.014    59.204    candidate_lanes[1].lane_pe/codec/i___5/i___105_n_0
    SLICE_X22Y146        CARRY8 (Prop_CARRY8_SLICEL_S[0]_CO[3])
                                                      0.263    59.467 r  candidate_lanes[1].lane_pe/codec/i___5/i___4_i_2/CO[3]
                         net (fo=31, routed)          0.863    60.330    candidate_lanes[1].lane_pe/codec/i___5/i___4_i_2_n_4
    SLICE_X28Y142        LUT4 (Prop_A6LUT_SLICEM_I3_O)
                                                      0.138    60.468 r  candidate_lanes[1].lane_pe/codec/i___5/i___218/O
                         net (fo=1, routed)           0.017    60.485    candidate_lanes[1].lane_pe/codec/i___5/i___218_n_0
    SLICE_X28Y142        CARRY8 (Prop_CARRY8_SLICEM_S[0]_CO[7])
                                                      0.281    60.766 r  candidate_lanes[1].lane_pe/codec/i___5/distortion1_i_4/CO[7]
                         net (fo=1, routed)           0.030    60.796    candidate_lanes[1].lane_pe/codec/i___5/distortion1_i_4_n_0
    SLICE_X28Y143        CARRY8 (Prop_CARRY8_SLICEM_CI_O[7])
                                                      0.171    60.967 f  candidate_lanes[1].lane_pe/codec/i___5/distortion1_i_3/O[7]
                         net (fo=4, routed)           0.693    61.660    candidate_lanes[1].lane_pe/codec/distortion1__0/B[15]
    DSP48E2_X6Y60        DSP_A_B_DATA (Prop_DSP_A_B_DATA_DSP48E2_B[15]_B2_DATA[15])
                                                      0.216    61.876 r  candidate_lanes[1].lane_pe/codec/distortion1__0/DSP_A_B_DATA_INST/B2_DATA[15]
                         net (fo=1, routed)           0.000    61.876    candidate_lanes[1].lane_pe/codec/distortion1__0/DSP_A_B_DATA.B2_DATA<15>
    DSP48E2_X6Y60        DSP_PREADD_DATA (Prop_DSP_PREADD_DATA_DSP48E2_B2_DATA[15]_B2B1[15])
                                                      0.097    61.973 r  candidate_lanes[1].lane_pe/codec/distortion1__0/DSP_PREADD_DATA_INST/B2B1[15]
                         net (fo=1, routed)           0.000    61.973    candidate_lanes[1].lane_pe/codec/distortion1__0/DSP_PREADD_DATA.B2B1<15>
    DSP48E2_X6Y60        DSP_MULTIPLIER (Prop_DSP_MULTIPLIER_DSP48E2_B2B1[15]_U[43])
                                                      0.773    62.746 f  candidate_lanes[1].lane_pe/codec/distortion1__0/DSP_MULTIPLIER_INST/U[43]
                         net (fo=1, routed)           0.000    62.746    candidate_lanes[1].lane_pe/codec/distortion1__0/DSP_MULTIPLIER.U<43>
    DSP48E2_X6Y60        DSP_M_DATA (Prop_DSP_M_DATA_DSP48E2_U[43]_U_DATA[43])
                                                      0.067    62.813 r  candidate_lanes[1].lane_pe/codec/distortion1__0/DSP_M_DATA_INST/U_DATA[43]
                         net (fo=1, routed)           0.000    62.813    candidate_lanes[1].lane_pe/codec/distortion1__0/DSP_M_DATA.U_DATA<43>
    DSP48E2_X6Y60        DSP_ALU (Prop_DSP_ALU_DSP48E2_U_DATA[43]_ALU_OUT[47])
                                                      0.727    63.540 f  candidate_lanes[1].lane_pe/codec/distortion1__0/DSP_ALU_INST/ALU_OUT[47]
                         net (fo=1, routed)           0.000    63.540    candidate_lanes[1].lane_pe/codec/distortion1__0/DSP_ALU.ALU_OUT<47>
    DSP48E2_X6Y60        DSP_OUTPUT (Prop_DSP_OUTPUT_DSP48E2_ALU_OUT[47]_PCOUT[47])
                                                      0.167    63.707 r  candidate_lanes[1].lane_pe/codec/distortion1__0/DSP_OUTPUT_INST/PCOUT[47]
                         net (fo=1, routed)           0.014    63.721    candidate_lanes[1].lane_pe/codec/distortion1__1/PCIN[47]
    DSP48E2_X6Y61        DSP_ALU (Prop_DSP_ALU_DSP48E2_PCIN[47]_ALU_OUT[3])
                                                      0.739    64.460 f  candidate_lanes[1].lane_pe/codec/distortion1__1/DSP_ALU_INST/ALU_OUT[3]
                         net (fo=1, routed)           0.000    64.460    candidate_lanes[1].lane_pe/codec/distortion1__1/DSP_ALU.ALU_OUT<3>
    DSP48E2_X6Y61        DSP_OUTPUT (Prop_DSP_OUTPUT_DSP48E2_ALU_OUT[3]_P[3])
                                                      0.146    64.606 r  candidate_lanes[1].lane_pe/codec/distortion1__1/DSP_OUTPUT_INST/P[3]
                         net (fo=2, routed)           0.695    65.302    candidate_lanes[1].lane_pe/codec/distortion1__1_n_102
    SLICE_X21Y151        LUT2 (Prop_E6LUT_SLICEM_I0_O)
                                                      0.152    65.454 r  candidate_lanes[1].lane_pe/codec/out_distortion[31]_i_521/O
                         net (fo=1, routed)           0.018    65.472    candidate_lanes[1].lane_pe/codec/out_distortion[31]_i_521_n_0
    SLICE_X21Y151        CARRY8 (Prop_CARRY8_SLICEM_S[4]_CO[7])
                                                      0.236    65.708 r  candidate_lanes[1].lane_pe/codec/out_distortion_reg[31]_i_440/CO[7]
                         net (fo=1, routed)           0.030    65.738    candidate_lanes[1].lane_pe/codec/out_distortion_reg[31]_i_440_n_0
    SLICE_X21Y152        CARRY8 (Prop_CARRY8_SLICEM_CI_O[3])
                                                      0.114    65.852 r  candidate_lanes[1].lane_pe/codec/out_distortion_reg[31]_i_437/O[3]
                         net (fo=2, routed)           0.505    66.357    candidate_lanes[1].lane_pe/codec/out_distortion_reg[31]_i_437_n_12
    SLICE_X21Y175        LUT3 (Prop_D5LUT_SLICEM_I1_O)
                                                      0.154    66.511 r  candidate_lanes[1].lane_pe/codec/out_distortion[31]_i_338/O
                         net (fo=2, routed)           0.240    66.750    candidate_lanes[1].lane_pe/codec/out_distortion[31]_i_338_n_0
    SLICE_X21Y175        LUT4 (Prop_E6LUT_SLICEM_I3_O)
                                                      0.187    66.937 r  candidate_lanes[1].lane_pe/codec/out_distortion[31]_i_346/O
                         net (fo=1, routed)           0.018    66.955    candidate_lanes[1].lane_pe/codec/out_distortion[31]_i_346_n_0
    SLICE_X21Y175        CARRY8 (Prop_CARRY8_SLICEM_S[4]_O[4])
                                                      0.079    67.034 r  candidate_lanes[1].lane_pe/codec/out_distortion_reg[31]_i_179/O[4]
                         net (fo=2, routed)           0.561    67.595    candidate_lanes[1].lane_pe/codec/out_distortion_reg[31]_i_179_n_11
    SLICE_X20Y192        LUT3 (Prop_E5LUT_SLICEM_I1_O)
                                                      0.195    67.790 r  candidate_lanes[1].lane_pe/codec/out_distortion[31]_i_82/O
                         net (fo=2, routed)           0.324    68.114    candidate_lanes[1].lane_pe/codec/out_distortion[31]_i_82_n_0
    SLICE_X20Y192        LUT4 (Prop_F6LUT_SLICEM_I3_O)
                                                      0.224    68.338 r  candidate_lanes[1].lane_pe/codec/out_distortion[31]_i_90/O
                         net (fo=1, routed)           0.029    68.367    candidate_lanes[1].lane_pe/codec/out_distortion[31]_i_90_n_0
    SLICE_X20Y192        CARRY8 (Prop_CARRY8_SLICEM_S[5]_O[5])
                                                      0.084    68.451 r  candidate_lanes[1].lane_pe/codec/out_distortion_reg[31]_i_22/O[5]
                         net (fo=4, routed)           0.386    68.837    candidate_lanes[1].lane_pe/codec/out_distortion_reg[31]_i_22_n_10
    SLICE_X21Y193        LUT3 (Prop_B6LUT_SLICEM_I0_O)
                                                      0.188    69.025 r  candidate_lanes[1].lane_pe/codec/out_distortion[31]_i_33/O
                         net (fo=1, routed)           0.480    69.505    candidate_lanes[1].lane_pe/codec/out_distortion[31]_i_33_n_0
    SLICE_X22Y206        LUT6 (Prop_H6LUT_SLICEL_I0_O)
                                                      0.058    69.563 r  candidate_lanes[1].lane_pe/codec/out_distortion[31]_i_10/O
                         net (fo=1, routed)           0.015    69.578    candidate_lanes[1].lane_pe/codec/out_distortion[31]_i_10_n_0
    SLICE_X22Y206        CARRY8 (Prop_CARRY8_SLICEL_S[7]_O[7])
                                                      0.079    69.657 r  candidate_lanes[1].lane_pe/codec/out_distortion_reg[31]_i_2/O[7]
                         net (fo=1, routed)           0.034    69.691    candidate_lanes[1].lane_pe/codec_distortion__0[31]
    SLICE_X22Y206        FDRE                                         r  candidate_lanes[1].lane_pe/out_distortion_reg[31]/D
  -------------------------------------------------------------------    -------------------

                         (clock chia_rdo_clk rise edge)
                                                      5.000     5.000 r  
                                                      0.000     5.000 r  clk (IN)
                         net (fo=1936, unset)         0.029     5.029    candidate_lanes[1].lane_pe/clk
    SLICE_X22Y206        FDRE                                         r  candidate_lanes[1].lane_pe/out_distortion_reg[31]/C
                         clock pessimism              0.000     5.029    
                         clock uncertainty           -0.035     4.994    
    SLICE_X22Y206        FDRE (Setup_HFF_SLICEL_C_D)
                                                      0.044     5.038    candidate_lanes[1].lane_pe/out_distortion_reg[31]
  -------------------------------------------------------------------
                         required time                          5.038    
                         arrival time                         -69.691    
  -------------------------------------------------------------------
                         slack                                -64.653    

Slack (VIOLATED) :        -64.510ns  (required time - arrival time)
  Source:                 launched_count_reg[1]_replica_10/C
                            (rising edge-triggered cell FDRE clocked by chia_rdo_clk  {rise@0.000ns fall@2.500ns period=5.000ns})
  Destination:            candidate_lanes[1].lane_pe/out_distortion_reg[30]/D
                            (rising edge-triggered cell FDRE clocked by chia_rdo_clk  {rise@0.000ns fall@2.500ns period=5.000ns})
  Path Group:             chia_rdo_clk
  Path Type:              Setup (Max at Slow Process Corner)
  Requirement:            5.000ns  (chia_rdo_clk rise@5.000ns - chia_rdo_clk rise@0.000ns)
  Data Path Delay:        69.505ns  (logic 35.666ns (51.315%)  route 33.839ns (48.685%))
  Logic Levels:           175  (CARRY8=69 DSP_A_B_DATA=5 DSP_ALU=10 DSP_M_DATA=4 DSP_MULTIPLIER=4 DSP_OUTPUT=10 DSP_PREADD_DATA=4 LUT1=1 LUT2=9 LUT3=12 LUT4=10 LUT5=14 LUT6=22 MUXF7=1)
  Clock Path Skew:        -0.014ns (DCD - SCD + CPR)
    Destination Clock Delay (DCD):    0.029ns = ( 5.029 - 5.000 ) 
    Source Clock Delay      (SCD):    0.043ns
    Clock Pessimism Removal (CPR):    0.000ns
  Clock Uncertainty:      0.035ns  ((TSJ^2 + TIJ^2)^1/2 + DJ) / 2 + PE
    Total System Jitter     (TSJ):    0.071ns
    Total Input Jitter      (TIJ):    0.000ns
    Discrete Jitter          (DJ):    0.000ns
    Phase Error              (PE):    0.000ns

    Location             Delay type                Incr(ns)  Path(ns)    Netlist Resource(s)
  -------------------------------------------------------------------    -------------------
                         (clock chia_rdo_clk rise edge)
                                                      0.000     0.000 r  
                                                      0.000     0.000 r  clk (IN)
                         net (fo=1936, unset)         0.043     0.043    clk
    SLICE_X31Y208        FDRE                                         r  launched_count_reg[1]_replica_10/C
  -------------------------------------------------------------------    -------------------
    SLICE_X31Y208        FDRE (Prop_GFF_SLICEM_C_Q)
                                                      0.116     0.159 r  launched_count_reg[1]_replica_10/Q
                         net (fo=6, routed)           0.133     0.292    candidate_lanes[1].lane_pe/rd_cost/p_4_in[1]_repN_10_alias
    SLICE_X31Y209        LUT3 (Prop_B6LUT_SLICEM_I1_O)
                                                      0.188     0.480 r  candidate_lanes[1].lane_pe/rd_cost/multi_stage.rate_stage00_i_237__0/O
                         net (fo=6, routed)           0.242     0.722    candidate_lanes[1].lane_pe/rd_cost/launched_count_reg[2]_0
    SLICE_X31Y208        LUT6 (Prop_G6LUT_SLICEM_I2_O)
                                                      0.152     0.874 f  candidate_lanes[1].lane_pe/rd_cost/multi_stage.rate_stage00_i_88/O
                         net (fo=1, routed)           0.141     1.015    candidate_lanes[1].lane_pe/rd_cost/multi_stage.rate_stage00_i_88_n_0
    SLICE_X31Y208        CARRY8 (Prop_CARRY8_SLICEM_DI[2]_CO[3])
                                                      0.190     1.205 f  candidate_lanes[1].lane_pe/rd_cost/multi_stage.rate_stage00_i_26__0/CO[3]
                         net (fo=53, routed)          0.313     1.518    candidate_lanes[1].lane_pe/codec/mode_reg_reg[0][0]
    SLICE_X31Y208        LUT6 (Prop_H6LUT_SLICEM_I4_O)
                                                      0.084     1.602 r  candidate_lanes[1].lane_pe/codec/multi_stage.rate_stage00_i_240__0/O
                         net (fo=3, routed)           0.139     1.741    candidate_lanes[1].lane_pe/codec/launched_count_reg[3]_1
    SLICE_X32Y208        LUT6 (Prop_H6LUT_SLICEM_I0_O)
                                                      0.189     1.930 r  candidate_lanes[1].lane_pe/codec/multi_stage.rate_stage00_i_98/O
                         net (fo=70, routed)          0.448     2.378    candidate_lanes[1].lane_pe/codec/launched_count_reg[3]_0
    SLICE_X32Y220        LUT5 (Prop_G6LUT_SLICEM_I1_O)
                                                      0.226     2.604 f  candidate_lanes[1].lane_pe/codec/mode_reg[5]_i_33/O
                         net (fo=2, routed)           0.059     2.663    candidate_lanes[1].lane_pe/codec/mode_reg[5]_i_33_n_0
    SLICE_X32Y220        LUT6 (Prop_E6LUT_SLICEM_I0_O)
                                                      0.152     2.815 f  candidate_lanes[1].lane_pe/codec/mode_reg[5]_i_14/O
                         net (fo=1, routed)           0.200     3.015    candidate_lanes[1].lane_pe/codec/mode_reg[5]_i_14_n_0
    SLICE_X32Y214        LUT6 (Prop_C6LUT_SLICEM_I0_O)
                                                      0.220     3.235 f  candidate_lanes[1].lane_pe/codec/mode_reg[5]_i_4/O
                         net (fo=7, routed)           0.405     3.641    candidate_lanes[1].lane_pe/codec/mode_reg[5]_i_4_n_0
    SLICE_X32Y208        LUT6 (Prop_F6LUT_SLICEM_I5_O)
                                                      0.149     3.790 f  candidate_lanes[1].lane_pe/codec/mode_reg[5]_i_1/O
                         net (fo=130, routed)         0.120     3.909    candidate_lanes[1].lane_pe/codec/launched_count_reg[1]_0
    SLICE_X32Y209        LUT5 (Prop_E6LUT_SLICEM_I0_O)
                                                      0.187     4.096 r  candidate_lanes[1].lane_pe/codec/angular_temporary1__14_i_9/O
                         net (fo=110, routed)         0.270     4.366    candidate_lanes[1].lane_pe/codec/angular_temporary1_i_49_n_0
    SLICE_X31Y207        LUT5 (Prop_H6LUT_SLICEM_I3_O)
                                                      0.154     4.520 r  candidate_lanes[1].lane_pe/codec/angular_temporary1_i_45/O
                         net (fo=1, routed)           0.145     4.665    candidate_lanes[1].lane_pe/codec/angular_temporary1_i_45_n_0
    SLICE_X31Y207        CARRY8 (Prop_CARRY8_SLICEM_DI[5]_CO[6])
                                                      0.120     4.785 r  candidate_lanes[1].lane_pe/codec/angular_temporary1_i_16/CO[6]
                         net (fo=144, routed)         0.185     4.970    candidate_lanes[1].lane_pe/codec/angular_temporary1_i_16_n_1
    SLICE_X31Y206        LUT5 (Prop_E6LUT_SLICEM_I0_O)
                                                      0.057     5.027 r  candidate_lanes[1].lane_pe/codec/angular_temporary3__3_i_2/O
                         net (fo=77, routed)          0.296     5.322    candidate_lanes[1].lane_pe/codec/angular_temporary3__3_i_2_n_0
    SLICE_X31Y203        LUT2 (Prop_A6LUT_SLICEM_I0_O)
                                                      0.138     5.460 r  candidate_lanes[1].lane_pe/codec/angular_temporary1__5_i_89/O
                         net (fo=1, routed)           0.017     5.477    candidate_lanes[1].lane_pe/codec/angular_temporary1__5_i_89_n_0
    SLICE_X31Y203        CARRY8 (Prop_CARRY8_SLICEM_S[0]_CO[7])
                                                      0.281     5.758 r  candidate_lanes[1].lane_pe/codec/angular_temporary1__5_i_50/CO[7]
                         net (fo=1, routed)           0.030     5.788    candidate_lanes[1].lane_pe/codec/angular_temporary1__5_i_50_n_0
    SLICE_X31Y204        CARRY8 (Prop_CARRY8_SLICEM_CI_CO[7])
                                                      0.073     5.861 r  candidate_lanes[1].lane_pe/codec/angular_temporary1__5_i_31/CO[7]
                         net (fo=58, routed)          0.607     6.468    candidate_lanes[1].lane_pe/codec/angular_temporary1__5_i_31_n_0
    SLICE_X41Y192        LUT6 (Prop_D6LUT_SLICEM_I0_O)
                                                      0.151     6.619 r  candidate_lanes[1].lane_pe/codec/angular_temporary1__9_i_119/O
                         net (fo=1, routed)           0.297     6.916    candidate_lanes[1].lane_pe/codec/angular_temporary1__9_i_119_n_0
    SLICE_X41Y193        CARRY8 (Prop_CARRY8_SLICEM_DI[0]_CO[7])
                                                      0.196     7.112 r  candidate_lanes[1].lane_pe/codec/angular_temporary1__9_i_65/CO[7]
                         net (fo=1, routed)           0.030     7.142    candidate_lanes[1].lane_pe/codec/angular_temporary1__9_i_65_n_0
    SLICE_X41Y194        CARRY8 (Prop_CARRY8_SLICEM_CI_O[0])
                                                      0.078     7.220 r  candidate_lanes[1].lane_pe/codec/angular_temporary1__9_i_45/O[0]
                         net (fo=18, routed)          0.277     7.497    candidate_lanes[1].lane_pe/codec/angular_temporary1__9_i_45_n_15
    SLICE_X42Y193        LUT4 (Prop_F6LUT_SLICEL_I0_O)
                                                      0.136     7.633 r  candidate_lanes[1].lane_pe/codec/angular_temporary3__1_i_123/O
                         net (fo=1, routed)           0.284     7.917    candidate_lanes[1].lane_pe/codec/inverse_angle_sum[8]
    SLICE_X42Y193        CARRY8 (Prop_CARRY8_SLICEL_DI[0]_O[2])
                                                      0.156     8.073 r  candidate_lanes[1].lane_pe/codec/angular_temporary3__1_i_69/O[2]
                         net (fo=32, routed)          0.518     8.591    candidate_lanes[1].lane_pe/codec/sel0[2]
    SLICE_X44Y189        LUT6 (Prop_B6LUT_SLICEL_I2_O)
                                                      0.224     8.815 f  candidate_lanes[1].lane_pe/codec/angular_temporary3__1_i_142/O
                         net (fo=1, routed)           0.377     9.192    candidate_lanes[1].lane_pe/codec/angular_temporary3__1_i_142_n_0
    SLICE_X42Y185        LUT6 (Prop_A6LUT_SLICEL_I5_O)
                                                      0.152     9.344 f  candidate_lanes[1].lane_pe/codec/angular_temporary3__1_i_86/O
                         net (fo=1, routed)           0.113     9.457    candidate_lanes[1].lane_pe/codec/angular_temporary3__1_i_86_n_0
    SLICE_X42Y185        LUT6 (Prop_D6LUT_SLICEL_I5_O)
                                                      0.136     9.593 f  candidate_lanes[1].lane_pe/codec/angular_temporary3__1_i_44/O
                         net (fo=1, routed)           0.341     9.934    candidate_lanes[1].lane_pe/codec/angular_temporary3__1_i_44_n_0
    SLICE_X34Y180        LUT6 (Prop_G6LUT_SLICEM_I4_O)
                                                      0.137    10.071 f  candidate_lanes[1].lane_pe/codec/angular_temporary3__1_i_16/O
                         net (fo=1, routed)           0.021    10.092    candidate_lanes[1].lane_pe/codec/angular_temporary3__1_i_16_n_0
    SLICE_X34Y180        MUXF7 (Prop_F7MUX_GH_SLICEM_I1_O)
                                                      0.102    10.194 f  candidate_lanes[1].lane_pe/codec/angular_temporary3__1_i_4/O
                         net (fo=3, routed)           0.264    10.457    candidate_lanes[1].lane_pe/codec/angular_temporary3__1/A[4]
    DSP48E2_X8Y72        DSP_A_B_DATA (Prop_DSP_A_B_DATA_DSP48E2_A[4]_A2_DATA[4])
                                                      0.258    10.715 r  candidate_lanes[1].lane_pe/codec/angular_temporary3__1/DSP_A_B_DATA_INST/A2_DATA[4]
                         net (fo=1, routed)           0.000    10.715    candidate_lanes[1].lane_pe/codec/angular_temporary3__1/DSP_A_B_DATA.A2_DATA<4>
    DSP48E2_X8Y72        DSP_PREADD_DATA (Prop_DSP_PREADD_DATA_DSP48E2_A2_DATA[4]_A2A1[4])
                                                      0.114    10.829 r  candidate_lanes[1].lane_pe/codec/angular_temporary3__1/DSP_PREADD_DATA_INST/A2A1[4]
                         net (fo=1, routed)           0.000    10.829    candidate_lanes[1].lane_pe/codec/angular_temporary3__1/DSP_PREADD_DATA.A2A1<4>
    DSP48E2_X8Y72        DSP_MULTIPLIER (Prop_DSP_MULTIPLIER_DSP48E2_A2A1[4]_U[25])
                                                      0.700    11.529 f  candidate_lanes[1].lane_pe/codec/angular_temporary3__1/DSP_MULTIPLIER_INST/U[25]
                         net (fo=1, routed)           0.000    11.529    candidate_lanes[1].lane_pe/codec/angular_temporary3__1/DSP_MULTIPLIER.U<25>
    DSP48E2_X8Y72        DSP_M_DATA (Prop_DSP_M_DATA_DSP48E2_U[25]_U_DATA[25])
                                                      0.067    11.596 r  candidate_lanes[1].lane_pe/codec/angular_temporary3__1/DSP_M_DATA_INST/U_DATA[25]
                         net (fo=1, routed)           0.000    11.596    candidate_lanes[1].lane_pe/codec/angular_temporary3__1/DSP_M_DATA.U_DATA<25>
    DSP48E2_X8Y72        DSP_ALU (Prop_DSP_ALU_DSP48E2_U_DATA[25]_ALU_OUT[47])
                                                      0.727    12.323 f  candidate_lanes[1].lane_pe/codec/angular_temporary3__1/DSP_ALU_INST/ALU_OUT[47]
                         net (fo=1, routed)           0.000    12.323    candidate_lanes[1].lane_pe/codec/angular_temporary3__1/DSP_ALU.ALU_OUT<47>
    DSP48E2_X8Y72        DSP_OUTPUT (Prop_DSP_OUTPUT_DSP48E2_ALU_OUT[47]_PCOUT[47])
                                                      0.167    12.490 r  candidate_lanes[1].lane_pe/codec/angular_temporary3__1/DSP_OUTPUT_INST/PCOUT[47]
                         net (fo=1, routed)           0.014    12.504    candidate_lanes[1].lane_pe/codec/angular_temporary3__2/PCIN[47]
    DSP48E2_X8Y73        DSP_ALU (Prop_DSP_ALU_DSP48E2_PCIN[47]_ALU_OUT[14])
                                                      0.739    13.243 r  candidate_lanes[1].lane_pe/codec/angular_temporary3__2/DSP_ALU_INST/ALU_OUT[14]
                         net (fo=1, routed)           0.000    13.243    candidate_lanes[1].lane_pe/codec/angular_temporary3__2/DSP_ALU.ALU_OUT<14>
    DSP48E2_X8Y73        DSP_OUTPUT (Prop_DSP_OUTPUT_DSP48E2_ALU_OUT[14]_P[14])
                                                      0.146    13.389 f  candidate_lanes[1].lane_pe/codec/angular_temporary3__2/DSP_OUTPUT_INST/P[14]
                         net (fo=17, routed)          0.732    14.121    candidate_lanes[1].lane_pe/codec/angular_temporary1__1/A[17]
    DSP48E2_X8Y64        DSP_A_B_DATA (Prop_DSP_A_B_DATA_DSP48E2_A[17]_A_ALU[17])
                                                      0.265    14.386 r  candidate_lanes[1].lane_pe/codec/angular_temporary1__1/DSP_A_B_DATA_INST/A_ALU[17]
                         net (fo=1, routed)           0.000    14.386    candidate_lanes[1].lane_pe/codec/angular_temporary1__1/DSP_A_B_DATA.A_ALU<17>
    DSP48E2_X8Y64        DSP_ALU (Prop_DSP_ALU_DSP48E2_A_ALU[17]_ALU_OUT[47])
                                                      0.726    15.112 f  candidate_lanes[1].lane_pe/codec/angular_temporary1__1/DSP_ALU_INST/ALU_OUT[47]
                         net (fo=1, routed)           0.000    15.112    candidate_lanes[1].lane_pe/codec/angular_temporary1__1/DSP_ALU.ALU_OUT<47>
    DSP48E2_X8Y64        DSP_OUTPUT (Prop_DSP_OUTPUT_DSP48E2_ALU_OUT[47]_PCOUT[47])
                                                      0.167    15.279 r  candidate_lanes[1].lane_pe/codec/angular_temporary1__1/DSP_OUTPUT_INST/PCOUT[47]
                         net (fo=1, routed)           0.014    15.293    candidate_lanes[1].lane_pe/codec/angular_temporary1__2/PCIN[47]
    DSP48E2_X8Y65        DSP_ALU (Prop_DSP_ALU_DSP48E2_PCIN[47]_ALU_OUT[7])
                                                      0.739    16.032 f  candidate_lanes[1].lane_pe/codec/angular_temporary1__2/DSP_ALU_INST/ALU_OUT[7]
                         net (fo=1, routed)           0.000    16.032    candidate_lanes[1].lane_pe/codec/angular_temporary1__2/DSP_ALU.ALU_OUT<7>
    DSP48E2_X8Y65        DSP_OUTPUT (Prop_DSP_OUTPUT_DSP48E2_ALU_OUT[7]_P[7])
                                                      0.146    16.178 r  candidate_lanes[1].lane_pe/codec/angular_temporary1__2/DSP_OUTPUT_INST/P[7]
                         net (fo=2, routed)           0.397    16.575    candidate_lanes[1].lane_pe/codec/angular_temporary1__2_n_98
    SLICE_X33Y155        LUT3 (Prop_A6LUT_SLICEL_I0_O)
                                                      0.225    16.800 r  candidate_lanes[1].lane_pe/codec/i___1_i_267/O
                         net (fo=2, routed)           0.098    16.898    candidate_lanes[1].lane_pe/codec/i___1_i_267_n_0
    SLICE_X32Y155        LUT6 (Prop_C6LUT_SLICEM_I0_O)
                                                      0.149    17.047 r  candidate_lanes[1].lane_pe/codec/i___1_i_275/O
                         net (fo=1, routed)           0.029    17.076    candidate_lanes[1].lane_pe/codec/i___1_i_275_n_0
    SLICE_X32Y155        CARRY8 (Prop_CARRY8_SLICEM_S[2]_CO[7])
                                                      0.229    17.305 r  candidate_lanes[1].lane_pe/codec/i___1_i_191/CO[7]
                         net (fo=1, routed)           0.030    17.335    candidate_lanes[1].lane_pe/codec/i___1_i_191_n_0
    SLICE_X32Y156        CARRY8 (Prop_CARRY8_SLICEM_CI_CO[7])
                                                      0.065    17.400 r  candidate_lanes[1].lane_pe/codec/i___283_i_72/CO[7]
                         net (fo=1, routed)           0.030    17.430    candidate_lanes[1].lane_pe/codec/i___283_i_72_n_0
    SLICE_X32Y157        CARRY8 (Prop_CARRY8_SLICEM_CI_CO[7])
                                                      0.065    17.495 r  candidate_lanes[1].lane_pe/codec/i___283_i_70/CO[7]
                         net (fo=1, routed)           0.030    17.525    candidate_lanes[1].lane_pe/codec/i___283_i_70_n_0
    SLICE_X32Y158        CARRY8 (Prop_CARRY8_SLICEM_CI_O[2])
                                                      0.093    17.618 f  candidate_lanes[1].lane_pe/codec/i___111_i_30/O[2]
                         net (fo=3, routed)           0.290    17.908    candidate_lanes[1].lane_pe/codec/i___111_i_30_n_13
    SLICE_X33Y157        LUT2 (Prop_B6LUT_SLICEL_I1_O)
                                                      0.224    18.132 r  candidate_lanes[1].lane_pe/codec/i___111_i_35/O
                         net (fo=1, routed)           0.013    18.145    candidate_lanes[1].lane_pe/codec/i___111_i_35_n_0
    SLICE_X33Y157        CARRY8 (Prop_CARRY8_SLICEL_S[1]_CO[3])
                                                      0.250    18.395 r  candidate_lanes[1].lane_pe/codec/i___111_i_29/CO[3]
                         net (fo=27, routed)          0.251    18.646    candidate_lanes[1].lane_pe/codec/i___111_i_29_n_4
    SLICE_X33Y154        LUT3 (Prop_A6LUT_SLICEL_I1_O)
                                                      0.058    18.704 r  candidate_lanes[1].lane_pe/codec/i___1_i_138/O
                         net (fo=1, routed)           0.050    18.754    candidate_lanes[1].lane_pe/codec/i___1_i_138_n_0
    SLICE_X33Y154        LUT5 (Prop_B6LUT_SLICEL_I0_O)
                                                      0.138    18.892 r  candidate_lanes[1].lane_pe/codec/i___1_i_70__4/O
                         net (fo=2, routed)           0.403    19.295    candidate_lanes[1].lane_pe/codec/angular_temporary1_out[3]
    SLICE_X32Y143        LUT5 (Prop_H6LUT_SLICEM_I2_O)
                                                      0.154    19.449 r  candidate_lanes[1].lane_pe/codec/i___1_i_33__4/O
                         net (fo=2, routed)           0.514    19.963    candidate_lanes[1].lane_pe/codec/i___1_i_33__4_n_0
    SLICE_X29Y125        LUT5 (Prop_D6LUT_SLICEM_I4_O)
                                                      0.185    20.148 r  candidate_lanes[1].lane_pe/codec/i___1_i_8__6/O
                         net (fo=1, routed)           0.032    20.180    candidate_lanes[1].lane_pe/codec/i___1_i_8__6_n_0
    SLICE_X29Y125        CARRY8 (Prop_CARRY8_SLICEM_S[3]_O[5])
                                                      0.262    20.442 r  candidate_lanes[1].lane_pe/codec/i___1_i_1__0/O[5]
                         net (fo=25, routed)          0.525    20.967    candidate_lanes[1].lane_pe/codec/codec_residual[32]
    SLICE_X31Y103        LUT2 (Prop_F6LUT_SLICEM_I1_O)
                                                      0.224    21.191 r  candidate_lanes[1].lane_pe/codec/i___4/i___280/O
                         net (fo=1, routed)           0.029    21.220    candidate_lanes[1].lane_pe/codec/i___4/i___280_n_0
    SLICE_X31Y103        CARRY8 (Prop_CARRY8_SLICEM_S[5]_CO[7])
                                                      0.238    21.458 r  candidate_lanes[1].lane_pe/codec/(null)[0].value4__5_i_397/CO[7]
                         net (fo=1, routed)           0.030    21.488    candidate_lanes[1].lane_pe/codec/(null)[0].value4__5_i_397_n_0
    SLICE_X31Y104        CARRY8 (Prop_CARRY8_SLICEM_CI_O[0])
                                                      0.078    21.566 r  candidate_lanes[1].lane_pe/codec/(null)[0].value4__5_i_715/O[0]
                         net (fo=3, routed)           0.228    21.794    candidate_lanes[1].lane_pe/codec/(null)[0].value4__5_i_715_n_15
    SLICE_X30Y102        LUT4 (Prop_D6LUT_SLICEL_I3_O)
                                                      0.185    21.979 r  candidate_lanes[1].lane_pe/codec/(null)[0].value4__5_i_575/O
                         net (fo=1, routed)           0.013    21.992    candidate_lanes[1].lane_pe/codec/(null)[0].value4__5_i_575_n_0
    SLICE_X30Y102        CARRY8 (Prop_CARRY8_SLICEL_S[3]_O[4])
                                                      0.208    22.200 r  candidate_lanes[1].lane_pe/codec/(null)[0].value4__5_i_393/O[4]
                         net (fo=3, routed)           0.343    22.542    candidate_lanes[1].lane_pe/codec/(null)[0].value4__5_i_393_n_11
    SLICE_X32Y103        LUT3 (Prop_E6LUT_SLICEM_I0_O)
                                                      0.138    22.680 r  candidate_lanes[1].lane_pe/codec/(null)[0].value4__5_i_693/O
                         net (fo=2, routed)           0.211    22.891    candidate_lanes[1].lane_pe/codec/(null)[0].value4__5_i_693_n_0
    SLICE_X32Y103        LUT5 (Prop_H6LUT_SLICEM_I1_O)
                                                      0.228    23.119 r  candidate_lanes[1].lane_pe/codec/(null)[0].value4__5_i_484/O
                         net (fo=2, routed)           0.466    23.586    candidate_lanes[1].lane_pe/codec/(null)[0].value4__5_i_484_n_0
    SLICE_X34Y101        LUT6 (Prop_B6LUT_SLICEM_I0_O)
                                                      0.152    23.738 r  candidate_lanes[1].lane_pe/codec/(null)[0].value4__5_i_492/O
                         net (fo=1, routed)           0.022    23.760    candidate_lanes[1].lane_pe/codec/(null)[0].value4__5_i_492_n_0
    SLICE_X34Y101        CARRY8 (Prop_CARRY8_SLICEM_S[1]_O[5])
                                                      0.333    24.093 r  candidate_lanes[1].lane_pe/codec/(null)[0].value4__5_i_377/O[5]
                         net (fo=27, routed)          1.669    25.761    candidate_lanes[1].lane_pe/codec/(null)[0].value4__5_i_377_n_10
    SLICE_X10Y56         LUT2 (Prop_E6LUT_SLICEM_I0_O)
                                                      0.223    25.984 r  candidate_lanes[1].lane_pe/codec/(null)[0].value4__1__1_i_452/O
                         net (fo=1, routed)           0.018    26.002    candidate_lanes[1].lane_pe/codec/(null)[0].value4__1__1_i_452_n_0
    SLICE_X10Y56         CARRY8 (Prop_CARRY8_SLICEM_S[4]_CO[7])
                                                      0.236    26.238 r  candidate_lanes[1].lane_pe/codec/(null)[0].value4__1__1_i_318/CO[7]
                         net (fo=1, routed)           0.030    26.268    candidate_lanes[1].lane_pe/codec/(null)[0].value4__1__1_i_318_n_0
    SLICE_X10Y57         CARRY8 (Prop_CARRY8_SLICEM_CI_O[1])
                                                      0.106    26.374 r  candidate_lanes[1].lane_pe/codec/(null)[0].value4__1__1_i_317/O[1]
                         net (fo=3, routed)           0.333    26.707    candidate_lanes[1].lane_pe/codec/(null)[0].value4__1__1_i_317_n_14
    SLICE_X9Y55          LUT4 (Prop_H6LUT_SLICEL_I2_O)
                                                      0.188    26.895 r  candidate_lanes[1].lane_pe/codec/(null)[0].value4__1__1_i_214/O
                         net (fo=1, routed)           0.015    26.910    candidate_lanes[1].lane_pe/codec/(null)[0].value4__1__1_i_214_n_0
    SLICE_X9Y55          CARRY8 (Prop_CARRY8_SLICEL_S[7]_CO[7])
                                                      0.172    27.082 r  candidate_lanes[1].lane_pe/codec/(null)[0].value4__1__1_i_90/CO[7]
                         net (fo=1, routed)           0.030    27.112    candidate_lanes[1].lane_pe/codec/(null)[0].value4__1__1_i_90_n_0
    SLICE_X9Y56          CARRY8 (Prop_CARRY8_SLICEL_CI_O[0])
                                                      0.078    27.190 r  candidate_lanes[1].lane_pe/codec/clip164__3__0_i_109/O[0]
                         net (fo=3, routed)           0.339    27.529    candidate_lanes[1].lane_pe/codec/transformed51_in__1[19]
    SLICE_X10Y54         LUT5 (Prop_G6LUT_SLICEM_I3_O)
                                                      0.137    27.666 r  candidate_lanes[1].lane_pe/codec/(null)[0].value4__1__1_i_123/O
                         net (fo=2, routed)           0.289    27.955    candidate_lanes[1].lane_pe/codec/(null)[0].value4__1__1_i_123_n_0
    SLICE_X8Y55          LUT6 (Prop_H6LUT_SLICEM_I5_O)
                                                      0.060    28.015 r  candidate_lanes[1].lane_pe/codec/(null)[0].value4__1__1_i_48/O
                         net (fo=2, routed)           0.167    28.183    candidate_lanes[1].lane_pe/codec/(null)[0].value4__1__1_i_48_n_0
    SLICE_X8Y53          LUT3 (Prop_F6LUT_SLICEM_I0_O)
                                                      0.149    28.332 r  candidate_lanes[1].lane_pe/codec/(null)[0].value4__1__1_i_56/O
                         net (fo=1, routed)           0.029    28.361    candidate_lanes[1].lane_pe/codec/(null)[0].value4__1__1_i_56_n_0
    SLICE_X8Y53          CARRY8 (Prop_CARRY8_SLICEM_S[5]_CO[7])
                                                      0.238    28.599 r  candidate_lanes[1].lane_pe/codec/(null)[0].value4__1__1_i_19/CO[7]
                         net (fo=1, routed)           0.030    28.629    candidate_lanes[1].lane_pe/codec/(null)[0].value4__1__1_i_19_n_0
    SLICE_X8Y54          CARRY8 (Prop_CARRY8_SLICEM_CI_O[0])
                                                      0.078    28.707 f  candidate_lanes[1].lane_pe/codec/clip164__3__0_i_19/O[0]
                         net (fo=2, routed)           0.500    29.206    candidate_lanes[1].lane_pe/codec/codec_transformed__0[112]
    SLICE_X9Y43          LUT1 (Prop_H6LUT_SLICEL_I0_O)
                                                      0.083    29.289 r  candidate_lanes[1].lane_pe/codec/(null)[0].value4__1__1_i_38/O
                         net (fo=1, routed)           0.015    29.304    candidate_lanes[1].lane_pe/codec/(null)[0].value4__1__1_i_38_n_0
    SLICE_X9Y43          CARRY8 (Prop_CARRY8_SLICEL_S[7]_O[7])
                                                      0.079    29.383 f  candidate_lanes[1].lane_pe/codec/i_/(null)[0].value4__1__1_i_18/O[7]
                         net (fo=1, routed)           0.228    29.611    candidate_lanes[1].lane_pe/codec/i_/(null)[0].value4__1__1_i_18_n_8
    SLICE_X10Y43         LUT3 (Prop_H6LUT_SLICEM_I0_O)
                                                      0.228    29.839 f  candidate_lanes[1].lane_pe/codec/(null)[0].value4__1__1_i_1/O
                         net (fo=1, routed)           0.388    30.227    candidate_lanes[1].lane_pe/codec/(null)[0].value4__1__1/A[16]
    DSP48E2_X3Y16        DSP_A_B_DATA (Prop_DSP_A_B_DATA_DSP48E2_A[16]_A2_DATA[16])
                                                      0.258    30.485 r  candidate_lanes[1].lane_pe/codec/(null)[0].value4__1__1/DSP_A_B_DATA_INST/A2_DATA[16]
                         net (fo=1, routed)           0.000    30.485    candidate_lanes[1].lane_pe/codec/(null)[0].value4__1__1/DSP_A_B_DATA.A2_DATA<16>
    DSP48E2_X3Y16        DSP_PREADD_DATA (Prop_DSP_PREADD_DATA_DSP48E2_A2_DATA[16]_A2A1[16])
                                                      0.114    30.599 r  candidate_lanes[1].lane_pe/codec/(null)[0].value4__1__1/DSP_PREADD_DATA_INST/A2A1[16]
                         net (fo=1, routed)           0.000    30.599    candidate_lanes[1].lane_pe/codec/(null)[0].value4__1__1/DSP_PREADD_DATA.A2A1<16>
    DSP48E2_X3Y16        DSP_MULTIPLIER (Prop_DSP_MULTIPLIER_DSP48E2_A2A1[16]_U[36])
                                                      0.700    31.299 f  candidate_lanes[1].lane_pe/codec/(null)[0].value4__1__1/DSP_MULTIPLIER_INST/U[36]
                         net (fo=1, routed)           0.000    31.299    candidate_lanes[1].lane_pe/codec/(null)[0].value4__1__1/DSP_MULTIPLIER.U<36>
    DSP48E2_X3Y16        DSP_M_DATA (Prop_DSP_M_DATA_DSP48E2_U[36]_U_DATA[36])
                                                      0.067    31.366 r  candidate_lanes[1].lane_pe/codec/(null)[0].value4__1__1/DSP_M_DATA_INST/U_DATA[36]
                         net (fo=1, routed)           0.000    31.366    candidate_lanes[1].lane_pe/codec/(null)[0].value4__1__1/DSP_M_DATA.U_DATA<36>
    DSP48E2_X3Y16        DSP_ALU (Prop_DSP_ALU_DSP48E2_U_DATA[36]_ALU_OUT[47])
                                                      0.727    32.093 f  candidate_lanes[1].lane_pe/codec/(null)[0].value4__1__1/DSP_ALU_INST/ALU_OUT[47]
                         net (fo=1, routed)           0.000    32.093    candidate_lanes[1].lane_pe/codec/(null)[0].value4__1__1/DSP_ALU.ALU_OUT<47>
    DSP48E2_X3Y16        DSP_OUTPUT (Prop_DSP_OUTPUT_DSP48E2_ALU_OUT[47]_PCOUT[47])
                                                      0.167    32.260 r  candidate_lanes[1].lane_pe/codec/(null)[0].value4__1__1/DSP_OUTPUT_INST/PCOUT[47]
                         net (fo=1, routed)           0.014    32.274    candidate_lanes[1].lane_pe/codec/(null)[0].value4__2__1/PCIN[47]
    DSP48E2_X3Y17        DSP_ALU (Prop_DSP_ALU_DSP48E2_PCIN[47]_ALU_OUT[3])
                                                      0.739    33.013 f  candidate_lanes[1].lane_pe/codec/(null)[0].value4__2__1/DSP_ALU_INST/ALU_OUT[3]
                         net (fo=1, routed)           0.000    33.013    candidate_lanes[1].lane_pe/codec/(null)[0].value4__2__1/DSP_ALU.ALU_OUT<3>
    DSP48E2_X3Y17        DSP_OUTPUT (Prop_DSP_OUTPUT_DSP48E2_ALU_OUT[3]_P[3])
                                                      0.146    33.159 r  candidate_lanes[1].lane_pe/codec/(null)[0].value4__2__1/DSP_OUTPUT_INST/P[3]
                         net (fo=2, routed)           0.373    33.532    candidate_lanes[1].lane_pe/codec/(null)[0].value4__2__1_n_102
    SLICE_X12Y42         LUT6 (Prop_E6LUT_SLICEM_I5_O)
                                                      0.223    33.755 r  candidate_lanes[1].lane_pe/codec/clip164__3__0_i_181/O
                         net (fo=1, routed)           0.018    33.773    candidate_lanes[1].lane_pe/codec/clip164__3__0_i_181_n_0
    SLICE_X12Y42         CARRY8 (Prop_CARRY8_SLICEM_S[4]_CO[7])
                                                      0.236    34.009 r  candidate_lanes[1].lane_pe/codec/i_/clip164__3__0_i_93/CO[7]
                         net (fo=1, routed)           0.030    34.039    candidate_lanes[1].lane_pe/codec/i_/clip164__3__0_i_93_n_0
    SLICE_X12Y43         CARRY8 (Prop_CARRY8_SLICEM_CI_O[1])
                                                      0.106    34.145 f  candidate_lanes[1].lane_pe/codec/i_/clip164__3__0_i_75/O[1]
                         net (fo=4, routed)           0.935    35.080    candidate_lanes[1].lane_pe/codec/i_/clip164__3__0_i_75_n_14
    SLICE_X8Y64          LUT4 (Prop_D6LUT_SLICEM_I3_O)
                                                      0.080    35.160 r  candidate_lanes[1].lane_pe/codec/clip164__3__0_i_94/O
                         net (fo=1, routed)           0.200    35.360    candidate_lanes[1].lane_pe/codec/clip164__3__0_i_94_n_0
    SLICE_X5Y64          LUT5 (Prop_D6LUT_SLICEM_I4_O)
                                                      0.220    35.580 r  candidate_lanes[1].lane_pe/codec/clip164__3__0_i_38/O
                         net (fo=2, routed)           0.304    35.884    candidate_lanes[1].lane_pe/codec/clip164__3__0_i_85_n_0
    SLICE_X4Y66          CARRY8 (Prop_CARRY8_SLICEM_S[0]_CO[7])
                                                      0.281    36.165 r  candidate_lanes[1].lane_pe/codec/i_/clip164__3__0_i_30/CO[7]
                         net (fo=1, routed)           0.030    36.195    candidate_lanes[1].lane_pe/codec/i_/clip164__3__0_i_30_n_0
    SLICE_X4Y67          CARRY8 (Prop_CARRY8_SLICEM_CI_CO[7])
                                                      0.065    36.260 r  candidate_lanes[1].lane_pe/codec/i_/clip164__3__0_i_18/CO[7]
                         net (fo=1, routed)           0.030    36.290    candidate_lanes[1].lane_pe/codec/i_/clip164__3__0_i_18_n_0
    SLICE_X4Y68          CARRY8 (Prop_CARRY8_SLICEM_CI_O[5])
                                                      0.161    36.451 f  candidate_lanes[1].lane_pe/codec/i_/clip164__4__0_i_12/O[5]
                         net (fo=1, routed)           0.154    36.605    candidate_lanes[1].lane_pe/codec/i_/clip164__4__0_i_12_n_10
    SLICE_X4Y69          LUT3 (Prop_B6LUT_SLICEM_I0_O)
                                                      0.137    36.742 f  candidate_lanes[1].lane_pe/codec/clip164__4__0_i_14/O
                         net (fo=5, routed)           0.354    37.096    candidate_lanes[1].lane_pe/codec/clip164__4__0_i_14_n_0
    SLICE_X5Y70          LUT6 (Prop_H6LUT_SLICEM_I5_O)
                                                      0.138    37.234 f  candidate_lanes[1].lane_pe/codec/clip164__3__0_i_324/O
                         net (fo=1, routed)           0.262    37.496    candidate_lanes[1].lane_pe/codec/clip164__3__0_i_324_n_0
    SLICE_X4Y70          CARRY8 (Prop_CARRY8_SLICEM_DI[4]_CO[7])
                                                      0.137    37.633 f  candidate_lanes[1].lane_pe/codec/i_/clip164__3__0_i_267/CO[7]
                         net (fo=1, routed)           0.030    37.663    candidate_lanes[1].lane_pe/codec/i_/clip164__3__0_i_267_n_0
    SLICE_X4Y71          CARRY8 (Prop_CARRY8_SLICEM_CI_CO[7])
                                                      0.065    37.728 f  candidate_lanes[1].lane_pe/codec/i_/clip164__3__0_i_143/CO[7]
                         net (fo=1, routed)           0.030    37.758    candidate_lanes[1].lane_pe/codec/i_/clip164__3__0_i_143_n_0
    SLICE_X4Y72          CARRY8 (Prop_CARRY8_SLICEM_CI_CO[7])
                                                      0.065    37.823 f  candidate_lanes[1].lane_pe/codec/i_/clip164__3__0_i_66/CO[7]
                         net (fo=1, routed)           0.030    37.853    candidate_lanes[1].lane_pe/codec/i_/clip164__3__0_i_66_n_0
    SLICE_X4Y73          CARRY8 (Prop_CARRY8_SLICEM_CI_CO[0])
                                                      0.074    37.927 f  candidate_lanes[1].lane_pe/codec/i_/clip164__3__0_i_22/CO[0]
                         net (fo=26, routed)          0.408    38.335    candidate_lanes[1].lane_pe/codec/i_/clip164__3__0_i_22_n_7
    SLICE_X4Y65          LUT5 (Prop_C6LUT_SLICEM_I3_O)
                                                      0.186    38.521 f  candidate_lanes[1].lane_pe/codec/clip164__3__0_i_11/O
                         net (fo=1, routed)           0.354    38.875    candidate_lanes[1].lane_pe/codec/clip164__3__0/A[6]
    DSP48E2_X1Y28        DSP_A_B_DATA (Prop_DSP_A_B_DATA_DSP48E2_A[6]_A2_DATA[6])
                                                      0.258    39.133 r  candidate_lanes[1].lane_pe/codec/clip164__3__0/DSP_A_B_DATA_INST/A2_DATA[6]
                         net (fo=1, routed)           0.000    39.133    candidate_lanes[1].lane_pe/codec/clip164__3__0/DSP_A_B_DATA.A2_DATA<6>
    DSP48E2_X1Y28        DSP_PREADD_DATA (Prop_DSP_PREADD_DATA_DSP48E2_A2_DATA[6]_A2A1[6])
                                                      0.114    39.247 r  candidate_lanes[1].lane_pe/codec/clip164__3__0/DSP_PREADD_DATA_INST/A2A1[6]
                         net (fo=1, routed)           0.000    39.247    candidate_lanes[1].lane_pe/codec/clip164__3__0/DSP_PREADD_DATA.A2A1<6>
    DSP48E2_X1Y28        DSP_MULTIPLIER (Prop_DSP_MULTIPLIER_DSP48E2_A2A1[6]_U[27])
                                                      0.700    39.947 f  candidate_lanes[1].lane_pe/codec/clip164__3__0/DSP_MULTIPLIER_INST/U[27]
                         net (fo=1, routed)           0.000    39.947    candidate_lanes[1].lane_pe/codec/clip164__3__0/DSP_MULTIPLIER.U<27>
    DSP48E2_X1Y28        DSP_M_DATA (Prop_DSP_M_DATA_DSP48E2_U[27]_U_DATA[27])
                                                      0.067    40.014 r  candidate_lanes[1].lane_pe/codec/clip164__3__0/DSP_M_DATA_INST/U_DATA[27]
                         net (fo=1, routed)           0.000    40.014    candidate_lanes[1].lane_pe/codec/clip164__3__0/DSP_M_DATA.U_DATA<27>
    DSP48E2_X1Y28        DSP_ALU (Prop_DSP_ALU_DSP48E2_U_DATA[27]_ALU_OUT[47])
                                                      0.727    40.741 f  candidate_lanes[1].lane_pe/codec/clip164__3__0/DSP_ALU_INST/ALU_OUT[47]
                         net (fo=1, routed)           0.000    40.741    candidate_lanes[1].lane_pe/codec/clip164__3__0/DSP_ALU.ALU_OUT<47>
    DSP48E2_X1Y28        DSP_OUTPUT (Prop_DSP_OUTPUT_DSP48E2_ALU_OUT[47]_PCOUT[47])
                                                      0.167    40.908 r  candidate_lanes[1].lane_pe/codec/clip164__3__0/DSP_OUTPUT_INST/PCOUT[47]
                         net (fo=1, routed)           0.014    40.922    candidate_lanes[1].lane_pe/codec/clip164__4__0/PCIN[47]
    DSP48E2_X1Y29        DSP_ALU (Prop_DSP_ALU_DSP48E2_PCIN[47]_ALU_OUT[5])
                                                      0.739    41.661 r  candidate_lanes[1].lane_pe/codec/clip164__4__0/DSP_ALU_INST/ALU_OUT[5]
                         net (fo=1, routed)           0.000    41.661    candidate_lanes[1].lane_pe/codec/clip164__4__0/DSP_ALU.ALU_OUT<5>
    DSP48E2_X1Y29        DSP_OUTPUT (Prop_DSP_OUTPUT_DSP48E2_ALU_OUT[5]_P[5])
                                                      0.146    41.807 f  candidate_lanes[1].lane_pe/codec/clip164__4__0/DSP_OUTPUT_INST/P[5]
                         net (fo=4, routed)           0.538    42.345    candidate_lanes[1].lane_pe/codec/clip164__4__0_n_100
    SLICE_X3Y73          LUT6 (Prop_B6LUT_SLICEL_I1_O)
                                                      0.152    42.497 f  candidate_lanes[1].lane_pe/codec/i___96_i_148/O
                         net (fo=7, routed)           0.243    42.740    candidate_lanes[1].lane_pe/codec/i___96_i_148_n_0
    SLICE_X4Y75          LUT2 (Prop_F6LUT_SLICEM_I1_O)
                                                      0.224    42.964 r  candidate_lanes[1].lane_pe/codec/i___16_i_721/O
                         net (fo=1, routed)           0.029    42.993    candidate_lanes[1].lane_pe/codec/i___16_i_721_n_0
    SLICE_X4Y75          CARRY8 (Prop_CARRY8_SLICEM_S[5]_CO[7])
                                                      0.238    43.231 r  candidate_lanes[1].lane_pe/codec/i___16_i_543/CO[7]
                         net (fo=1, routed)           0.030    43.261    candidate_lanes[1].lane_pe/codec/i___16_i_543_n_0
    SLICE_X4Y76          CARRY8 (Prop_CARRY8_SLICEM_CI_CO[7])
                                                      0.065    43.326 r  candidate_lanes[1].lane_pe/codec/i___16_i_392/CO[7]
                         net (fo=1, routed)           0.030    43.356    candidate_lanes[1].lane_pe/codec/i___16_i_392_n_0
    SLICE_X4Y77          CARRY8 (Prop_CARRY8_SLICEM_CI_CO[7])
                                                      0.065    43.421 r  candidate_lanes[1].lane_pe/codec/i___16_i_238/CO[7]
                         net (fo=1, routed)           0.030    43.451    candidate_lanes[1].lane_pe/codec/i___16_i_238_n_0
    SLICE_X4Y78          CARRY8 (Prop_CARRY8_SLICEM_CI_CO[0])
                                                      0.074    43.525 r  candidate_lanes[1].lane_pe/codec/i___16_i_109/CO[0]
                         net (fo=250, routed)         0.760    44.285    candidate_lanes[1].lane_pe/codec/clip161__2__0
    SLICE_X3Y104         LUT5 (Prop_F6LUT_SLICEL_I3_O)
                                                      0.187    44.472 r  candidate_lanes[1].lane_pe/codec/i___286_i_78__0/O
                         net (fo=25, routed)          0.285    44.757    candidate_lanes[1].lane_pe/codec/codec_dequantized__1[59]
    SLICE_X5Y102         LUT3 (Prop_A5LUT_SLICEM_I2_O)
                                                      0.225    44.982 r  candidate_lanes[1].lane_pe/codec/i_/i___218_i_69/O
                         net (fo=2, routed)           0.463    45.445    candidate_lanes[1].lane_pe/codec/i_/i___218_i_69_n_0
    SLICE_X5Y102         LUT4 (Prop_B6LUT_SLICEM_I3_O)
                                                      0.152    45.597 r  candidate_lanes[1].lane_pe/codec/i_/i___218_i_77/O
                         net (fo=1, routed)           0.022    45.619    candidate_lanes[1].lane_pe/codec/i_/i___218_i_77_n_0
    SLICE_X5Y102         CARRY8 (Prop_CARRY8_SLICEM_S[1]_O[7])
                                                      0.334    45.953 r  candidate_lanes[1].lane_pe/codec/i_/i___218_i_24/O[7]
                         net (fo=2, routed)           0.613    46.566    candidate_lanes[1].lane_pe/codec/(null)[0].value40_in__0__0[20]
    SLICE_X15Y104        LUT5 (Prop_C6LUT_SLICEL_I0_O)
                                                      0.136    46.702 r  candidate_lanes[1].lane_pe/codec/i___218_i_6__1/O
                         net (fo=2, routed)           0.450    47.152    candidate_lanes[1].lane_pe/codec/i___218_i_6__1_n_0
    SLICE_X14Y102        LUT6 (Prop_E6LUT_SLICEL_I0_O)
                                                      0.223    47.375 r  candidate_lanes[1].lane_pe/codec/i_/i___218_i_14/O
                         net (fo=1, routed)           0.011    47.386    candidate_lanes[1].lane_pe/codec/i_/i___218_i_14_n_0
    SLICE_X14Y102        CARRY8 (Prop_CARRY8_SLICEL_S[4]_CO[7])
                                                      0.232    47.618 r  candidate_lanes[1].lane_pe/codec/i_/i___218_i_2/CO[7]
                         net (fo=1, routed)           0.030    47.648    candidate_lanes[1].lane_pe/codec/i_/i___218_i_2_n_0
    SLICE_X14Y103        CARRY8 (Prop_CARRY8_SLICEL_CI_O[1])
                                                      0.106    47.754 r  candidate_lanes[1].lane_pe/codec/i_/i___221_i_5/O[1]
                         net (fo=1, routed)           0.454    48.208    candidate_lanes[1].lane_pe/codec/i_/i___221_i_5_n_14
    SLICE_X17Y103        CARRY8 (Prop_CARRY8_SLICEM_S[5]_CO[7])
                                                      0.238    48.446 r  candidate_lanes[1].lane_pe/codec/i_/i___218_i_1/CO[7]
                         net (fo=1, routed)           0.030    48.476    candidate_lanes[1].lane_pe/codec/i_/i___218_i_1_n_0
    SLICE_X17Y104        CARRY8 (Prop_CARRY8_SLICEM_CI_CO[3])
                                                      0.082    48.558 r  candidate_lanes[1].lane_pe/codec/i_/i___221_i_2/CO[3]
                         net (fo=103, routed)         0.623    49.181    candidate_lanes[1].lane_pe/codec/i_/i___221_i_2_n_4
    SLICE_X22Y121        LUT2 (Prop_F6LUT_SLICEL_I0_O)
                                                      0.187    49.368 r  candidate_lanes[1].lane_pe/codec/i___221_i_81__0/O
                         net (fo=1, routed)           0.015    49.383    candidate_lanes[1].lane_pe/codec/i___221_i_81__0_n_0
    SLICE_X22Y121        CARRY8 (Prop_CARRY8_SLICEL_S[5]_CO[7])
                                                      0.232    49.615 f  candidate_lanes[1].lane_pe/codec/i_/i___221_i_39/CO[7]
                         net (fo=1, routed)           0.030    49.645    candidate_lanes[1].lane_pe/codec/i_/i___221_i_39_n_0
    SLICE_X22Y122        CARRY8 (Prop_CARRY8_SLICEL_CI_CO[7])
                                                      0.065    49.710 f  candidate_lanes[1].lane_pe/codec/i_/i___221_i_8/CO[7]
                         net (fo=1, routed)           0.030    49.740    candidate_lanes[1].lane_pe/codec/i_/i___221_i_8_n_0
    SLICE_X22Y123        CARRY8 (Prop_CARRY8_SLICEL_CI_CO[7])
                                                      0.065    49.805 f  candidate_lanes[1].lane_pe/codec/i_/i___221_i_4/CO[7]
                         net (fo=1, routed)           0.030    49.835    candidate_lanes[1].lane_pe/codec/i_/i___221_i_4_n_0
    SLICE_X22Y124        CARRY8 (Prop_CARRY8_SLICEL_CI_CO[0])
                                                      0.074    49.909 f  candidate_lanes[1].lane_pe/codec/i_/i___221_i_1/CO[0]
                         net (fo=402, routed)         0.950    50.859    candidate_lanes[1].lane_pe/codec/i_/i___221_i_1_n_7
    SLICE_X23Y138        LUT3 (Prop_B6LUT_SLICEL_I0_O)
                                                      0.138    50.997 r  candidate_lanes[1].lane_pe/codec/i___174_i_2__2/O
                         net (fo=12, routed)          0.199    51.197    candidate_lanes[1].lane_pe/codec/i___91_i_22__0_n_0
    SLICE_X23Y138        LUT4 (Prop_D6LUT_SLICEL_I3_O)
                                                      0.221    51.418 r  candidate_lanes[1].lane_pe/codec/i___1/i___178/O
                         net (fo=1, routed)           0.013    51.431    candidate_lanes[1].lane_pe/codec/i___1/i___178_n_0
    SLICE_X23Y138        CARRY8 (Prop_CARRY8_SLICEL_S[3]_CO[7])
                                                      0.220    51.651 r  candidate_lanes[1].lane_pe/codec/i___91_i_3__0/CO[7]
                         net (fo=1, routed)           0.030    51.681    candidate_lanes[1].lane_pe/codec/i___91_i_3__0_n_0
    SLICE_X23Y139        CARRY8 (Prop_CARRY8_SLICEL_CI_O[3])
                                                      0.114    51.795 r  candidate_lanes[1].lane_pe/codec/i___193_i_1__1/O[3]
                         net (fo=3, routed)           0.410    52.205    candidate_lanes[1].lane_pe/codec/i___193_i_1__1_n_12
    SLICE_X23Y142        LUT6 (Prop_G6LUT_SLICEL_I5_O)
                                                      0.226    52.431 r  candidate_lanes[1].lane_pe/codec/i___223_i_239__0/O
                         net (fo=1, routed)           0.012    52.443    candidate_lanes[1].lane_pe/codec/i___223_i_239__0_n_0
    SLICE_X23Y142        CARRY8 (Prop_CARRY8_SLICEL_S[6]_CO[7])
                                                      0.171    52.614 r  candidate_lanes[1].lane_pe/codec/i___223_i_162__0/CO[7]
                         net (fo=1, routed)           0.030    52.644    candidate_lanes[1].lane_pe/codec/i___223_i_162__0_n_0
    SLICE_X23Y143        CARRY8 (Prop_CARRY8_SLICEL_CI_CO[7])
                                                      0.065    52.709 r  candidate_lanes[1].lane_pe/codec/i___223_i_74__0/CO[7]
                         net (fo=1, routed)           0.030    52.739    candidate_lanes[1].lane_pe/codec/i___223_i_74__0_n_0
    SLICE_X23Y144        CARRY8 (Prop_CARRY8_SLICEL_CI_O[3])
                                                      0.114    52.853 r  candidate_lanes[1].lane_pe/codec/i___223_i_39__1/O[3]
                         net (fo=3, routed)           0.944    53.797    candidate_lanes[1].lane_pe/codec/i___223_i_39__1_n_12
    SLICE_X17Y147        LUT3 (Prop_E6LUT_SLICEM_I0_O)
                                                      0.138    53.935 r  candidate_lanes[1].lane_pe/codec/i___223_i_48__1/O
                         net (fo=2, routed)           0.058    53.993    candidate_lanes[1].lane_pe/codec/i___223_i_48__1_n_0
    SLICE_X17Y147        LUT5 (Prop_D6LUT_SLICEM_I1_O)
                                                      0.134    54.127 r  candidate_lanes[1].lane_pe/codec/i___223_i_11__1/O
                         net (fo=2, routed)           0.278    54.405    candidate_lanes[1].lane_pe/codec/i___223_i_11__1_n_0
    SLICE_X18Y148        LUT6 (Prop_A6LUT_SLICEM_I0_O)
                                                      0.152    54.557 r  candidate_lanes[1].lane_pe/codec/i___223_i_18__1/O
                         net (fo=1, routed)           0.017    54.574    candidate_lanes[1].lane_pe/codec/i___223_i_18__1_n_0
    SLICE_X18Y148        CARRY8 (Prop_CARRY8_SLICEM_S[0]_O[2])
                                                      0.187    54.761 r  candidate_lanes[1].lane_pe/codec/i___223_i_3__0/O[2]
                         net (fo=1, routed)           0.466    55.227    candidate_lanes[1].lane_pe/codec/matrix_sum[27]
    SLICE_X19Y145        CARRY8 (Prop_CARRY8_SLICEL_S[1]_O[4])
                                                      0.279    55.506 r  candidate_lanes[1].lane_pe/codec/i___223_i_1__0/O[4]
                         net (fo=5, routed)           0.819    56.325    candidate_lanes[1].lane_pe/codec/i___223_i_1__0_n_11
    SLICE_X26Y142        LUT2 (Prop_C6LUT_SLICEL_I0_O)
                                                      0.187    56.512 r  candidate_lanes[1].lane_pe/codec/i___4_i_76__1/O
                         net (fo=1, routed)           0.015    56.527    candidate_lanes[1].lane_pe/codec/i___4_i_76__1_n_0
    SLICE_X26Y142        CARRY8 (Prop_CARRY8_SLICEL_S[2]_CO[7])
                                                      0.219    56.746 r  candidate_lanes[1].lane_pe/codec/i___4_i_52__0/CO[7]
                         net (fo=1, routed)           0.030    56.776    candidate_lanes[1].lane_pe/codec/i___4_i_52__0_n_0
    SLICE_X26Y143        CARRY8 (Prop_CARRY8_SLICEL_CI_CO[7])
                                                      0.065    56.841 r  candidate_lanes[1].lane_pe/codec/i___4_i_34__0/CO[7]
                         net (fo=1, routed)           0.030    56.871    candidate_lanes[1].lane_pe/codec/i___4_i_34__0_n_0
    SLICE_X26Y144        CARRY8 (Prop_CARRY8_SLICEL_CI_CO[7])
                                                      0.065    56.936 r  candidate_lanes[1].lane_pe/codec/i___4_i_31__1/CO[7]
                         net (fo=1, routed)           0.030    56.966    candidate_lanes[1].lane_pe/codec/i___4_i_31__1_n_0
    SLICE_X26Y145        CARRY8 (Prop_CARRY8_SLICEL_CI_CO[0])
                                                      0.074    57.040 r  candidate_lanes[1].lane_pe/codec/i___4_i_21__0/CO[0]
                         net (fo=32, routed)          0.340    57.380    candidate_lanes[1].lane_pe/codec/i___4_i_21__0_n_7
    SLICE_X27Y143        LUT4 (Prop_A6LUT_SLICEL_I2_O)
                                                      0.225    57.605 r  candidate_lanes[1].lane_pe/codec/i___211_i_9__0/O
                         net (fo=1, routed)           0.014    57.619    candidate_lanes[1].lane_pe/codec/i___211_i_9__0_n_0
    SLICE_X27Y143        CARRY8 (Prop_CARRY8_SLICEL_S[0]_CO[7])
                                                      0.278    57.897 r  candidate_lanes[1].lane_pe/codec/i___5/i___211_i_1/CO[7]
                         net (fo=1, routed)           0.030    57.927    candidate_lanes[1].lane_pe/codec/i___5/i___211_i_1_n_0
    SLICE_X27Y144        CARRY8 (Prop_CARRY8_SLICEL_CI_CO[7])
                                                      0.065    57.992 r  candidate_lanes[1].lane_pe/codec/i___5/i___110_i_1/CO[7]
                         net (fo=1, routed)           0.030    58.022    candidate_lanes[1].lane_pe/codec/i___5/i___110_i_1_n_0
    SLICE_X27Y145        CARRY8 (Prop_CARRY8_SLICEL_CI_CO[7])
                                                      0.065    58.087 r  candidate_lanes[1].lane_pe/codec/i___5/i___106_i_1/CO[7]
                         net (fo=1, routed)           0.030    58.117    candidate_lanes[1].lane_pe/codec/i___5/i___106_i_1_n_0
    SLICE_X27Y146        CARRY8 (Prop_CARRY8_SLICEL_CI_O[0])
                                                      0.078    58.195 f  candidate_lanes[1].lane_pe/codec/i___5/i___4_i_1__0/O[0]
                         net (fo=3, routed)           0.807    59.002    candidate_lanes[1].lane_pe/codec/i___5/i___4_i_1__0_n_15
    SLICE_X22Y146        LUT2 (Prop_A6LUT_SLICEL_I0_O)
                                                      0.188    59.190 r  candidate_lanes[1].lane_pe/codec/i___5/i___105/O
                         net (fo=1, routed)           0.014    59.204    candidate_lanes[1].lane_pe/codec/i___5/i___105_n_0
    SLICE_X22Y146        CARRY8 (Prop_CARRY8_SLICEL_S[0]_CO[3])
                                                      0.263    59.467 r  candidate_lanes[1].lane_pe/codec/i___5/i___4_i_2/CO[3]
                         net (fo=31, routed)          0.863    60.330    candidate_lanes[1].lane_pe/codec/i___5/i___4_i_2_n_4
    SLICE_X28Y142        LUT4 (Prop_A6LUT_SLICEM_I3_O)
                                                      0.138    60.468 r  candidate_lanes[1].lane_pe/codec/i___5/i___218/O
                         net (fo=1, routed)           0.017    60.485    candidate_lanes[1].lane_pe/codec/i___5/i___218_n_0
    SLICE_X28Y142        CARRY8 (Prop_CARRY8_SLICEM_S[0]_CO[7])
                                                      0.281    60.766 r  candidate_lanes[1].lane_pe/codec/i___5/distortion1_i_4/CO[7]
                         net (fo=1, routed)           0.030    60.796    candidate_lanes[1].lane_pe/codec/i___5/distortion1_i_4_n_0
    SLICE_X28Y143        CARRY8 (Prop_CARRY8_SLICEM_CI_O[7])
                                                      0.171    60.967 f  candidate_lanes[1].lane_pe/codec/i___5/distortion1_i_3/O[7]
                         net (fo=4, routed)           0.693    61.660    candidate_lanes[1].lane_pe/codec/distortion1__0/B[15]
    DSP48E2_X6Y60        DSP_A_B_DATA (Prop_DSP_A_B_DATA_DSP48E2_B[15]_B2_DATA[15])
                                                      0.216    61.876 r  candidate_lanes[1].lane_pe/codec/distortion1__0/DSP_A_B_DATA_INST/B2_DATA[15]
                         net (fo=1, routed)           0.000    61.876    candidate_lanes[1].lane_pe/codec/distortion1__0/DSP_A_B_DATA.B2_DATA<15>
    DSP48E2_X6Y60        DSP_PREADD_DATA (Prop_DSP_PREADD_DATA_DSP48E2_B2_DATA[15]_B2B1[15])
                                                      0.097    61.973 r  candidate_lanes[1].lane_pe/codec/distortion1__0/DSP_PREADD_DATA_INST/B2B1[15]
                         net (fo=1, routed)           0.000    61.973    candidate_lanes[1].lane_pe/codec/distortion1__0/DSP_PREADD_DATA.B2B1<15>
    DSP48E2_X6Y60        DSP_MULTIPLIER (Prop_DSP_MULTIPLIER_DSP48E2_B2B1[15]_U[43])
                                                      0.773    62.746 f  candidate_lanes[1].lane_pe/codec/distortion1__0/DSP_MULTIPLIER_INST/U[43]
                         net (fo=1, routed)           0.000    62.746    candidate_lanes[1].lane_pe/codec/distortion1__0/DSP_MULTIPLIER.U<43>
    DSP48E2_X6Y60        DSP_M_DATA (Prop_DSP_M_DATA_DSP48E2_U[43]_U_DATA[43])
                                                      0.067    62.813 r  candidate_lanes[1].lane_pe/codec/distortion1__0/DSP_M_DATA_INST/U_DATA[43]
                         net (fo=1, routed)           0.000    62.813    candidate_lanes[1].lane_pe/codec/distortion1__0/DSP_M_DATA.U_DATA<43>
    DSP48E2_X6Y60        DSP_ALU (Prop_DSP_ALU_DSP48E2_U_DATA[43]_ALU_OUT[47])
                                                      0.727    63.540 f  candidate_lanes[1].lane_pe/codec/distortion1__0/DSP_ALU_INST/ALU_OUT[47]
                         net (fo=1, routed)           0.000    63.540    candidate_lanes[1].lane_pe/codec/distortion1__0/DSP_ALU.ALU_OUT<47>
    DSP48E2_X6Y60        DSP_OUTPUT (Prop_DSP_OUTPUT_DSP48E2_ALU_OUT[47]_PCOUT[47])
                                                      0.167    63.707 r  candidate_lanes[1].lane_pe/codec/distortion1__0/DSP_OUTPUT_INST/PCOUT[47]
                         net (fo=1, routed)           0.014    63.721    candidate_lanes[1].lane_pe/codec/distortion1__1/PCIN[47]
    DSP48E2_X6Y61        DSP_ALU (Prop_DSP_ALU_DSP48E2_PCIN[47]_ALU_OUT[3])
                                                      0.739    64.460 f  candidate_lanes[1].lane_pe/codec/distortion1__1/DSP_ALU_INST/ALU_OUT[3]
                         net (fo=1, routed)           0.000    64.460    candidate_lanes[1].lane_pe/codec/distortion1__1/DSP_ALU.ALU_OUT<3>
    DSP48E2_X6Y61        DSP_OUTPUT (Prop_DSP_OUTPUT_DSP48E2_ALU_OUT[3]_P[3])
                                                      0.146    64.606 r  candidate_lanes[1].lane_pe/codec/distortion1__1/DSP_OUTPUT_INST/P[3]
                         net (fo=2, routed)           0.695    65.302    candidate_lanes[1].lane_pe/codec/distortion1__1_n_102
    SLICE_X21Y151        LUT2 (Prop_E6LUT_SLICEM_I0_O)
                                                      0.152    65.454 r  candidate_lanes[1].lane_pe/codec/out_distortion[31]_i_521/O
                         net (fo=1, routed)           0.018    65.472    candidate_lanes[1].lane_pe/codec/out_distortion[31]_i_521_n_0
    SLICE_X21Y151        CARRY8 (Prop_CARRY8_SLICEM_S[4]_CO[7])
                                                      0.236    65.708 r  candidate_lanes[1].lane_pe/codec/out_distortion_reg[31]_i_440/CO[7]
                         net (fo=1, routed)           0.030    65.738    candidate_lanes[1].lane_pe/codec/out_distortion_reg[31]_i_440_n_0
    SLICE_X21Y152        CARRY8 (Prop_CARRY8_SLICEM_CI_O[3])
                                                      0.114    65.852 r  candidate_lanes[1].lane_pe/codec/out_distortion_reg[31]_i_437/O[3]
                         net (fo=2, routed)           0.505    66.357    candidate_lanes[1].lane_pe/codec/out_distortion_reg[31]_i_437_n_12
    SLICE_X21Y175        LUT3 (Prop_D5LUT_SLICEM_I1_O)
                                                      0.154    66.511 r  candidate_lanes[1].lane_pe/codec/out_distortion[31]_i_338/O
                         net (fo=2, routed)           0.240    66.750    candidate_lanes[1].lane_pe/codec/out_distortion[31]_i_338_n_0
    SLICE_X21Y175        LUT4 (Prop_E6LUT_SLICEM_I3_O)
                                                      0.187    66.937 r  candidate_lanes[1].lane_pe/codec/out_distortion[31]_i_346/O
                         net (fo=1, routed)           0.018    66.955    candidate_lanes[1].lane_pe/codec/out_distortion[31]_i_346_n_0
    SLICE_X21Y175        CARRY8 (Prop_CARRY8_SLICEM_S[4]_O[4])
                                                      0.079    67.034 r  candidate_lanes[1].lane_pe/codec/out_distortion_reg[31]_i_179/O[4]
                         net (fo=2, routed)           0.561    67.595    candidate_lanes[1].lane_pe/codec/out_distortion_reg[31]_i_179_n_11
    SLICE_X20Y192        LUT3 (Prop_E5LUT_SLICEM_I1_O)
                                                      0.195    67.790 r  candidate_lanes[1].lane_pe/codec/out_distortion[31]_i_82/O
                         net (fo=2, routed)           0.324    68.114    candidate_lanes[1].lane_pe/codec/out_distortion[31]_i_82_n_0
    SLICE_X20Y192        LUT4 (Prop_F6LUT_SLICEM_I3_O)
                                                      0.224    68.338 r  candidate_lanes[1].lane_pe/codec/out_distortion[31]_i_90/O
                         net (fo=1, routed)           0.029    68.367    candidate_lanes[1].lane_pe/codec/out_distortion[31]_i_90_n_0
    SLICE_X20Y192        CARRY8 (Prop_CARRY8_SLICEM_S[5]_O[5])
                                                      0.084    68.451 r  candidate_lanes[1].lane_pe/codec/out_distortion_reg[31]_i_22/O[5]
                         net (fo=4, routed)           0.329    68.780    candidate_lanes[1].lane_pe/codec/out_distortion_reg[31]_i_22_n_10
    SLICE_X21Y192        LUT6 (Prop_G6LUT_SLICEM_I4_O)
                                                      0.152    68.932 r  candidate_lanes[1].lane_pe/codec/out_distortion[31]_i_3_comp/O
                         net (fo=2, routed)           0.341    69.273    candidate_lanes[1].lane_pe/codec/out_distortion[31]_i_3_n_0
    SLICE_X22Y206        LUT6 (Prop_G6LUT_SLICEL_I0_O)
                                                      0.151    69.424 r  candidate_lanes[1].lane_pe/codec/out_distortion[31]_i_11/O
                         net (fo=1, routed)           0.012    69.436    candidate_lanes[1].lane_pe/codec/out_distortion[31]_i_11_n_0
    SLICE_X22Y206        CARRY8 (Prop_CARRY8_SLICEL_S[6]_O[6])
                                                      0.078    69.514 r  candidate_lanes[1].lane_pe/codec/out_distortion_reg[31]_i_2/O[6]
                         net (fo=1, routed)           0.034    69.548    candidate_lanes[1].lane_pe/codec_distortion__0[30]
    SLICE_X22Y206        FDRE                                         r  candidate_lanes[1].lane_pe/out_distortion_reg[30]/D
  -------------------------------------------------------------------    -------------------

                         (clock chia_rdo_clk rise edge)
                                                      5.000     5.000 r  
                                                      0.000     5.000 r  clk (IN)
                         net (fo=1936, unset)         0.029     5.029    candidate_lanes[1].lane_pe/clk
    SLICE_X22Y206        FDRE                                         r  candidate_lanes[1].lane_pe/out_distortion_reg[30]/C
                         clock pessimism              0.000     5.029    
                         clock uncertainty           -0.035     4.994    
    SLICE_X22Y206        FDRE (Setup_GFF_SLICEL_C_D)
                                                      0.044     5.038    candidate_lanes[1].lane_pe/out_distortion_reg[30]
  -------------------------------------------------------------------
                         required time                          5.038    
                         arrival time                         -69.548    
  -------------------------------------------------------------------
                         slack                                -64.510    

Slack (VIOLATED) :        -64.263ns  (required time - arrival time)
  Source:                 launched_count_reg[1]_replica_10/C
                            (rising edge-triggered cell FDRE clocked by chia_rdo_clk  {rise@0.000ns fall@2.500ns period=5.000ns})
  Destination:            candidate_lanes[1].lane_pe/out_distortion_reg[29]/D
                            (rising edge-triggered cell FDRE clocked by chia_rdo_clk  {rise@0.000ns fall@2.500ns period=5.000ns})
  Path Group:             chia_rdo_clk
  Path Type:              Setup (Max at Slow Process Corner)
  Requirement:            5.000ns  (chia_rdo_clk rise@5.000ns - chia_rdo_clk rise@0.000ns)
  Data Path Delay:        69.258ns  (logic 35.623ns (51.436%)  route 33.635ns (48.564%))
  Logic Levels:           174  (CARRY8=69 DSP_A_B_DATA=5 DSP_ALU=10 DSP_M_DATA=4 DSP_MULTIPLIER=4 DSP_OUTPUT=10 DSP_PREADD_DATA=4 LUT1=1 LUT2=9 LUT3=12 LUT4=8 LUT5=15 LUT6=22 MUXF7=1)
  Clock Path Skew:        -0.014ns (DCD - SCD + CPR)
    Destination Clock Delay (DCD):    0.029ns = ( 5.029 - 5.000 ) 
    Source Clock Delay      (SCD):    0.043ns
    Clock Pessimism Removal (CPR):    0.000ns
  Clock Uncertainty:      0.035ns  ((TSJ^2 + TIJ^2)^1/2 + DJ) / 2 + PE
    Total System Jitter     (TSJ):    0.071ns
    Total Input Jitter      (TIJ):    0.000ns
    Discrete Jitter          (DJ):    0.000ns
    Phase Error              (PE):    0.000ns

    Location             Delay type                Incr(ns)  Path(ns)    Netlist Resource(s)
  -------------------------------------------------------------------    -------------------
                         (clock chia_rdo_clk rise edge)
                                                      0.000     0.000 r  
                                                      0.000     0.000 r  clk (IN)
                         net (fo=1936, unset)         0.043     0.043    clk
    SLICE_X31Y208        FDRE                                         r  launched_count_reg[1]_replica_10/C
  -------------------------------------------------------------------    -------------------
    SLICE_X31Y208        FDRE (Prop_GFF_SLICEM_C_Q)
                                                      0.116     0.159 r  launched_count_reg[1]_replica_10/Q
                         net (fo=6, routed)           0.133     0.292    candidate_lanes[1].lane_pe/rd_cost/p_4_in[1]_repN_10_alias
    SLICE_X31Y209        LUT3 (Prop_B6LUT_SLICEM_I1_O)
                                                      0.188     0.480 r  candidate_lanes[1].lane_pe/rd_cost/multi_stage.rate_stage00_i_237__0/O
                         net (fo=6, routed)           0.242     0.722    candidate_lanes[1].lane_pe/rd_cost/launched_count_reg[2]_0
    SLICE_X31Y208        LUT6 (Prop_G6LUT_SLICEM_I2_O)
                                                      0.152     0.874 f  candidate_lanes[1].lane_pe/rd_cost/multi_stage.rate_stage00_i_88/O
                         net (fo=1, routed)           0.141     1.015    candidate_lanes[1].lane_pe/rd_cost/multi_stage.rate_stage00_i_88_n_0
    SLICE_X31Y208        CARRY8 (Prop_CARRY8_SLICEM_DI[2]_CO[3])
                                                      0.190     1.205 f  candidate_lanes[1].lane_pe/rd_cost/multi_stage.rate_stage00_i_26__0/CO[3]
                         net (fo=53, routed)          0.313     1.518    candidate_lanes[1].lane_pe/codec/mode_reg_reg[0][0]
    SLICE_X31Y208        LUT6 (Prop_H6LUT_SLICEM_I4_O)
                                                      0.084     1.602 r  candidate_lanes[1].lane_pe/codec/multi_stage.rate_stage00_i_240__0/O
                         net (fo=3, routed)           0.139     1.741    candidate_lanes[1].lane_pe/codec/launched_count_reg[3]_1
    SLICE_X32Y208        LUT6 (Prop_H6LUT_SLICEM_I0_O)
                                                      0.189     1.930 r  candidate_lanes[1].lane_pe/codec/multi_stage.rate_stage00_i_98/O
                         net (fo=70, routed)          0.448     2.378    candidate_lanes[1].lane_pe/codec/launched_count_reg[3]_0
    SLICE_X32Y220        LUT5 (Prop_G6LUT_SLICEM_I1_O)
                                                      0.226     2.604 f  candidate_lanes[1].lane_pe/codec/mode_reg[5]_i_33/O
                         net (fo=2, routed)           0.059     2.663    candidate_lanes[1].lane_pe/codec/mode_reg[5]_i_33_n_0
    SLICE_X32Y220        LUT6 (Prop_E6LUT_SLICEM_I0_O)
                                                      0.152     2.815 f  candidate_lanes[1].lane_pe/codec/mode_reg[5]_i_14/O
                         net (fo=1, routed)           0.200     3.015    candidate_lanes[1].lane_pe/codec/mode_reg[5]_i_14_n_0
    SLICE_X32Y214        LUT6 (Prop_C6LUT_SLICEM_I0_O)
                                                      0.220     3.235 f  candidate_lanes[1].lane_pe/codec/mode_reg[5]_i_4/O
                         net (fo=7, routed)           0.405     3.641    candidate_lanes[1].lane_pe/codec/mode_reg[5]_i_4_n_0
    SLICE_X32Y208        LUT6 (Prop_F6LUT_SLICEM_I5_O)
                                                      0.149     3.790 f  candidate_lanes[1].lane_pe/codec/mode_reg[5]_i_1/O
                         net (fo=130, routed)         0.120     3.909    candidate_lanes[1].lane_pe/codec/launched_count_reg[1]_0
    SLICE_X32Y209        LUT5 (Prop_E6LUT_SLICEM_I0_O)
                                                      0.187     4.096 r  candidate_lanes[1].lane_pe/codec/angular_temporary1__14_i_9/O
                         net (fo=110, routed)         0.270     4.366    candidate_lanes[1].lane_pe/codec/angular_temporary1_i_49_n_0
    SLICE_X31Y207        LUT5 (Prop_H6LUT_SLICEM_I3_O)
                                                      0.154     4.520 r  candidate_lanes[1].lane_pe/codec/angular_temporary1_i_45/O
                         net (fo=1, routed)           0.145     4.665    candidate_lanes[1].lane_pe/codec/angular_temporary1_i_45_n_0
    SLICE_X31Y207        CARRY8 (Prop_CARRY8_SLICEM_DI[5]_CO[6])
                                                      0.120     4.785 r  candidate_lanes[1].lane_pe/codec/angular_temporary1_i_16/CO[6]
                         net (fo=144, routed)         0.185     4.970    candidate_lanes[1].lane_pe/codec/angular_temporary1_i_16_n_1
    SLICE_X31Y206        LUT5 (Prop_E6LUT_SLICEM_I0_O)
                                                      0.057     5.027 r  candidate_lanes[1].lane_pe/codec/angular_temporary3__3_i_2/O
                         net (fo=77, routed)          0.296     5.322    candidate_lanes[1].lane_pe/codec/angular_temporary3__3_i_2_n_0
    SLICE_X31Y203        LUT2 (Prop_A6LUT_SLICEM_I0_O)
                                                      0.138     5.460 r  candidate_lanes[1].lane_pe/codec/angular_temporary1__5_i_89/O
                         net (fo=1, routed)           0.017     5.477    candidate_lanes[1].lane_pe/codec/angular_temporary1__5_i_89_n_0
    SLICE_X31Y203        CARRY8 (Prop_CARRY8_SLICEM_S[0]_CO[7])
                                                      0.281     5.758 r  candidate_lanes[1].lane_pe/codec/angular_temporary1__5_i_50/CO[7]
                         net (fo=1, routed)           0.030     5.788    candidate_lanes[1].lane_pe/codec/angular_temporary1__5_i_50_n_0
    SLICE_X31Y204        CARRY8 (Prop_CARRY8_SLICEM_CI_CO[7])
                                                      0.073     5.861 r  candidate_lanes[1].lane_pe/codec/angular_temporary1__5_i_31/CO[7]
                         net (fo=58, routed)          0.607     6.468    candidate_lanes[1].lane_pe/codec/angular_temporary1__5_i_31_n_0
    SLICE_X41Y192        LUT6 (Prop_D6LUT_SLICEM_I0_O)
                                                      0.151     6.619 r  candidate_lanes[1].lane_pe/codec/angular_temporary1__9_i_119/O
                         net (fo=1, routed)           0.297     6.916    candidate_lanes[1].lane_pe/codec/angular_temporary1__9_i_119_n_0
    SLICE_X41Y193        CARRY8 (Prop_CARRY8_SLICEM_DI[0]_CO[7])
                                                      0.196     7.112 r  candidate_lanes[1].lane_pe/codec/angular_temporary1__9_i_65/CO[7]
                         net (fo=1, routed)           0.030     7.142    candidate_lanes[1].lane_pe/codec/angular_temporary1__9_i_65_n_0
    SLICE_X41Y194        CARRY8 (Prop_CARRY8_SLICEM_CI_O[0])
                                                      0.078     7.220 r  candidate_lanes[1].lane_pe/codec/angular_temporary1__9_i_45/O[0]
                         net (fo=18, routed)          0.277     7.497    candidate_lanes[1].lane_pe/codec/angular_temporary1__9_i_45_n_15
    SLICE_X42Y193        LUT4 (Prop_F6LUT_SLICEL_I0_O)
                                                      0.136     7.633 r  candidate_lanes[1].lane_pe/codec/angular_temporary3__1_i_123/O
                         net (fo=1, routed)           0.284     7.917    candidate_lanes[1].lane_pe/codec/inverse_angle_sum[8]
    SLICE_X42Y193        CARRY8 (Prop_CARRY8_SLICEL_DI[0]_O[2])
                                                      0.156     8.073 r  candidate_lanes[1].lane_pe/codec/angular_temporary3__1_i_69/O[2]
                         net (fo=32, routed)          0.518     8.591    candidate_lanes[1].lane_pe/codec/sel0[2]
    SLICE_X44Y189        LUT6 (Prop_B6LUT_SLICEL_I2_O)
                                                      0.224     8.815 f  candidate_lanes[1].lane_pe/codec/angular_temporary3__1_i_142/O
                         net (fo=1, routed)           0.377     9.192    candidate_lanes[1].lane_pe/codec/angular_temporary3__1_i_142_n_0
    SLICE_X42Y185        LUT6 (Prop_A6LUT_SLICEL_I5_O)
                                                      0.152     9.344 f  candidate_lanes[1].lane_pe/codec/angular_temporary3__1_i_86/O
                         net (fo=1, routed)           0.113     9.457    candidate_lanes[1].lane_pe/codec/angular_temporary3__1_i_86_n_0
    SLICE_X42Y185        LUT6 (Prop_D6LUT_SLICEL_I5_O)
                                                      0.136     9.593 f  candidate_lanes[1].lane_pe/codec/angular_temporary3__1_i_44/O
                         net (fo=1, routed)           0.341     9.934    candidate_lanes[1].lane_pe/codec/angular_temporary3__1_i_44_n_0
    SLICE_X34Y180        LUT6 (Prop_G6LUT_SLICEM_I4_O)
                                                      0.137    10.071 f  candidate_lanes[1].lane_pe/codec/angular_temporary3__1_i_16/O
                         net (fo=1, routed)           0.021    10.092    candidate_lanes[1].lane_pe/codec/angular_temporary3__1_i_16_n_0
    SLICE_X34Y180        MUXF7 (Prop_F7MUX_GH_SLICEM_I1_O)
                                                      0.102    10.194 f  candidate_lanes[1].lane_pe/codec/angular_temporary3__1_i_4/O
                         net (fo=3, routed)           0.264    10.457    candidate_lanes[1].lane_pe/codec/angular_temporary3__1/A[4]
    DSP48E2_X8Y72        DSP_A_B_DATA (Prop_DSP_A_B_DATA_DSP48E2_A[4]_A2_DATA[4])
                                                      0.258    10.715 r  candidate_lanes[1].lane_pe/codec/angular_temporary3__1/DSP_A_B_DATA_INST/A2_DATA[4]
                         net (fo=1, routed)           0.000    10.715    candidate_lanes[1].lane_pe/codec/angular_temporary3__1/DSP_A_B_DATA.A2_DATA<4>
    DSP48E2_X8Y72        DSP_PREADD_DATA (Prop_DSP_PREADD_DATA_DSP48E2_A2_DATA[4]_A2A1[4])
                                                      0.114    10.829 r  candidate_lanes[1].lane_pe/codec/angular_temporary3__1/DSP_PREADD_DATA_INST/A2A1[4]
                         net (fo=1, routed)           0.000    10.829    candidate_lanes[1].lane_pe/codec/angular_temporary3__1/DSP_PREADD_DATA.A2A1<4>
    DSP48E2_X8Y72        DSP_MULTIPLIER (Prop_DSP_MULTIPLIER_DSP48E2_A2A1[4]_U[25])
                                                      0.700    11.529 f  candidate_lanes[1].lane_pe/codec/angular_temporary3__1/DSP_MULTIPLIER_INST/U[25]
                         net (fo=1, routed)           0.000    11.529    candidate_lanes[1].lane_pe/codec/angular_temporary3__1/DSP_MULTIPLIER.U<25>
    DSP48E2_X8Y72        DSP_M_DATA (Prop_DSP_M_DATA_DSP48E2_U[25]_U_DATA[25])
                                                      0.067    11.596 r  candidate_lanes[1].lane_pe/codec/angular_temporary3__1/DSP_M_DATA_INST/U_DATA[25]
                         net (fo=1, routed)           0.000    11.596    candidate_lanes[1].lane_pe/codec/angular_temporary3__1/DSP_M_DATA.U_DATA<25>
    DSP48E2_X8Y72        DSP_ALU (Prop_DSP_ALU_DSP48E2_U_DATA[25]_ALU_OUT[47])
                                                      0.727    12.323 f  candidate_lanes[1].lane_pe/codec/angular_temporary3__1/DSP_ALU_INST/ALU_OUT[47]
                         net (fo=1, routed)           0.000    12.323    candidate_lanes[1].lane_pe/codec/angular_temporary3__1/DSP_ALU.ALU_OUT<47>
    DSP48E2_X8Y72        DSP_OUTPUT (Prop_DSP_OUTPUT_DSP48E2_ALU_OUT[47]_PCOUT[47])
                                                      0.167    12.490 r  candidate_lanes[1].lane_pe/codec/angular_temporary3__1/DSP_OUTPUT_INST/PCOUT[47]
                         net (fo=1, routed)           0.014    12.504    candidate_lanes[1].lane_pe/codec/angular_temporary3__2/PCIN[47]
    DSP48E2_X8Y73        DSP_ALU (Prop_DSP_ALU_DSP48E2_PCIN[47]_ALU_OUT[14])
                                                      0.739    13.243 r  candidate_lanes[1].lane_pe/codec/angular_temporary3__2/DSP_ALU_INST/ALU_OUT[14]
                         net (fo=1, routed)           0.000    13.243    candidate_lanes[1].lane_pe/codec/angular_temporary3__2/DSP_ALU.ALU_OUT<14>
    DSP48E2_X8Y73        DSP_OUTPUT (Prop_DSP_OUTPUT_DSP48E2_ALU_OUT[14]_P[14])
                                                      0.146    13.389 f  candidate_lanes[1].lane_pe/codec/angular_temporary3__2/DSP_OUTPUT_INST/P[14]
                         net (fo=17, routed)          0.732    14.121    candidate_lanes[1].lane_pe/codec/angular_temporary1__1/A[17]
    DSP48E2_X8Y64        DSP_A_B_DATA (Prop_DSP_A_B_DATA_DSP48E2_A[17]_A_ALU[17])
                                                      0.265    14.386 r  candidate_lanes[1].lane_pe/codec/angular_temporary1__1/DSP_A_B_DATA_INST/A_ALU[17]
                         net (fo=1, routed)           0.000    14.386    candidate_lanes[1].lane_pe/codec/angular_temporary1__1/DSP_A_B_DATA.A_ALU<17>
    DSP48E2_X8Y64        DSP_ALU (Prop_DSP_ALU_DSP48E2_A_ALU[17]_ALU_OUT[47])
                                                      0.726    15.112 f  candidate_lanes[1].lane_pe/codec/angular_temporary1__1/DSP_ALU_INST/ALU_OUT[47]
                         net (fo=1, routed)           0.000    15.112    candidate_lanes[1].lane_pe/codec/angular_temporary1__1/DSP_ALU.ALU_OUT<47>
    DSP48E2_X8Y64        DSP_OUTPUT (Prop_DSP_OUTPUT_DSP48E2_ALU_OUT[47]_PCOUT[47])
                                                      0.167    15.279 r  candidate_lanes[1].lane_pe/codec/angular_temporary1__1/DSP_OUTPUT_INST/PCOUT[47]
                         net (fo=1, routed)           0.014    15.293    candidate_lanes[1].lane_pe/codec/angular_temporary1__2/PCIN[47]
    DSP48E2_X8Y65        DSP_ALU (Prop_DSP_ALU_DSP48E2_PCIN[47]_ALU_OUT[7])
                                                      0.739    16.032 f  candidate_lanes[1].lane_pe/codec/angular_temporary1__2/DSP_ALU_INST/ALU_OUT[7]
                         net (fo=1, routed)           0.000    16.032    candidate_lanes[1].lane_pe/codec/angular_temporary1__2/DSP_ALU.ALU_OUT<7>
    DSP48E2_X8Y65        DSP_OUTPUT (Prop_DSP_OUTPUT_DSP48E2_ALU_OUT[7]_P[7])
                                                      0.146    16.178 r  candidate_lanes[1].lane_pe/codec/angular_temporary1__2/DSP_OUTPUT_INST/P[7]
                         net (fo=2, routed)           0.397    16.575    candidate_lanes[1].lane_pe/codec/angular_temporary1__2_n_98
    SLICE_X33Y155        LUT3 (Prop_A6LUT_SLICEL_I0_O)
                                                      0.225    16.800 r  candidate_lanes[1].lane_pe/codec/i___1_i_267/O
                         net (fo=2, routed)           0.098    16.898    candidate_lanes[1].lane_pe/codec/i___1_i_267_n_0
    SLICE_X32Y155        LUT6 (Prop_C6LUT_SLICEM_I0_O)
                                                      0.149    17.047 r  candidate_lanes[1].lane_pe/codec/i___1_i_275/O
                         net (fo=1, routed)           0.029    17.076    candidate_lanes[1].lane_pe/codec/i___1_i_275_n_0
    SLICE_X32Y155        CARRY8 (Prop_CARRY8_SLICEM_S[2]_CO[7])
                                                      0.229    17.305 r  candidate_lanes[1].lane_pe/codec/i___1_i_191/CO[7]
                         net (fo=1, routed)           0.030    17.335    candidate_lanes[1].lane_pe/codec/i___1_i_191_n_0
    SLICE_X32Y156        CARRY8 (Prop_CARRY8_SLICEM_CI_CO[7])
                                                      0.065    17.400 r  candidate_lanes[1].lane_pe/codec/i___283_i_72/CO[7]
                         net (fo=1, routed)           0.030    17.430    candidate_lanes[1].lane_pe/codec/i___283_i_72_n_0
    SLICE_X32Y157        CARRY8 (Prop_CARRY8_SLICEM_CI_CO[7])
                                                      0.065    17.495 r  candidate_lanes[1].lane_pe/codec/i___283_i_70/CO[7]
                         net (fo=1, routed)           0.030    17.525    candidate_lanes[1].lane_pe/codec/i___283_i_70_n_0
    SLICE_X32Y158        CARRY8 (Prop_CARRY8_SLICEM_CI_O[2])
                                                      0.093    17.618 f  candidate_lanes[1].lane_pe/codec/i___111_i_30/O[2]
                         net (fo=3, routed)           0.290    17.908    candidate_lanes[1].lane_pe/codec/i___111_i_30_n_13
    SLICE_X33Y157        LUT2 (Prop_B6LUT_SLICEL_I1_O)
                                                      0.224    18.132 r  candidate_lanes[1].lane_pe/codec/i___111_i_35/O
                         net (fo=1, routed)           0.013    18.145    candidate_lanes[1].lane_pe/codec/i___111_i_35_n_0
    SLICE_X33Y157        CARRY8 (Prop_CARRY8_SLICEL_S[1]_CO[3])
                                                      0.250    18.395 r  candidate_lanes[1].lane_pe/codec/i___111_i_29/CO[3]
                         net (fo=27, routed)          0.251    18.646    candidate_lanes[1].lane_pe/codec/i___111_i_29_n_4
    SLICE_X33Y154        LUT3 (Prop_A6LUT_SLICEL_I1_O)
                                                      0.058    18.704 r  candidate_lanes[1].lane_pe/codec/i___1_i_138/O
                         net (fo=1, routed)           0.050    18.754    candidate_lanes[1].lane_pe/codec/i___1_i_138_n_0
    SLICE_X33Y154        LUT5 (Prop_B6LUT_SLICEL_I0_O)
                                                      0.138    18.892 r  candidate_lanes[1].lane_pe/codec/i___1_i_70__4/O
                         net (fo=2, routed)           0.403    19.295    candidate_lanes[1].lane_pe/codec/angular_temporary1_out[3]
    SLICE_X32Y143        LUT5 (Prop_H6LUT_SLICEM_I2_O)
                                                      0.154    19.449 r  candidate_lanes[1].lane_pe/codec/i___1_i_33__4/O
                         net (fo=2, routed)           0.514    19.963    candidate_lanes[1].lane_pe/codec/i___1_i_33__4_n_0
    SLICE_X29Y125        LUT5 (Prop_D6LUT_SLICEM_I4_O)
                                                      0.185    20.148 r  candidate_lanes[1].lane_pe/codec/i___1_i_8__6/O
                         net (fo=1, routed)           0.032    20.180    candidate_lanes[1].lane_pe/codec/i___1_i_8__6_n_0
    SLICE_X29Y125        CARRY8 (Prop_CARRY8_SLICEM_S[3]_O[5])
                                                      0.262    20.442 r  candidate_lanes[1].lane_pe/codec/i___1_i_1__0/O[5]
                         net (fo=25, routed)          0.525    20.967    candidate_lanes[1].lane_pe/codec/codec_residual[32]
    SLICE_X31Y103        LUT2 (Prop_F6LUT_SLICEM_I1_O)
                                                      0.224    21.191 r  candidate_lanes[1].lane_pe/codec/i___4/i___280/O
                         net (fo=1, routed)           0.029    21.220    candidate_lanes[1].lane_pe/codec/i___4/i___280_n_0
    SLICE_X31Y103        CARRY8 (Prop_CARRY8_SLICEM_S[5]_CO[7])
                                                      0.238    21.458 r  candidate_lanes[1].lane_pe/codec/(null)[0].value4__5_i_397/CO[7]
                         net (fo=1, routed)           0.030    21.488    candidate_lanes[1].lane_pe/codec/(null)[0].value4__5_i_397_n_0
    SLICE_X31Y104        CARRY8 (Prop_CARRY8_SLICEM_CI_O[0])
                                                      0.078    21.566 r  candidate_lanes[1].lane_pe/codec/(null)[0].value4__5_i_715/O[0]
                         net (fo=3, routed)           0.228    21.794    candidate_lanes[1].lane_pe/codec/(null)[0].value4__5_i_715_n_15
    SLICE_X30Y102        LUT4 (Prop_D6LUT_SLICEL_I3_O)
                                                      0.185    21.979 r  candidate_lanes[1].lane_pe/codec/(null)[0].value4__5_i_575/O
                         net (fo=1, routed)           0.013    21.992    candidate_lanes[1].lane_pe/codec/(null)[0].value4__5_i_575_n_0
    SLICE_X30Y102        CARRY8 (Prop_CARRY8_SLICEL_S[3]_O[4])
                                                      0.208    22.200 r  candidate_lanes[1].lane_pe/codec/(null)[0].value4__5_i_393/O[4]
                         net (fo=3, routed)           0.343    22.542    candidate_lanes[1].lane_pe/codec/(null)[0].value4__5_i_393_n_11
    SLICE_X32Y103        LUT3 (Prop_E6LUT_SLICEM_I0_O)
                                                      0.138    22.680 r  candidate_lanes[1].lane_pe/codec/(null)[0].value4__5_i_693/O
                         net (fo=2, routed)           0.211    22.891    candidate_lanes[1].lane_pe/codec/(null)[0].value4__5_i_693_n_0
    SLICE_X32Y103        LUT5 (Prop_H6LUT_SLICEM_I1_O)
                                                      0.228    23.119 r  candidate_lanes[1].lane_pe/codec/(null)[0].value4__5_i_484/O
                         net (fo=2, routed)           0.466    23.586    candidate_lanes[1].lane_pe/codec/(null)[0].value4__5_i_484_n_0
    SLICE_X34Y101        LUT6 (Prop_B6LUT_SLICEM_I0_O)
                                                      0.152    23.738 r  candidate_lanes[1].lane_pe/codec/(null)[0].value4__5_i_492/O
                         net (fo=1, routed)           0.022    23.760    candidate_lanes[1].lane_pe/codec/(null)[0].value4__5_i_492_n_0
    SLICE_X34Y101        CARRY8 (Prop_CARRY8_SLICEM_S[1]_O[5])
                                                      0.333    24.093 r  candidate_lanes[1].lane_pe/codec/(null)[0].value4__5_i_377/O[5]
                         net (fo=27, routed)          1.669    25.761    candidate_lanes[1].lane_pe/codec/(null)[0].value4__5_i_377_n_10
    SLICE_X10Y56         LUT2 (Prop_E6LUT_SLICEM_I0_O)
                                                      0.223    25.984 r  candidate_lanes[1].lane_pe/codec/(null)[0].value4__1__1_i_452/O
                         net (fo=1, routed)           0.018    26.002    candidate_lanes[1].lane_pe/codec/(null)[0].value4__1__1_i_452_n_0
    SLICE_X10Y56         CARRY8 (Prop_CARRY8_SLICEM_S[4]_CO[7])
                                                      0.236    26.238 r  candidate_lanes[1].lane_pe/codec/(null)[0].value4__1__1_i_318/CO[7]
                         net (fo=1, routed)           0.030    26.268    candidate_lanes[1].lane_pe/codec/(null)[0].value4__1__1_i_318_n_0
    SLICE_X10Y57         CARRY8 (Prop_CARRY8_SLICEM_CI_O[1])
                                                      0.106    26.374 r  candidate_lanes[1].lane_pe/codec/(null)[0].value4__1__1_i_317/O[1]
                         net (fo=3, routed)           0.333    26.707    candidate_lanes[1].lane_pe/codec/(null)[0].value4__1__1_i_317_n_14
    SLICE_X9Y55          LUT4 (Prop_H6LUT_SLICEL_I2_O)
                                                      0.188    26.895 r  candidate_lanes[1].lane_pe/codec/(null)[0].value4__1__1_i_214/O
                         net (fo=1, routed)           0.015    26.910    candidate_lanes[1].lane_pe/codec/(null)[0].value4__1__1_i_214_n_0
    SLICE_X9Y55          CARRY8 (Prop_CARRY8_SLICEL_S[7]_CO[7])
                                                      0.172    27.082 r  candidate_lanes[1].lane_pe/codec/(null)[0].value4__1__1_i_90/CO[7]
                         net (fo=1, routed)           0.030    27.112    candidate_lanes[1].lane_pe/codec/(null)[0].value4__1__1_i_90_n_0
    SLICE_X9Y56          CARRY8 (Prop_CARRY8_SLICEL_CI_O[0])
                                                      0.078    27.190 r  candidate_lanes[1].lane_pe/codec/clip164__3__0_i_109/O[0]
                         net (fo=3, routed)           0.339    27.529    candidate_lanes[1].lane_pe/codec/transformed51_in__1[19]
    SLICE_X10Y54         LUT5 (Prop_G6LUT_SLICEM_I3_O)
                                                      0.137    27.666 r  candidate_lanes[1].lane_pe/codec/(null)[0].value4__1__1_i_123/O
                         net (fo=2, routed)           0.289    27.955    candidate_lanes[1].lane_pe/codec/(null)[0].value4__1__1_i_123_n_0
    SLICE_X8Y55          LUT6 (Prop_H6LUT_SLICEM_I5_O)
                                                      0.060    28.015 r  candidate_lanes[1].lane_pe/codec/(null)[0].value4__1__1_i_48/O
                         net (fo=2, routed)           0.167    28.183    candidate_lanes[1].lane_pe/codec/(null)[0].value4__1__1_i_48_n_0
    SLICE_X8Y53          LUT3 (Prop_F6LUT_SLICEM_I0_O)
                                                      0.149    28.332 r  candidate_lanes[1].lane_pe/codec/(null)[0].value4__1__1_i_56/O
                         net (fo=1, routed)           0.029    28.361    candidate_lanes[1].lane_pe/codec/(null)[0].value4__1__1_i_56_n_0
    SLICE_X8Y53          CARRY8 (Prop_CARRY8_SLICEM_S[5]_CO[7])
                                                      0.238    28.599 r  candidate_lanes[1].lane_pe/codec/(null)[0].value4__1__1_i_19/CO[7]
                         net (fo=1, routed)           0.030    28.629    candidate_lanes[1].lane_pe/codec/(null)[0].value4__1__1_i_19_n_0
    SLICE_X8Y54          CARRY8 (Prop_CARRY8_SLICEM_CI_O[0])
                                                      0.078    28.707 f  candidate_lanes[1].lane_pe/codec/clip164__3__0_i_19/O[0]
                         net (fo=2, routed)           0.500    29.206    candidate_lanes[1].lane_pe/codec/codec_transformed__0[112]
    SLICE_X9Y43          LUT1 (Prop_H6LUT_SLICEL_I0_O)
                                                      0.083    29.289 r  candidate_lanes[1].lane_pe/codec/(null)[0].value4__1__1_i_38/O
                         net (fo=1, routed)           0.015    29.304    candidate_lanes[1].lane_pe/codec/(null)[0].value4__1__1_i_38_n_0
    SLICE_X9Y43          CARRY8 (Prop_CARRY8_SLICEL_S[7]_O[7])
                                                      0.079    29.383 f  candidate_lanes[1].lane_pe/codec/i_/(null)[0].value4__1__1_i_18/O[7]
                         net (fo=1, routed)           0.228    29.611    candidate_lanes[1].lane_pe/codec/i_/(null)[0].value4__1__1_i_18_n_8
    SLICE_X10Y43         LUT3 (Prop_H6LUT_SLICEM_I0_O)
                                                      0.228    29.839 f  candidate_lanes[1].lane_pe/codec/(null)[0].value4__1__1_i_1/O
                         net (fo=1, routed)           0.388    30.227    candidate_lanes[1].lane_pe/codec/(null)[0].value4__1__1/A[16]
    DSP48E2_X3Y16        DSP_A_B_DATA (Prop_DSP_A_B_DATA_DSP48E2_A[16]_A2_DATA[16])
                                                      0.258    30.485 r  candidate_lanes[1].lane_pe/codec/(null)[0].value4__1__1/DSP_A_B_DATA_INST/A2_DATA[16]
                         net (fo=1, routed)           0.000    30.485    candidate_lanes[1].lane_pe/codec/(null)[0].value4__1__1/DSP_A_B_DATA.A2_DATA<16>
    DSP48E2_X3Y16        DSP_PREADD_DATA (Prop_DSP_PREADD_DATA_DSP48E2_A2_DATA[16]_A2A1[16])
                                                      0.114    30.599 r  candidate_lanes[1].lane_pe/codec/(null)[0].value4__1__1/DSP_PREADD_DATA_INST/A2A1[16]
                         net (fo=1, routed)           0.000    30.599    candidate_lanes[1].lane_pe/codec/(null)[0].value4__1__1/DSP_PREADD_DATA.A2A1<16>
    DSP48E2_X3Y16        DSP_MULTIPLIER (Prop_DSP_MULTIPLIER_DSP48E2_A2A1[16]_U[36])
                                                      0.700    31.299 f  candidate_lanes[1].lane_pe/codec/(null)[0].value4__1__1/DSP_MULTIPLIER_INST/U[36]
                         net (fo=1, routed)           0.000    31.299    candidate_lanes[1].lane_pe/codec/(null)[0].value4__1__1/DSP_MULTIPLIER.U<36>
    DSP48E2_X3Y16        DSP_M_DATA (Prop_DSP_M_DATA_DSP48E2_U[36]_U_DATA[36])
                                                      0.067    31.366 r  candidate_lanes[1].lane_pe/codec/(null)[0].value4__1__1/DSP_M_DATA_INST/U_DATA[36]
                         net (fo=1, routed)           0.000    31.366    candidate_lanes[1].lane_pe/codec/(null)[0].value4__1__1/DSP_M_DATA.U_DATA<36>
    DSP48E2_X3Y16        DSP_ALU (Prop_DSP_ALU_DSP48E2_U_DATA[36]_ALU_OUT[47])
                                                      0.727    32.093 f  candidate_lanes[1].lane_pe/codec/(null)[0].value4__1__1/DSP_ALU_INST/ALU_OUT[47]
                         net (fo=1, routed)           0.000    32.093    candidate_lanes[1].lane_pe/codec/(null)[0].value4__1__1/DSP_ALU.ALU_OUT<47>
    DSP48E2_X3Y16        DSP_OUTPUT (Prop_DSP_OUTPUT_DSP48E2_ALU_OUT[47]_PCOUT[47])
                                                      0.167    32.260 r  candidate_lanes[1].lane_pe/codec/(null)[0].value4__1__1/DSP_OUTPUT_INST/PCOUT[47]
                         net (fo=1, routed)           0.014    32.274    candidate_lanes[1].lane_pe/codec/(null)[0].value4__2__1/PCIN[47]
    DSP48E2_X3Y17        DSP_ALU (Prop_DSP_ALU_DSP48E2_PCIN[47]_ALU_OUT[3])
                                                      0.739    33.013 f  candidate_lanes[1].lane_pe/codec/(null)[0].value4__2__1/DSP_ALU_INST/ALU_OUT[3]
                         net (fo=1, routed)           0.000    33.013    candidate_lanes[1].lane_pe/codec/(null)[0].value4__2__1/DSP_ALU.ALU_OUT<3>
    DSP48E2_X3Y17        DSP_OUTPUT (Prop_DSP_OUTPUT_DSP48E2_ALU_OUT[3]_P[3])
                                                      0.146    33.159 r  candidate_lanes[1].lane_pe/codec/(null)[0].value4__2__1/DSP_OUTPUT_INST/P[3]
                         net (fo=2, routed)           0.373    33.532    candidate_lanes[1].lane_pe/codec/(null)[0].value4__2__1_n_102
    SLICE_X12Y42         LUT6 (Prop_E6LUT_SLICEM_I5_O)
                                                      0.223    33.755 r  candidate_lanes[1].lane_pe/codec/clip164__3__0_i_181/O
                         net (fo=1, routed)           0.018    33.773    candidate_lanes[1].lane_pe/codec/clip164__3__0_i_181_n_0
    SLICE_X12Y42         CARRY8 (Prop_CARRY8_SLICEM_S[4]_CO[7])
                                                      0.236    34.009 r  candidate_lanes[1].lane_pe/codec/i_/clip164__3__0_i_93/CO[7]
                         net (fo=1, routed)           0.030    34.039    candidate_lanes[1].lane_pe/codec/i_/clip164__3__0_i_93_n_0
    SLICE_X12Y43         CARRY8 (Prop_CARRY8_SLICEM_CI_O[1])
                                                      0.106    34.145 f  candidate_lanes[1].lane_pe/codec/i_/clip164__3__0_i_75/O[1]
                         net (fo=4, routed)           0.935    35.080    candidate_lanes[1].lane_pe/codec/i_/clip164__3__0_i_75_n_14
    SLICE_X8Y64          LUT4 (Prop_D6LUT_SLICEM_I3_O)
                                                      0.080    35.160 r  candidate_lanes[1].lane_pe/codec/clip164__3__0_i_94/O
                         net (fo=1, routed)           0.200    35.360    candidate_lanes[1].lane_pe/codec/clip164__3__0_i_94_n_0
    SLICE_X5Y64          LUT5 (Prop_D6LUT_SLICEM_I4_O)
                                                      0.220    35.580 r  candidate_lanes[1].lane_pe/codec/clip164__3__0_i_38/O
                         net (fo=2, routed)           0.304    35.884    candidate_lanes[1].lane_pe/codec/clip164__3__0_i_85_n_0
    SLICE_X4Y66          CARRY8 (Prop_CARRY8_SLICEM_S[0]_CO[7])
                                                      0.281    36.165 r  candidate_lanes[1].lane_pe/codec/i_/clip164__3__0_i_30/CO[7]
                         net (fo=1, routed)           0.030    36.195    candidate_lanes[1].lane_pe/codec/i_/clip164__3__0_i_30_n_0
    SLICE_X4Y67          CARRY8 (Prop_CARRY8_SLICEM_CI_CO[7])
                                                      0.065    36.260 r  candidate_lanes[1].lane_pe/codec/i_/clip164__3__0_i_18/CO[7]
                         net (fo=1, routed)           0.030    36.290    candidate_lanes[1].lane_pe/codec/i_/clip164__3__0_i_18_n_0
    SLICE_X4Y68          CARRY8 (Prop_CARRY8_SLICEM_CI_O[5])
                                                      0.161    36.451 f  candidate_lanes[1].lane_pe/codec/i_/clip164__4__0_i_12/O[5]
                         net (fo=1, routed)           0.154    36.605    candidate_lanes[1].lane_pe/codec/i_/clip164__4__0_i_12_n_10
    SLICE_X4Y69          LUT3 (Prop_B6LUT_SLICEM_I0_O)
                                                      0.137    36.742 f  candidate_lanes[1].lane_pe/codec/clip164__4__0_i_14/O
                         net (fo=5, routed)           0.354    37.096    candidate_lanes[1].lane_pe/codec/clip164__4__0_i_14_n_0
    SLICE_X5Y70          LUT6 (Prop_H6LUT_SLICEM_I5_O)
                                                      0.138    37.234 f  candidate_lanes[1].lane_pe/codec/clip164__3__0_i_324/O
                         net (fo=1, routed)           0.262    37.496    candidate_lanes[1].lane_pe/codec/clip164__3__0_i_324_n_0
    SLICE_X4Y70          CARRY8 (Prop_CARRY8_SLICEM_DI[4]_CO[7])
                                                      0.137    37.633 f  candidate_lanes[1].lane_pe/codec/i_/clip164__3__0_i_267/CO[7]
                         net (fo=1, routed)           0.030    37.663    candidate_lanes[1].lane_pe/codec/i_/clip164__3__0_i_267_n_0
    SLICE_X4Y71          CARRY8 (Prop_CARRY8_SLICEM_CI_CO[7])
                                                      0.065    37.728 f  candidate_lanes[1].lane_pe/codec/i_/clip164__3__0_i_143/CO[7]
                         net (fo=1, routed)           0.030    37.758    candidate_lanes[1].lane_pe/codec/i_/clip164__3__0_i_143_n_0
    SLICE_X4Y72          CARRY8 (Prop_CARRY8_SLICEM_CI_CO[7])
                                                      0.065    37.823 f  candidate_lanes[1].lane_pe/codec/i_/clip164__3__0_i_66/CO[7]
                         net (fo=1, routed)           0.030    37.853    candidate_lanes[1].lane_pe/codec/i_/clip164__3__0_i_66_n_0
    SLICE_X4Y73          CARRY8 (Prop_CARRY8_SLICEM_CI_CO[0])
                                                      0.074    37.927 f  candidate_lanes[1].lane_pe/codec/i_/clip164__3__0_i_22/CO[0]
                         net (fo=26, routed)          0.408    38.335    candidate_lanes[1].lane_pe/codec/i_/clip164__3__0_i_22_n_7
    SLICE_X4Y65          LUT5 (Prop_C6LUT_SLICEM_I3_O)
                                                      0.186    38.521 f  candidate_lanes[1].lane_pe/codec/clip164__3__0_i_11/O
                         net (fo=1, routed)           0.354    38.875    candidate_lanes[1].lane_pe/codec/clip164__3__0/A[6]
    DSP48E2_X1Y28        DSP_A_B_DATA (Prop_DSP_A_B_DATA_DSP48E2_A[6]_A2_DATA[6])
                                                      0.258    39.133 r  candidate_lanes[1].lane_pe/codec/clip164__3__0/DSP_A_B_DATA_INST/A2_DATA[6]
                         net (fo=1, routed)           0.000    39.133    candidate_lanes[1].lane_pe/codec/clip164__3__0/DSP_A_B_DATA.A2_DATA<6>
    DSP48E2_X1Y28        DSP_PREADD_DATA (Prop_DSP_PREADD_DATA_DSP48E2_A2_DATA[6]_A2A1[6])
                                                      0.114    39.247 r  candidate_lanes[1].lane_pe/codec/clip164__3__0/DSP_PREADD_DATA_INST/A2A1[6]
                         net (fo=1, routed)           0.000    39.247    candidate_lanes[1].lane_pe/codec/clip164__3__0/DSP_PREADD_DATA.A2A1<6>
    DSP48E2_X1Y28        DSP_MULTIPLIER (Prop_DSP_MULTIPLIER_DSP48E2_A2A1[6]_U[27])
                                                      0.700    39.947 f  candidate_lanes[1].lane_pe/codec/clip164__3__0/DSP_MULTIPLIER_INST/U[27]
                         net (fo=1, routed)           0.000    39.947    candidate_lanes[1].lane_pe/codec/clip164__3__0/DSP_MULTIPLIER.U<27>
    DSP48E2_X1Y28        DSP_M_DATA (Prop_DSP_M_DATA_DSP48E2_U[27]_U_DATA[27])
                                                      0.067    40.014 r  candidate_lanes[1].lane_pe/codec/clip164__3__0/DSP_M_DATA_INST/U_DATA[27]
                         net (fo=1, routed)           0.000    40.014    candidate_lanes[1].lane_pe/codec/clip164__3__0/DSP_M_DATA.U_DATA<27>
    DSP48E2_X1Y28        DSP_ALU (Prop_DSP_ALU_DSP48E2_U_DATA[27]_ALU_OUT[47])
                                                      0.727    40.741 f  candidate_lanes[1].lane_pe/codec/clip164__3__0/DSP_ALU_INST/ALU_OUT[47]
                         net (fo=1, routed)           0.000    40.741    candidate_lanes[1].lane_pe/codec/clip164__3__0/DSP_ALU.ALU_OUT<47>
    DSP48E2_X1Y28        DSP_OUTPUT (Prop_DSP_OUTPUT_DSP48E2_ALU_OUT[47]_PCOUT[47])
                                                      0.167    40.908 r  candidate_lanes[1].lane_pe/codec/clip164__3__0/DSP_OUTPUT_INST/PCOUT[47]
                         net (fo=1, routed)           0.014    40.922    candidate_lanes[1].lane_pe/codec/clip164__4__0/PCIN[47]
    DSP48E2_X1Y29        DSP_ALU (Prop_DSP_ALU_DSP48E2_PCIN[47]_ALU_OUT[5])
                                                      0.739    41.661 r  candidate_lanes[1].lane_pe/codec/clip164__4__0/DSP_ALU_INST/ALU_OUT[5]
                         net (fo=1, routed)           0.000    41.661    candidate_lanes[1].lane_pe/codec/clip164__4__0/DSP_ALU.ALU_OUT<5>
    DSP48E2_X1Y29        DSP_OUTPUT (Prop_DSP_OUTPUT_DSP48E2_ALU_OUT[5]_P[5])
                                                      0.146    41.807 f  candidate_lanes[1].lane_pe/codec/clip164__4__0/DSP_OUTPUT_INST/P[5]
                         net (fo=4, routed)           0.538    42.345    candidate_lanes[1].lane_pe/codec/clip164__4__0_n_100
    SLICE_X3Y73          LUT6 (Prop_B6LUT_SLICEL_I1_O)
                                                      0.152    42.497 f  candidate_lanes[1].lane_pe/codec/i___96_i_148/O
                         net (fo=7, routed)           0.243    42.740    candidate_lanes[1].lane_pe/codec/i___96_i_148_n_0
    SLICE_X4Y75          LUT2 (Prop_F6LUT_SLICEM_I1_O)
                                                      0.224    42.964 r  candidate_lanes[1].lane_pe/codec/i___16_i_721/O
                         net (fo=1, routed)           0.029    42.993    candidate_lanes[1].lane_pe/codec/i___16_i_721_n_0
    SLICE_X4Y75          CARRY8 (Prop_CARRY8_SLICEM_S[5]_CO[7])
                                                      0.238    43.231 r  candidate_lanes[1].lane_pe/codec/i___16_i_543/CO[7]
                         net (fo=1, routed)           0.030    43.261    candidate_lanes[1].lane_pe/codec/i___16_i_543_n_0
    SLICE_X4Y76          CARRY8 (Prop_CARRY8_SLICEM_CI_CO[7])
                                                      0.065    43.326 r  candidate_lanes[1].lane_pe/codec/i___16_i_392/CO[7]
                         net (fo=1, routed)           0.030    43.356    candidate_lanes[1].lane_pe/codec/i___16_i_392_n_0
    SLICE_X4Y77          CARRY8 (Prop_CARRY8_SLICEM_CI_CO[7])
                                                      0.065    43.421 r  candidate_lanes[1].lane_pe/codec/i___16_i_238/CO[7]
                         net (fo=1, routed)           0.030    43.451    candidate_lanes[1].lane_pe/codec/i___16_i_238_n_0
    SLICE_X4Y78          CARRY8 (Prop_CARRY8_SLICEM_CI_CO[0])
                                                      0.074    43.525 r  candidate_lanes[1].lane_pe/codec/i___16_i_109/CO[0]
                         net (fo=250, routed)         0.760    44.285    candidate_lanes[1].lane_pe/codec/clip161__2__0
    SLICE_X3Y104         LUT5 (Prop_F6LUT_SLICEL_I3_O)
                                                      0.187    44.472 r  candidate_lanes[1].lane_pe/codec/i___286_i_78__0/O
                         net (fo=25, routed)          0.285    44.757    candidate_lanes[1].lane_pe/codec/codec_dequantized__1[59]
    SLICE_X5Y102         LUT3 (Prop_A5LUT_SLICEM_I2_O)
                                                      0.225    44.982 r  candidate_lanes[1].lane_pe/codec/i_/i___218_i_69/O
                         net (fo=2, routed)           0.463    45.445    candidate_lanes[1].lane_pe/codec/i_/i___218_i_69_n_0
    SLICE_X5Y102         LUT4 (Prop_B6LUT_SLICEM_I3_O)
                                                      0.152    45.597 r  candidate_lanes[1].lane_pe/codec/i_/i___218_i_77/O
                         net (fo=1, routed)           0.022    45.619    candidate_lanes[1].lane_pe/codec/i_/i___218_i_77_n_0
    SLICE_X5Y102         CARRY8 (Prop_CARRY8_SLICEM_S[1]_O[7])
                                                      0.334    45.953 r  candidate_lanes[1].lane_pe/codec/i_/i___218_i_24/O[7]
                         net (fo=2, routed)           0.613    46.566    candidate_lanes[1].lane_pe/codec/(null)[0].value40_in__0__0[20]
    SLICE_X15Y104        LUT5 (Prop_C6LUT_SLICEL_I0_O)
                                                      0.136    46.702 r  candidate_lanes[1].lane_pe/codec/i___218_i_6__1/O
                         net (fo=2, routed)           0.450    47.152    candidate_lanes[1].lane_pe/codec/i___218_i_6__1_n_0
    SLICE_X14Y102        LUT6 (Prop_E6LUT_SLICEL_I0_O)
                                                      0.223    47.375 r  candidate_lanes[1].lane_pe/codec/i_/i___218_i_14/O
                         net (fo=1, routed)           0.011    47.386    candidate_lanes[1].lane_pe/codec/i_/i___218_i_14_n_0
    SLICE_X14Y102        CARRY8 (Prop_CARRY8_SLICEL_S[4]_CO[7])
                                                      0.232    47.618 r  candidate_lanes[1].lane_pe/codec/i_/i___218_i_2/CO[7]
                         net (fo=1, routed)           0.030    47.648    candidate_lanes[1].lane_pe/codec/i_/i___218_i_2_n_0
    SLICE_X14Y103        CARRY8 (Prop_CARRY8_SLICEL_CI_O[1])
                                                      0.106    47.754 r  candidate_lanes[1].lane_pe/codec/i_/i___221_i_5/O[1]
                         net (fo=1, routed)           0.454    48.208    candidate_lanes[1].lane_pe/codec/i_/i___221_i_5_n_14
    SLICE_X17Y103        CARRY8 (Prop_CARRY8_SLICEM_S[5]_CO[7])
                                                      0.238    48.446 r  candidate_lanes[1].lane_pe/codec/i_/i___218_i_1/CO[7]
                         net (fo=1, routed)           0.030    48.476    candidate_lanes[1].lane_pe/codec/i_/i___218_i_1_n_0
    SLICE_X17Y104        CARRY8 (Prop_CARRY8_SLICEM_CI_CO[3])
                                                      0.082    48.558 r  candidate_lanes[1].lane_pe/codec/i_/i___221_i_2/CO[3]
                         net (fo=103, routed)         0.623    49.181    candidate_lanes[1].lane_pe/codec/i_/i___221_i_2_n_4
    SLICE_X22Y121        LUT2 (Prop_F6LUT_SLICEL_I0_O)
                                                      0.187    49.368 r  candidate_lanes[1].lane_pe/codec/i___221_i_81__0/O
                         net (fo=1, routed)           0.015    49.383    candidate_lanes[1].lane_pe/codec/i___221_i_81__0_n_0
    SLICE_X22Y121        CARRY8 (Prop_CARRY8_SLICEL_S[5]_CO[7])
                                                      0.232    49.615 f  candidate_lanes[1].lane_pe/codec/i_/i___221_i_39/CO[7]
                         net (fo=1, routed)           0.030    49.645    candidate_lanes[1].lane_pe/codec/i_/i___221_i_39_n_0
    SLICE_X22Y122        CARRY8 (Prop_CARRY8_SLICEL_CI_CO[7])
                                                      0.065    49.710 f  candidate_lanes[1].lane_pe/codec/i_/i___221_i_8/CO[7]
                         net (fo=1, routed)           0.030    49.740    candidate_lanes[1].lane_pe/codec/i_/i___221_i_8_n_0
    SLICE_X22Y123        CARRY8 (Prop_CARRY8_SLICEL_CI_CO[7])
                                                      0.065    49.805 f  candidate_lanes[1].lane_pe/codec/i_/i___221_i_4/CO[7]
                         net (fo=1, routed)           0.030    49.835    candidate_lanes[1].lane_pe/codec/i_/i___221_i_4_n_0
    SLICE_X22Y124        CARRY8 (Prop_CARRY8_SLICEL_CI_CO[0])
                                                      0.074    49.909 f  candidate_lanes[1].lane_pe/codec/i_/i___221_i_1/CO[0]
                         net (fo=402, routed)         0.950    50.859    candidate_lanes[1].lane_pe/codec/i_/i___221_i_1_n_7
    SLICE_X23Y138        LUT3 (Prop_B6LUT_SLICEL_I0_O)
                                                      0.138    50.997 r  candidate_lanes[1].lane_pe/codec/i___174_i_2__2/O
                         net (fo=12, routed)          0.199    51.197    candidate_lanes[1].lane_pe/codec/i___91_i_22__0_n_0
    SLICE_X23Y138        LUT4 (Prop_D6LUT_SLICEL_I3_O)
                                                      0.221    51.418 r  candidate_lanes[1].lane_pe/codec/i___1/i___178/O
                         net (fo=1, routed)           0.013    51.431    candidate_lanes[1].lane_pe/codec/i___1/i___178_n_0
    SLICE_X23Y138        CARRY8 (Prop_CARRY8_SLICEL_S[3]_CO[7])
                                                      0.220    51.651 r  candidate_lanes[1].lane_pe/codec/i___91_i_3__0/CO[7]
                         net (fo=1, routed)           0.030    51.681    candidate_lanes[1].lane_pe/codec/i___91_i_3__0_n_0
    SLICE_X23Y139        CARRY8 (Prop_CARRY8_SLICEL_CI_O[3])
                                                      0.114    51.795 r  candidate_lanes[1].lane_pe/codec/i___193_i_1__1/O[3]
                         net (fo=3, routed)           0.410    52.205    candidate_lanes[1].lane_pe/codec/i___193_i_1__1_n_12
    SLICE_X23Y142        LUT6 (Prop_G6LUT_SLICEL_I5_O)
                                                      0.226    52.431 r  candidate_lanes[1].lane_pe/codec/i___223_i_239__0/O
                         net (fo=1, routed)           0.012    52.443    candidate_lanes[1].lane_pe/codec/i___223_i_239__0_n_0
    SLICE_X23Y142        CARRY8 (Prop_CARRY8_SLICEL_S[6]_CO[7])
                                                      0.171    52.614 r  candidate_lanes[1].lane_pe/codec/i___223_i_162__0/CO[7]
                         net (fo=1, routed)           0.030    52.644    candidate_lanes[1].lane_pe/codec/i___223_i_162__0_n_0
    SLICE_X23Y143        CARRY8 (Prop_CARRY8_SLICEL_CI_CO[7])
                                                      0.065    52.709 r  candidate_lanes[1].lane_pe/codec/i___223_i_74__0/CO[7]
                         net (fo=1, routed)           0.030    52.739    candidate_lanes[1].lane_pe/codec/i___223_i_74__0_n_0
    SLICE_X23Y144        CARRY8 (Prop_CARRY8_SLICEL_CI_O[3])
                                                      0.114    52.853 r  candidate_lanes[1].lane_pe/codec/i___223_i_39__1/O[3]
                         net (fo=3, routed)           0.944    53.797    candidate_lanes[1].lane_pe/codec/i___223_i_39__1_n_12
    SLICE_X17Y147        LUT3 (Prop_E6LUT_SLICEM_I0_O)
                                                      0.138    53.935 r  candidate_lanes[1].lane_pe/codec/i___223_i_48__1/O
                         net (fo=2, routed)           0.058    53.993    candidate_lanes[1].lane_pe/codec/i___223_i_48__1_n_0
    SLICE_X17Y147        LUT5 (Prop_D6LUT_SLICEM_I1_O)
                                                      0.134    54.127 r  candidate_lanes[1].lane_pe/codec/i___223_i_11__1/O
                         net (fo=2, routed)           0.278    54.405    candidate_lanes[1].lane_pe/codec/i___223_i_11__1_n_0
    SLICE_X18Y148        LUT6 (Prop_A6LUT_SLICEM_I0_O)
                                                      0.152    54.557 r  candidate_lanes[1].lane_pe/codec/i___223_i_18__1/O
                         net (fo=1, routed)           0.017    54.574    candidate_lanes[1].lane_pe/codec/i___223_i_18__1_n_0
    SLICE_X18Y148        CARRY8 (Prop_CARRY8_SLICEM_S[0]_O[2])
                                                      0.187    54.761 r  candidate_lanes[1].lane_pe/codec/i___223_i_3__0/O[2]
                         net (fo=1, routed)           0.466    55.227    candidate_lanes[1].lane_pe/codec/matrix_sum[27]
    SLICE_X19Y145        CARRY8 (Prop_CARRY8_SLICEL_S[1]_O[4])
                                                      0.279    55.506 r  candidate_lanes[1].lane_pe/codec/i___223_i_1__0/O[4]
                         net (fo=5, routed)           0.819    56.325    candidate_lanes[1].lane_pe/codec/i___223_i_1__0_n_11
    SLICE_X26Y142        LUT2 (Prop_C6LUT_SLICEL_I0_O)
                                                      0.187    56.512 r  candidate_lanes[1].lane_pe/codec/i___4_i_76__1/O
                         net (fo=1, routed)           0.015    56.527    candidate_lanes[1].lane_pe/codec/i___4_i_76__1_n_0
    SLICE_X26Y142        CARRY8 (Prop_CARRY8_SLICEL_S[2]_CO[7])
                                                      0.219    56.746 r  candidate_lanes[1].lane_pe/codec/i___4_i_52__0/CO[7]
                         net (fo=1, routed)           0.030    56.776    candidate_lanes[1].lane_pe/codec/i___4_i_52__0_n_0
    SLICE_X26Y143        CARRY8 (Prop_CARRY8_SLICEL_CI_CO[7])
                                                      0.065    56.841 r  candidate_lanes[1].lane_pe/codec/i___4_i_34__0/CO[7]
                         net (fo=1, routed)           0.030    56.871    candidate_lanes[1].lane_pe/codec/i___4_i_34__0_n_0
    SLICE_X26Y144        CARRY8 (Prop_CARRY8_SLICEL_CI_CO[7])
                                                      0.065    56.936 r  candidate_lanes[1].lane_pe/codec/i___4_i_31__1/CO[7]
                         net (fo=1, routed)           0.030    56.966    candidate_lanes[1].lane_pe/codec/i___4_i_31__1_n_0
    SLICE_X26Y145        CARRY8 (Prop_CARRY8_SLICEL_CI_CO[0])
                                                      0.074    57.040 r  candidate_lanes[1].lane_pe/codec/i___4_i_21__0/CO[0]
                         net (fo=32, routed)          0.340    57.380    candidate_lanes[1].lane_pe/codec/i___4_i_21__0_n_7
    SLICE_X27Y143        LUT4 (Prop_A6LUT_SLICEL_I2_O)
                                                      0.225    57.605 r  candidate_lanes[1].lane_pe/codec/i___211_i_9__0/O
                         net (fo=1, routed)           0.014    57.619    candidate_lanes[1].lane_pe/codec/i___211_i_9__0_n_0
    SLICE_X27Y143        CARRY8 (Prop_CARRY8_SLICEL_S[0]_CO[7])
                                                      0.278    57.897 r  candidate_lanes[1].lane_pe/codec/i___5/i___211_i_1/CO[7]
                         net (fo=1, routed)           0.030    57.927    candidate_lanes[1].lane_pe/codec/i___5/i___211_i_1_n_0
    SLICE_X27Y144        CARRY8 (Prop_CARRY8_SLICEL_CI_CO[7])
                                                      0.065    57.992 r  candidate_lanes[1].lane_pe/codec/i___5/i___110_i_1/CO[7]
                         net (fo=1, routed)           0.030    58.022    candidate_lanes[1].lane_pe/codec/i___5/i___110_i_1_n_0
    SLICE_X27Y145        CARRY8 (Prop_CARRY8_SLICEL_CI_CO[7])
                                                      0.065    58.087 r  candidate_lanes[1].lane_pe/codec/i___5/i___106_i_1/CO[7]
                         net (fo=1, routed)           0.030    58.117    candidate_lanes[1].lane_pe/codec/i___5/i___106_i_1_n_0
    SLICE_X27Y146        CARRY8 (Prop_CARRY8_SLICEL_CI_O[0])
                                                      0.078    58.195 f  candidate_lanes[1].lane_pe/codec/i___5/i___4_i_1__0/O[0]
                         net (fo=3, routed)           0.807    59.002    candidate_lanes[1].lane_pe/codec/i___5/i___4_i_1__0_n_15
    SLICE_X22Y146        LUT2 (Prop_A6LUT_SLICEL_I0_O)
                                                      0.188    59.190 r  candidate_lanes[1].lane_pe/codec/i___5/i___105/O
                         net (fo=1, routed)           0.014    59.204    candidate_lanes[1].lane_pe/codec/i___5/i___105_n_0
    SLICE_X22Y146        CARRY8 (Prop_CARRY8_SLICEL_S[0]_CO[3])
                                                      0.263    59.467 r  candidate_lanes[1].lane_pe/codec/i___5/i___4_i_2/CO[3]
                         net (fo=31, routed)          0.863    60.330    candidate_lanes[1].lane_pe/codec/i___5/i___4_i_2_n_4
    SLICE_X28Y142        LUT4 (Prop_A6LUT_SLICEM_I3_O)
                                                      0.138    60.468 r  candidate_lanes[1].lane_pe/codec/i___5/i___218/O
                         net (fo=1, routed)           0.017    60.485    candidate_lanes[1].lane_pe/codec/i___5/i___218_n_0
    SLICE_X28Y142        CARRY8 (Prop_CARRY8_SLICEM_S[0]_CO[7])
                                                      0.281    60.766 r  candidate_lanes[1].lane_pe/codec/i___5/distortion1_i_4/CO[7]
                         net (fo=1, routed)           0.030    60.796    candidate_lanes[1].lane_pe/codec/i___5/distortion1_i_4_n_0
    SLICE_X28Y143        CARRY8 (Prop_CARRY8_SLICEM_CI_O[7])
                                                      0.171    60.967 f  candidate_lanes[1].lane_pe/codec/i___5/distortion1_i_3/O[7]
                         net (fo=4, routed)           0.693    61.660    candidate_lanes[1].lane_pe/codec/distortion1__0/B[15]
    DSP48E2_X6Y60        DSP_A_B_DATA (Prop_DSP_A_B_DATA_DSP48E2_B[15]_B2_DATA[15])
                                                      0.216    61.876 r  candidate_lanes[1].lane_pe/codec/distortion1__0/DSP_A_B_DATA_INST/B2_DATA[15]
                         net (fo=1, routed)           0.000    61.876    candidate_lanes[1].lane_pe/codec/distortion1__0/DSP_A_B_DATA.B2_DATA<15>
    DSP48E2_X6Y60        DSP_PREADD_DATA (Prop_DSP_PREADD_DATA_DSP48E2_B2_DATA[15]_B2B1[15])
                                                      0.097    61.973 r  candidate_lanes[1].lane_pe/codec/distortion1__0/DSP_PREADD_DATA_INST/B2B1[15]
                         net (fo=1, routed)           0.000    61.973    candidate_lanes[1].lane_pe/codec/distortion1__0/DSP_PREADD_DATA.B2B1<15>
    DSP48E2_X6Y60        DSP_MULTIPLIER (Prop_DSP_MULTIPLIER_DSP48E2_B2B1[15]_U[43])
                                                      0.773    62.746 f  candidate_lanes[1].lane_pe/codec/distortion1__0/DSP_MULTIPLIER_INST/U[43]
                         net (fo=1, routed)           0.000    62.746    candidate_lanes[1].lane_pe/codec/distortion1__0/DSP_MULTIPLIER.U<43>
    DSP48E2_X6Y60        DSP_M_DATA (Prop_DSP_M_DATA_DSP48E2_U[43]_U_DATA[43])
                                                      0.067    62.813 r  candidate_lanes[1].lane_pe/codec/distortion1__0/DSP_M_DATA_INST/U_DATA[43]
                         net (fo=1, routed)           0.000    62.813    candidate_lanes[1].lane_pe/codec/distortion1__0/DSP_M_DATA.U_DATA<43>
    DSP48E2_X6Y60        DSP_ALU (Prop_DSP_ALU_DSP48E2_U_DATA[43]_ALU_OUT[47])
                                                      0.727    63.540 f  candidate_lanes[1].lane_pe/codec/distortion1__0/DSP_ALU_INST/ALU_OUT[47]
                         net (fo=1, routed)           0.000    63.540    candidate_lanes[1].lane_pe/codec/distortion1__0/DSP_ALU.ALU_OUT<47>
    DSP48E2_X6Y60        DSP_OUTPUT (Prop_DSP_OUTPUT_DSP48E2_ALU_OUT[47]_PCOUT[47])
                                                      0.167    63.707 r  candidate_lanes[1].lane_pe/codec/distortion1__0/DSP_OUTPUT_INST/PCOUT[47]
                         net (fo=1, routed)           0.014    63.721    candidate_lanes[1].lane_pe/codec/distortion1__1/PCIN[47]
    DSP48E2_X6Y61        DSP_ALU (Prop_DSP_ALU_DSP48E2_PCIN[47]_ALU_OUT[0])
                                                      0.739    64.460 f  candidate_lanes[1].lane_pe/codec/distortion1__1/DSP_ALU_INST/ALU_OUT[0]
                         net (fo=1, routed)           0.000    64.460    candidate_lanes[1].lane_pe/codec/distortion1__1/DSP_ALU.ALU_OUT<0>
    DSP48E2_X6Y61        DSP_OUTPUT (Prop_DSP_OUTPUT_DSP48E2_ALU_OUT[0]_P[0])
                                                      0.146    64.606 r  candidate_lanes[1].lane_pe/codec/distortion1__1/DSP_OUTPUT_INST/P[0]
                         net (fo=2, routed)           0.725    65.331    candidate_lanes[1].lane_pe/codec/distortion1__1_n_105
    SLICE_X21Y151        LUT2 (Prop_B6LUT_SLICEM_I0_O)
                                                      0.057    65.388 r  candidate_lanes[1].lane_pe/codec/out_distortion[31]_i_524/O
                         net (fo=1, routed)           0.022    65.410    candidate_lanes[1].lane_pe/codec/out_distortion[31]_i_524_n_0
    SLICE_X21Y151        CARRY8 (Prop_CARRY8_SLICEM_S[1]_O[2])
                                                      0.179    65.589 r  candidate_lanes[1].lane_pe/codec/out_distortion_reg[31]_i_440/O[2]
                         net (fo=3, routed)           0.431    66.020    candidate_lanes[1].lane_pe/codec/out_distortion_reg[31]_i_440_n_13
    SLICE_X21Y165        LUT3 (Prop_A6LUT_SLICEM_I1_O)
                                                      0.058    66.078 r  candidate_lanes[1].lane_pe/codec/out_distortion[31]_i_379/O
                         net (fo=1, routed)           0.393    66.471    candidate_lanes[1].lane_pe/codec/out_distortion[31]_i_379_n_0
    SLICE_X21Y174        CARRY8 (Prop_CARRY8_SLICEM_DI[3]_O[5])
                                                      0.268    66.739 r  candidate_lanes[1].lane_pe/codec/out_distortion_reg[31]_i_182/O[5]
                         net (fo=3, routed)           0.592    67.331    candidate_lanes[1].lane_pe/codec/out_distortion_reg[31]_i_182_n_10
    SLICE_X20Y191        LUT6 (Prop_F6LUT_SLICEM_I3_O)
                                                      0.186    67.517 r  candidate_lanes[1].lane_pe/codec/out_distortion[31]_i_138/O
                         net (fo=1, routed)           0.029    67.546    candidate_lanes[1].lane_pe/codec/out_distortion[31]_i_138_n_0
    SLICE_X20Y191        CARRY8 (Prop_CARRY8_SLICEM_S[5]_O[5])
                                                      0.084    67.630 r  candidate_lanes[1].lane_pe/codec/out_distortion_reg[31]_i_30/O[5]
                         net (fo=3, routed)           0.385    68.015    candidate_lanes[1].lane_pe/codec/out_distortion_reg[31]_i_30_n_10
    SLICE_X21Y207        LUT3 (Prop_E5LUT_SLICEM_I1_O)
                                                      0.225    68.240 r  candidate_lanes[1].lane_pe/codec/out_distortion[23]_i_19/O
                         net (fo=2, routed)           0.156    68.396    candidate_lanes[1].lane_pe/codec/out_distortion[23]_i_19_n_0
    SLICE_X22Y207        LUT5 (Prop_H6LUT_SLICEL_I1_O)
                                                      0.188    68.584 r  candidate_lanes[1].lane_pe/codec/out_distortion[23]_i_3/O
                         net (fo=2, routed)           0.124    68.708    candidate_lanes[1].lane_pe/codec/out_distortion[23]_i_3_n_0
    SLICE_X22Y205        LUT6 (Prop_G6LUT_SLICEL_I0_O)
                                                      0.186    68.894 r  candidate_lanes[1].lane_pe/codec/out_distortion[23]_i_11/O
                         net (fo=1, routed)           0.012    68.906    candidate_lanes[1].lane_pe/codec/out_distortion[23]_i_11_n_0
    SLICE_X22Y205        CARRY8 (Prop_CARRY8_SLICEL_S[6]_CO[7])
                                                      0.171    69.076 r  candidate_lanes[1].lane_pe/codec/out_distortion_reg[23]_i_1/CO[7]
                         net (fo=1, routed)           0.030    69.106    candidate_lanes[1].lane_pe/codec/out_distortion_reg[23]_i_1_n_0
    SLICE_X22Y206        CARRY8 (Prop_CARRY8_SLICEL_CI_O[5])
                                                      0.161    69.268 r  candidate_lanes[1].lane_pe/codec/out_distortion_reg[31]_i_2/O[5]
                         net (fo=1, routed)           0.033    69.300    candidate_lanes[1].lane_pe/codec_distortion__0[29]
    SLICE_X22Y206        FDRE                                         r  candidate_lanes[1].lane_pe/out_distortion_reg[29]/D
  -------------------------------------------------------------------    -------------------

                         (clock chia_rdo_clk rise edge)
                                                      5.000     5.000 r  
                                                      0.000     5.000 r  clk (IN)
                         net (fo=1936, unset)         0.029     5.029    candidate_lanes[1].lane_pe/clk
    SLICE_X22Y206        FDRE                                         r  candidate_lanes[1].lane_pe/out_distortion_reg[29]/C
                         clock pessimism              0.000     5.029    
                         clock uncertainty           -0.035     4.994    
    SLICE_X22Y206        FDRE (Setup_FFF_SLICEL_C_D)
                                                      0.044     5.038    candidate_lanes[1].lane_pe/out_distortion_reg[29]
  -------------------------------------------------------------------
                         required time                          5.038    
                         arrival time                         -69.301    
  -------------------------------------------------------------------
                         slack                                -64.263    

Slack (VIOLATED) :        -64.220ns  (required time - arrival time)
  Source:                 launched_count_reg[1]_replica_10/C
                            (rising edge-triggered cell FDRE clocked by chia_rdo_clk  {rise@0.000ns fall@2.500ns period=5.000ns})
  Destination:            candidate_lanes[1].lane_pe/out_distortion_reg[28]/D
                            (rising edge-triggered cell FDRE clocked by chia_rdo_clk  {rise@0.000ns fall@2.500ns period=5.000ns})
  Path Group:             chia_rdo_clk
  Path Type:              Setup (Max at Slow Process Corner)
  Requirement:            5.000ns  (chia_rdo_clk rise@5.000ns - chia_rdo_clk rise@0.000ns)
  Data Path Delay:        69.215ns  (logic 35.581ns (51.407%)  route 33.634ns (48.593%))
  Logic Levels:           174  (CARRY8=69 DSP_A_B_DATA=5 DSP_ALU=10 DSP_M_DATA=4 DSP_MULTIPLIER=4 DSP_OUTPUT=10 DSP_PREADD_DATA=4 LUT1=1 LUT2=9 LUT3=12 LUT4=8 LUT5=15 LUT6=22 MUXF7=1)
  Clock Path Skew:        -0.014ns (DCD - SCD + CPR)
    Destination Clock Delay (DCD):    0.029ns = ( 5.029 - 5.000 ) 
    Source Clock Delay      (SCD):    0.043ns
    Clock Pessimism Removal (CPR):    0.000ns
  Clock Uncertainty:      0.035ns  ((TSJ^2 + TIJ^2)^1/2 + DJ) / 2 + PE
    Total System Jitter     (TSJ):    0.071ns
    Total Input Jitter      (TIJ):    0.000ns
    Discrete Jitter          (DJ):    0.000ns
    Phase Error              (PE):    0.000ns

    Location             Delay type                Incr(ns)  Path(ns)    Netlist Resource(s)
  -------------------------------------------------------------------    -------------------
                         (clock chia_rdo_clk rise edge)
                                                      0.000     0.000 r  
                                                      0.000     0.000 r  clk (IN)
                         net (fo=1936, unset)         0.043     0.043    clk
    SLICE_X31Y208        FDRE                                         r  launched_count_reg[1]_replica_10/C
  -------------------------------------------------------------------    -------------------
    SLICE_X31Y208        FDRE (Prop_GFF_SLICEM_C_Q)
                                                      0.116     0.159 r  launched_count_reg[1]_replica_10/Q
                         net (fo=6, routed)           0.133     0.292    candidate_lanes[1].lane_pe/rd_cost/p_4_in[1]_repN_10_alias
    SLICE_X31Y209        LUT3 (Prop_B6LUT_SLICEM_I1_O)
                                                      0.188     0.480 r  candidate_lanes[1].lane_pe/rd_cost/multi_stage.rate_stage00_i_237__0/O
                         net (fo=6, routed)           0.242     0.722    candidate_lanes[1].lane_pe/rd_cost/launched_count_reg[2]_0
    SLICE_X31Y208        LUT6 (Prop_G6LUT_SLICEM_I2_O)
                                                      0.152     0.874 f  candidate_lanes[1].lane_pe/rd_cost/multi_stage.rate_stage00_i_88/O
                         net (fo=1, routed)           0.141     1.015    candidate_lanes[1].lane_pe/rd_cost/multi_stage.rate_stage00_i_88_n_0
    SLICE_X31Y208        CARRY8 (Prop_CARRY8_SLICEM_DI[2]_CO[3])
                                                      0.190     1.205 f  candidate_lanes[1].lane_pe/rd_cost/multi_stage.rate_stage00_i_26__0/CO[3]
                         net (fo=53, routed)          0.313     1.518    candidate_lanes[1].lane_pe/codec/mode_reg_reg[0][0]
    SLICE_X31Y208        LUT6 (Prop_H6LUT_SLICEM_I4_O)
                                                      0.084     1.602 r  candidate_lanes[1].lane_pe/codec/multi_stage.rate_stage00_i_240__0/O
                         net (fo=3, routed)           0.139     1.741    candidate_lanes[1].lane_pe/codec/launched_count_reg[3]_1
    SLICE_X32Y208        LUT6 (Prop_H6LUT_SLICEM_I0_O)
                                                      0.189     1.930 r  candidate_lanes[1].lane_pe/codec/multi_stage.rate_stage00_i_98/O
                         net (fo=70, routed)          0.448     2.378    candidate_lanes[1].lane_pe/codec/launched_count_reg[3]_0
    SLICE_X32Y220        LUT5 (Prop_G6LUT_SLICEM_I1_O)
                                                      0.226     2.604 f  candidate_lanes[1].lane_pe/codec/mode_reg[5]_i_33/O
                         net (fo=2, routed)           0.059     2.663    candidate_lanes[1].lane_pe/codec/mode_reg[5]_i_33_n_0
    SLICE_X32Y220        LUT6 (Prop_E6LUT_SLICEM_I0_O)
                                                      0.152     2.815 f  candidate_lanes[1].lane_pe/codec/mode_reg[5]_i_14/O
                         net (fo=1, routed)           0.200     3.015    candidate_lanes[1].lane_pe/codec/mode_reg[5]_i_14_n_0
    SLICE_X32Y214        LUT6 (Prop_C6LUT_SLICEM_I0_O)
                                                      0.220     3.235 f  candidate_lanes[1].lane_pe/codec/mode_reg[5]_i_4/O
                         net (fo=7, routed)           0.405     3.641    candidate_lanes[1].lane_pe/codec/mode_reg[5]_i_4_n_0
    SLICE_X32Y208        LUT6 (Prop_F6LUT_SLICEM_I5_O)
                                                      0.149     3.790 f  candidate_lanes[1].lane_pe/codec/mode_reg[5]_i_1/O
                         net (fo=130, routed)         0.120     3.909    candidate_lanes[1].lane_pe/codec/launched_count_reg[1]_0
    SLICE_X32Y209        LUT5 (Prop_E6LUT_SLICEM_I0_O)
                                                      0.187     4.096 r  candidate_lanes[1].lane_pe/codec/angular_temporary1__14_i_9/O
                         net (fo=110, routed)         0.270     4.366    candidate_lanes[1].lane_pe/codec/angular_temporary1_i_49_n_0
    SLICE_X31Y207        LUT5 (Prop_H6LUT_SLICEM_I3_O)
                                                      0.154     4.520 r  candidate_lanes[1].lane_pe/codec/angular_temporary1_i_45/O
                         net (fo=1, routed)           0.145     4.665    candidate_lanes[1].lane_pe/codec/angular_temporary1_i_45_n_0
    SLICE_X31Y207        CARRY8 (Prop_CARRY8_SLICEM_DI[5]_CO[6])
                                                      0.120     4.785 r  candidate_lanes[1].lane_pe/codec/angular_temporary1_i_16/CO[6]
                         net (fo=144, routed)         0.185     4.970    candidate_lanes[1].lane_pe/codec/angular_temporary1_i_16_n_1
    SLICE_X31Y206        LUT5 (Prop_E6LUT_SLICEM_I0_O)
                                                      0.057     5.027 r  candidate_lanes[1].lane_pe/codec/angular_temporary3__3_i_2/O
                         net (fo=77, routed)          0.296     5.322    candidate_lanes[1].lane_pe/codec/angular_temporary3__3_i_2_n_0
    SLICE_X31Y203        LUT2 (Prop_A6LUT_SLICEM_I0_O)
                                                      0.138     5.460 r  candidate_lanes[1].lane_pe/codec/angular_temporary1__5_i_89/O
                         net (fo=1, routed)           0.017     5.477    candidate_lanes[1].lane_pe/codec/angular_temporary1__5_i_89_n_0
    SLICE_X31Y203        CARRY8 (Prop_CARRY8_SLICEM_S[0]_CO[7])
                                                      0.281     5.758 r  candidate_lanes[1].lane_pe/codec/angular_temporary1__5_i_50/CO[7]
                         net (fo=1, routed)           0.030     5.788    candidate_lanes[1].lane_pe/codec/angular_temporary1__5_i_50_n_0
    SLICE_X31Y204        CARRY8 (Prop_CARRY8_SLICEM_CI_CO[7])
                                                      0.073     5.861 r  candidate_lanes[1].lane_pe/codec/angular_temporary1__5_i_31/CO[7]
                         net (fo=58, routed)          0.607     6.468    candidate_lanes[1].lane_pe/codec/angular_temporary1__5_i_31_n_0
    SLICE_X41Y192        LUT6 (Prop_D6LUT_SLICEM_I0_O)
                                                      0.151     6.619 r  candidate_lanes[1].lane_pe/codec/angular_temporary1__9_i_119/O
                         net (fo=1, routed)           0.297     6.916    candidate_lanes[1].lane_pe/codec/angular_temporary1__9_i_119_n_0
    SLICE_X41Y193        CARRY8 (Prop_CARRY8_SLICEM_DI[0]_CO[7])
                                                      0.196     7.112 r  candidate_lanes[1].lane_pe/codec/angular_temporary1__9_i_65/CO[7]
                         net (fo=1, routed)           0.030     7.142    candidate_lanes[1].lane_pe/codec/angular_temporary1__9_i_65_n_0
    SLICE_X41Y194        CARRY8 (Prop_CARRY8_SLICEM_CI_O[0])
                                                      0.078     7.220 r  candidate_lanes[1].lane_pe/codec/angular_temporary1__9_i_45/O[0]
                         net (fo=18, routed)          0.277     7.497    candidate_lanes[1].lane_pe/codec/angular_temporary1__9_i_45_n_15
    SLICE_X42Y193        LUT4 (Prop_F6LUT_SLICEL_I0_O)
                                                      0.136     7.633 r  candidate_lanes[1].lane_pe/codec/angular_temporary3__1_i_123/O
                         net (fo=1, routed)           0.284     7.917    candidate_lanes[1].lane_pe/codec/inverse_angle_sum[8]
    SLICE_X42Y193        CARRY8 (Prop_CARRY8_SLICEL_DI[0]_O[2])
                                                      0.156     8.073 r  candidate_lanes[1].lane_pe/codec/angular_temporary3__1_i_69/O[2]
                         net (fo=32, routed)          0.518     8.591    candidate_lanes[1].lane_pe/codec/sel0[2]
    SLICE_X44Y189        LUT6 (Prop_B6LUT_SLICEL_I2_O)
                                                      0.224     8.815 f  candidate_lanes[1].lane_pe/codec/angular_temporary3__1_i_142/O
                         net (fo=1, routed)           0.377     9.192    candidate_lanes[1].lane_pe/codec/angular_temporary3__1_i_142_n_0
    SLICE_X42Y185        LUT6 (Prop_A6LUT_SLICEL_I5_O)
                                                      0.152     9.344 f  candidate_lanes[1].lane_pe/codec/angular_temporary3__1_i_86/O
                         net (fo=1, routed)           0.113     9.457    candidate_lanes[1].lane_pe/codec/angular_temporary3__1_i_86_n_0
    SLICE_X42Y185        LUT6 (Prop_D6LUT_SLICEL_I5_O)
                                                      0.136     9.593 f  candidate_lanes[1].lane_pe/codec/angular_temporary3__1_i_44/O
                         net (fo=1, routed)           0.341     9.934    candidate_lanes[1].lane_pe/codec/angular_temporary3__1_i_44_n_0
    SLICE_X34Y180        LUT6 (Prop_G6LUT_SLICEM_I4_O)
                                                      0.137    10.071 f  candidate_lanes[1].lane_pe/codec/angular_temporary3__1_i_16/O
                         net (fo=1, routed)           0.021    10.092    candidate_lanes[1].lane_pe/codec/angular_temporary3__1_i_16_n_0
    SLICE_X34Y180        MUXF7 (Prop_F7MUX_GH_SLICEM_I1_O)
                                                      0.102    10.194 f  candidate_lanes[1].lane_pe/codec/angular_temporary3__1_i_4/O
                         net (fo=3, routed)           0.264    10.457    candidate_lanes[1].lane_pe/codec/angular_temporary3__1/A[4]
    DSP48E2_X8Y72        DSP_A_B_DATA (Prop_DSP_A_B_DATA_DSP48E2_A[4]_A2_DATA[4])
                                                      0.258    10.715 r  candidate_lanes[1].lane_pe/codec/angular_temporary3__1/DSP_A_B_DATA_INST/A2_DATA[4]
                         net (fo=1, routed)           0.000    10.715    candidate_lanes[1].lane_pe/codec/angular_temporary3__1/DSP_A_B_DATA.A2_DATA<4>
    DSP48E2_X8Y72        DSP_PREADD_DATA (Prop_DSP_PREADD_DATA_DSP48E2_A2_DATA[4]_A2A1[4])
                                                      0.114    10.829 r  candidate_lanes[1].lane_pe/codec/angular_temporary3__1/DSP_PREADD_DATA_INST/A2A1[4]
                         net (fo=1, routed)           0.000    10.829    candidate_lanes[1].lane_pe/codec/angular_temporary3__1/DSP_PREADD_DATA.A2A1<4>
    DSP48E2_X8Y72        DSP_MULTIPLIER (Prop_DSP_MULTIPLIER_DSP48E2_A2A1[4]_U[25])
                                                      0.700    11.529 f  candidate_lanes[1].lane_pe/codec/angular_temporary3__1/DSP_MULTIPLIER_INST/U[25]
                         net (fo=1, routed)           0.000    11.529    candidate_lanes[1].lane_pe/codec/angular_temporary3__1/DSP_MULTIPLIER.U<25>
    DSP48E2_X8Y72        DSP_M_DATA (Prop_DSP_M_DATA_DSP48E2_U[25]_U_DATA[25])
                                                      0.067    11.596 r  candidate_lanes[1].lane_pe/codec/angular_temporary3__1/DSP_M_DATA_INST/U_DATA[25]
                         net (fo=1, routed)           0.000    11.596    candidate_lanes[1].lane_pe/codec/angular_temporary3__1/DSP_M_DATA.U_DATA<25>
    DSP48E2_X8Y72        DSP_ALU (Prop_DSP_ALU_DSP48E2_U_DATA[25]_ALU_OUT[47])
                                                      0.727    12.323 f  candidate_lanes[1].lane_pe/codec/angular_temporary3__1/DSP_ALU_INST/ALU_OUT[47]
                         net (fo=1, routed)           0.000    12.323    candidate_lanes[1].lane_pe/codec/angular_temporary3__1/DSP_ALU.ALU_OUT<47>
    DSP48E2_X8Y72        DSP_OUTPUT (Prop_DSP_OUTPUT_DSP48E2_ALU_OUT[47]_PCOUT[47])
                                                      0.167    12.490 r  candidate_lanes[1].lane_pe/codec/angular_temporary3__1/DSP_OUTPUT_INST/PCOUT[47]
                         net (fo=1, routed)           0.014    12.504    candidate_lanes[1].lane_pe/codec/angular_temporary3__2/PCIN[47]
    DSP48E2_X8Y73        DSP_ALU (Prop_DSP_ALU_DSP48E2_PCIN[47]_ALU_OUT[14])
                                                      0.739    13.243 r  candidate_lanes[1].lane_pe/codec/angular_temporary3__2/DSP_ALU_INST/ALU_OUT[14]
                         net (fo=1, routed)           0.000    13.243    candidate_lanes[1].lane_pe/codec/angular_temporary3__2/DSP_ALU.ALU_OUT<14>
    DSP48E2_X8Y73        DSP_OUTPUT (Prop_DSP_OUTPUT_DSP48E2_ALU_OUT[14]_P[14])
                                                      0.146    13.389 f  candidate_lanes[1].lane_pe/codec/angular_temporary3__2/DSP_OUTPUT_INST/P[14]
                         net (fo=17, routed)          0.732    14.121    candidate_lanes[1].lane_pe/codec/angular_temporary1__1/A[17]
    DSP48E2_X8Y64        DSP_A_B_DATA (Prop_DSP_A_B_DATA_DSP48E2_A[17]_A_ALU[17])
                                                      0.265    14.386 r  candidate_lanes[1].lane_pe/codec/angular_temporary1__1/DSP_A_B_DATA_INST/A_ALU[17]
                         net (fo=1, routed)           0.000    14.386    candidate_lanes[1].lane_pe/codec/angular_temporary1__1/DSP_A_B_DATA.A_ALU<17>
    DSP48E2_X8Y64        DSP_ALU (Prop_DSP_ALU_DSP48E2_A_ALU[17]_ALU_OUT[47])
                                                      0.726    15.112 f  candidate_lanes[1].lane_pe/codec/angular_temporary1__1/DSP_ALU_INST/ALU_OUT[47]
                         net (fo=1, routed)           0.000    15.112    candidate_lanes[1].lane_pe/codec/angular_temporary1__1/DSP_ALU.ALU_OUT<47>
    DSP48E2_X8Y64        DSP_OUTPUT (Prop_DSP_OUTPUT_DSP48E2_ALU_OUT[47]_PCOUT[47])
                                                      0.167    15.279 r  candidate_lanes[1].lane_pe/codec/angular_temporary1__1/DSP_OUTPUT_INST/PCOUT[47]
                         net (fo=1, routed)           0.014    15.293    candidate_lanes[1].lane_pe/codec/angular_temporary1__2/PCIN[47]
    DSP48E2_X8Y65        DSP_ALU (Prop_DSP_ALU_DSP48E2_PCIN[47]_ALU_OUT[7])
                                                      0.739    16.032 f  candidate_lanes[1].lane_pe/codec/angular_temporary1__2/DSP_ALU_INST/ALU_OUT[7]
                         net (fo=1, routed)           0.000    16.032    candidate_lanes[1].lane_pe/codec/angular_temporary1__2/DSP_ALU.ALU_OUT<7>
    DSP48E2_X8Y65        DSP_OUTPUT (Prop_DSP_OUTPUT_DSP48E2_ALU_OUT[7]_P[7])
                                                      0.146    16.178 r  candidate_lanes[1].lane_pe/codec/angular_temporary1__2/DSP_OUTPUT_INST/P[7]
                         net (fo=2, routed)           0.397    16.575    candidate_lanes[1].lane_pe/codec/angular_temporary1__2_n_98
    SLICE_X33Y155        LUT3 (Prop_A6LUT_SLICEL_I0_O)
                                                      0.225    16.800 r  candidate_lanes[1].lane_pe/codec/i___1_i_267/O
                         net (fo=2, routed)           0.098    16.898    candidate_lanes[1].lane_pe/codec/i___1_i_267_n_0
    SLICE_X32Y155        LUT6 (Prop_C6LUT_SLICEM_I0_O)
                                                      0.149    17.047 r  candidate_lanes[1].lane_pe/codec/i___1_i_275/O
                         net (fo=1, routed)           0.029    17.076    candidate_lanes[1].lane_pe/codec/i___1_i_275_n_0
    SLICE_X32Y155        CARRY8 (Prop_CARRY8_SLICEM_S[2]_CO[7])
                                                      0.229    17.305 r  candidate_lanes[1].lane_pe/codec/i___1_i_191/CO[7]
                         net (fo=1, routed)           0.030    17.335    candidate_lanes[1].lane_pe/codec/i___1_i_191_n_0
    SLICE_X32Y156        CARRY8 (Prop_CARRY8_SLICEM_CI_CO[7])
                                                      0.065    17.400 r  candidate_lanes[1].lane_pe/codec/i___283_i_72/CO[7]
                         net (fo=1, routed)           0.030    17.430    candidate_lanes[1].lane_pe/codec/i___283_i_72_n_0
    SLICE_X32Y157        CARRY8 (Prop_CARRY8_SLICEM_CI_CO[7])
                                                      0.065    17.495 r  candidate_lanes[1].lane_pe/codec/i___283_i_70/CO[7]
                         net (fo=1, routed)           0.030    17.525    candidate_lanes[1].lane_pe/codec/i___283_i_70_n_0
    SLICE_X32Y158        CARRY8 (Prop_CARRY8_SLICEM_CI_O[2])
                                                      0.093    17.618 f  candidate_lanes[1].lane_pe/codec/i___111_i_30/O[2]
                         net (fo=3, routed)           0.290    17.908    candidate_lanes[1].lane_pe/codec/i___111_i_30_n_13
    SLICE_X33Y157        LUT2 (Prop_B6LUT_SLICEL_I1_O)
                                                      0.224    18.132 r  candidate_lanes[1].lane_pe/codec/i___111_i_35/O
                         net (fo=1, routed)           0.013    18.145    candidate_lanes[1].lane_pe/codec/i___111_i_35_n_0
    SLICE_X33Y157        CARRY8 (Prop_CARRY8_SLICEL_S[1]_CO[3])
                                                      0.250    18.395 r  candidate_lanes[1].lane_pe/codec/i___111_i_29/CO[3]
                         net (fo=27, routed)          0.251    18.646    candidate_lanes[1].lane_pe/codec/i___111_i_29_n_4
    SLICE_X33Y154        LUT3 (Prop_A6LUT_SLICEL_I1_O)
                                                      0.058    18.704 r  candidate_lanes[1].lane_pe/codec/i___1_i_138/O
                         net (fo=1, routed)           0.050    18.754    candidate_lanes[1].lane_pe/codec/i___1_i_138_n_0
    SLICE_X33Y154        LUT5 (Prop_B6LUT_SLICEL_I0_O)
                                                      0.138    18.892 r  candidate_lanes[1].lane_pe/codec/i___1_i_70__4/O
                         net (fo=2, routed)           0.403    19.295    candidate_lanes[1].lane_pe/codec/angular_temporary1_out[3]
    SLICE_X32Y143        LUT5 (Prop_H6LUT_SLICEM_I2_O)
                                                      0.154    19.449 r  candidate_lanes[1].lane_pe/codec/i___1_i_33__4/O
                         net (fo=2, routed)           0.514    19.963    candidate_lanes[1].lane_pe/codec/i___1_i_33__4_n_0
    SLICE_X29Y125        LUT5 (Prop_D6LUT_SLICEM_I4_O)
                                                      0.185    20.148 r  candidate_lanes[1].lane_pe/codec/i___1_i_8__6/O
                         net (fo=1, routed)           0.032    20.180    candidate_lanes[1].lane_pe/codec/i___1_i_8__6_n_0
    SLICE_X29Y125        CARRY8 (Prop_CARRY8_SLICEM_S[3]_O[5])
                                                      0.262    20.442 r  candidate_lanes[1].lane_pe/codec/i___1_i_1__0/O[5]
                         net (fo=25, routed)          0.525    20.967    candidate_lanes[1].lane_pe/codec/codec_residual[32]
    SLICE_X31Y103        LUT2 (Prop_F6LUT_SLICEM_I1_O)
                                                      0.224    21.191 r  candidate_lanes[1].lane_pe/codec/i___4/i___280/O
                         net (fo=1, routed)           0.029    21.220    candidate_lanes[1].lane_pe/codec/i___4/i___280_n_0
    SLICE_X31Y103        CARRY8 (Prop_CARRY8_SLICEM_S[5]_CO[7])
                                                      0.238    21.458 r  candidate_lanes[1].lane_pe/codec/(null)[0].value4__5_i_397/CO[7]
                         net (fo=1, routed)           0.030    21.488    candidate_lanes[1].lane_pe/codec/(null)[0].value4__5_i_397_n_0
    SLICE_X31Y104        CARRY8 (Prop_CARRY8_SLICEM_CI_O[0])
                                                      0.078    21.566 r  candidate_lanes[1].lane_pe/codec/(null)[0].value4__5_i_715/O[0]
                         net (fo=3, routed)           0.228    21.794    candidate_lanes[1].lane_pe/codec/(null)[0].value4__5_i_715_n_15
    SLICE_X30Y102        LUT4 (Prop_D6LUT_SLICEL_I3_O)
                                                      0.185    21.979 r  candidate_lanes[1].lane_pe/codec/(null)[0].value4__5_i_575/O
                         net (fo=1, routed)           0.013    21.992    candidate_lanes[1].lane_pe/codec/(null)[0].value4__5_i_575_n_0
    SLICE_X30Y102        CARRY8 (Prop_CARRY8_SLICEL_S[3]_O[4])
                                                      0.208    22.200 r  candidate_lanes[1].lane_pe/codec/(null)[0].value4__5_i_393/O[4]
                         net (fo=3, routed)           0.343    22.542    candidate_lanes[1].lane_pe/codec/(null)[0].value4__5_i_393_n_11
    SLICE_X32Y103        LUT3 (Prop_E6LUT_SLICEM_I0_O)
                                                      0.138    22.680 r  candidate_lanes[1].lane_pe/codec/(null)[0].value4__5_i_693/O
                         net (fo=2, routed)           0.211    22.891    candidate_lanes[1].lane_pe/codec/(null)[0].value4__5_i_693_n_0
    SLICE_X32Y103        LUT5 (Prop_H6LUT_SLICEM_I1_O)
                                                      0.228    23.119 r  candidate_lanes[1].lane_pe/codec/(null)[0].value4__5_i_484/O
                         net (fo=2, routed)           0.466    23.586    candidate_lanes[1].lane_pe/codec/(null)[0].value4__5_i_484_n_0
    SLICE_X34Y101        LUT6 (Prop_B6LUT_SLICEM_I0_O)
                                                      0.152    23.738 r  candidate_lanes[1].lane_pe/codec/(null)[0].value4__5_i_492/O
                         net (fo=1, routed)           0.022    23.760    candidate_lanes[1].lane_pe/codec/(null)[0].value4__5_i_492_n_0
    SLICE_X34Y101        CARRY8 (Prop_CARRY8_SLICEM_S[1]_O[5])
                                                      0.333    24.093 r  candidate_lanes[1].lane_pe/codec/(null)[0].value4__5_i_377/O[5]
                         net (fo=27, routed)          1.669    25.761    candidate_lanes[1].lane_pe/codec/(null)[0].value4__5_i_377_n_10
    SLICE_X10Y56         LUT2 (Prop_E6LUT_SLICEM_I0_O)
                                                      0.223    25.984 r  candidate_lanes[1].lane_pe/codec/(null)[0].value4__1__1_i_452/O
                         net (fo=1, routed)           0.018    26.002    candidate_lanes[1].lane_pe/codec/(null)[0].value4__1__1_i_452_n_0
    SLICE_X10Y56         CARRY8 (Prop_CARRY8_SLICEM_S[4]_CO[7])
                                                      0.236    26.238 r  candidate_lanes[1].lane_pe/codec/(null)[0].value4__1__1_i_318/CO[7]
                         net (fo=1, routed)           0.030    26.268    candidate_lanes[1].lane_pe/codec/(null)[0].value4__1__1_i_318_n_0
    SLICE_X10Y57         CARRY8 (Prop_CARRY8_SLICEM_CI_O[1])
                                                      0.106    26.374 r  candidate_lanes[1].lane_pe/codec/(null)[0].value4__1__1_i_317/O[1]
                         net (fo=3, routed)           0.333    26.707    candidate_lanes[1].lane_pe/codec/(null)[0].value4__1__1_i_317_n_14
    SLICE_X9Y55          LUT4 (Prop_H6LUT_SLICEL_I2_O)
                                                      0.188    26.895 r  candidate_lanes[1].lane_pe/codec/(null)[0].value4__1__1_i_214/O
                         net (fo=1, routed)           0.015    26.910    candidate_lanes[1].lane_pe/codec/(null)[0].value4__1__1_i_214_n_0
    SLICE_X9Y55          CARRY8 (Prop_CARRY8_SLICEL_S[7]_CO[7])
                                                      0.172    27.082 r  candidate_lanes[1].lane_pe/codec/(null)[0].value4__1__1_i_90/CO[7]
                         net (fo=1, routed)           0.030    27.112    candidate_lanes[1].lane_pe/codec/(null)[0].value4__1__1_i_90_n_0
    SLICE_X9Y56          CARRY8 (Prop_CARRY8_SLICEL_CI_O[0])
                                                      0.078    27.190 r  candidate_lanes[1].lane_pe/codec/clip164__3__0_i_109/O[0]
                         net (fo=3, routed)           0.339    27.529    candidate_lanes[1].lane_pe/codec/transformed51_in__1[19]
    SLICE_X10Y54         LUT5 (Prop_G6LUT_SLICEM_I3_O)
                                                      0.137    27.666 r  candidate_lanes[1].lane_pe/codec/(null)[0].value4__1__1_i_123/O
                         net (fo=2, routed)           0.289    27.955    candidate_lanes[1].lane_pe/codec/(null)[0].value4__1__1_i_123_n_0
    SLICE_X8Y55          LUT6 (Prop_H6LUT_SLICEM_I5_O)
                                                      0.060    28.015 r  candidate_lanes[1].lane_pe/codec/(null)[0].value4__1__1_i_48/O
                         net (fo=2, routed)           0.167    28.183    candidate_lanes[1].lane_pe/codec/(null)[0].value4__1__1_i_48_n_0
    SLICE_X8Y53          LUT3 (Prop_F6LUT_SLICEM_I0_O)
                                                      0.149    28.332 r  candidate_lanes[1].lane_pe/codec/(null)[0].value4__1__1_i_56/O
                         net (fo=1, routed)           0.029    28.361    candidate_lanes[1].lane_pe/codec/(null)[0].value4__1__1_i_56_n_0
    SLICE_X8Y53          CARRY8 (Prop_CARRY8_SLICEM_S[5]_CO[7])
                                                      0.238    28.599 r  candidate_lanes[1].lane_pe/codec/(null)[0].value4__1__1_i_19/CO[7]
                         net (fo=1, routed)           0.030    28.629    candidate_lanes[1].lane_pe/codec/(null)[0].value4__1__1_i_19_n_0
    SLICE_X8Y54          CARRY8 (Prop_CARRY8_SLICEM_CI_O[0])
                                                      0.078    28.707 f  candidate_lanes[1].lane_pe/codec/clip164__3__0_i_19/O[0]
                         net (fo=2, routed)           0.500    29.206    candidate_lanes[1].lane_pe/codec/codec_transformed__0[112]
    SLICE_X9Y43          LUT1 (Prop_H6LUT_SLICEL_I0_O)
                                                      0.083    29.289 r  candidate_lanes[1].lane_pe/codec/(null)[0].value4__1__1_i_38/O
                         net (fo=1, routed)           0.015    29.304    candidate_lanes[1].lane_pe/codec/(null)[0].value4__1__1_i_38_n_0
    SLICE_X9Y43          CARRY8 (Prop_CARRY8_SLICEL_S[7]_O[7])
                                                      0.079    29.383 f  candidate_lanes[1].lane_pe/codec/i_/(null)[0].value4__1__1_i_18/O[7]
                         net (fo=1, routed)           0.228    29.611    candidate_lanes[1].lane_pe/codec/i_/(null)[0].value4__1__1_i_18_n_8
    SLICE_X10Y43         LUT3 (Prop_H6LUT_SLICEM_I0_O)
                                                      0.228    29.839 f  candidate_lanes[1].lane_pe/codec/(null)[0].value4__1__1_i_1/O
                         net (fo=1, routed)           0.388    30.227    candidate_lanes[1].lane_pe/codec/(null)[0].value4__1__1/A[16]
    DSP48E2_X3Y16        DSP_A_B_DATA (Prop_DSP_A_B_DATA_DSP48E2_A[16]_A2_DATA[16])
                                                      0.258    30.485 r  candidate_lanes[1].lane_pe/codec/(null)[0].value4__1__1/DSP_A_B_DATA_INST/A2_DATA[16]
                         net (fo=1, routed)           0.000    30.485    candidate_lanes[1].lane_pe/codec/(null)[0].value4__1__1/DSP_A_B_DATA.A2_DATA<16>
    DSP48E2_X3Y16        DSP_PREADD_DATA (Prop_DSP_PREADD_DATA_DSP48E2_A2_DATA[16]_A2A1[16])
                                                      0.114    30.599 r  candidate_lanes[1].lane_pe/codec/(null)[0].value4__1__1/DSP_PREADD_DATA_INST/A2A1[16]
                         net (fo=1, routed)           0.000    30.599    candidate_lanes[1].lane_pe/codec/(null)[0].value4__1__1/DSP_PREADD_DATA.A2A1<16>
    DSP48E2_X3Y16        DSP_MULTIPLIER (Prop_DSP_MULTIPLIER_DSP48E2_A2A1[16]_U[36])
                                                      0.700    31.299 f  candidate_lanes[1].lane_pe/codec/(null)[0].value4__1__1/DSP_MULTIPLIER_INST/U[36]
                         net (fo=1, routed)           0.000    31.299    candidate_lanes[1].lane_pe/codec/(null)[0].value4__1__1/DSP_MULTIPLIER.U<36>
    DSP48E2_X3Y16        DSP_M_DATA (Prop_DSP_M_DATA_DSP48E2_U[36]_U_DATA[36])
                                                      0.067    31.366 r  candidate_lanes[1].lane_pe/codec/(null)[0].value4__1__1/DSP_M_DATA_INST/U_DATA[36]
                         net (fo=1, routed)           0.000    31.366    candidate_lanes[1].lane_pe/codec/(null)[0].value4__1__1/DSP_M_DATA.U_DATA<36>
    DSP48E2_X3Y16        DSP_ALU (Prop_DSP_ALU_DSP48E2_U_DATA[36]_ALU_OUT[47])
                                                      0.727    32.093 f  candidate_lanes[1].lane_pe/codec/(null)[0].value4__1__1/DSP_ALU_INST/ALU_OUT[47]
                         net (fo=1, routed)           0.000    32.093    candidate_lanes[1].lane_pe/codec/(null)[0].value4__1__1/DSP_ALU.ALU_OUT<47>
    DSP48E2_X3Y16        DSP_OUTPUT (Prop_DSP_OUTPUT_DSP48E2_ALU_OUT[47]_PCOUT[47])
                                                      0.167    32.260 r  candidate_lanes[1].lane_pe/codec/(null)[0].value4__1__1/DSP_OUTPUT_INST/PCOUT[47]
                         net (fo=1, routed)           0.014    32.274    candidate_lanes[1].lane_pe/codec/(null)[0].value4__2__1/PCIN[47]
    DSP48E2_X3Y17        DSP_ALU (Prop_DSP_ALU_DSP48E2_PCIN[47]_ALU_OUT[3])
                                                      0.739    33.013 f  candidate_lanes[1].lane_pe/codec/(null)[0].value4__2__1/DSP_ALU_INST/ALU_OUT[3]
                         net (fo=1, routed)           0.000    33.013    candidate_lanes[1].lane_pe/codec/(null)[0].value4__2__1/DSP_ALU.ALU_OUT<3>
    DSP48E2_X3Y17        DSP_OUTPUT (Prop_DSP_OUTPUT_DSP48E2_ALU_OUT[3]_P[3])
                                                      0.146    33.159 r  candidate_lanes[1].lane_pe/codec/(null)[0].value4__2__1/DSP_OUTPUT_INST/P[3]
                         net (fo=2, routed)           0.373    33.532    candidate_lanes[1].lane_pe/codec/(null)[0].value4__2__1_n_102
    SLICE_X12Y42         LUT6 (Prop_E6LUT_SLICEM_I5_O)
                                                      0.223    33.755 r  candidate_lanes[1].lane_pe/codec/clip164__3__0_i_181/O
                         net (fo=1, routed)           0.018    33.773    candidate_lanes[1].lane_pe/codec/clip164__3__0_i_181_n_0
    SLICE_X12Y42         CARRY8 (Prop_CARRY8_SLICEM_S[4]_CO[7])
                                                      0.236    34.009 r  candidate_lanes[1].lane_pe/codec/i_/clip164__3__0_i_93/CO[7]
                         net (fo=1, routed)           0.030    34.039    candidate_lanes[1].lane_pe/codec/i_/clip164__3__0_i_93_n_0
    SLICE_X12Y43         CARRY8 (Prop_CARRY8_SLICEM_CI_O[1])
                                                      0.106    34.145 f  candidate_lanes[1].lane_pe/codec/i_/clip164__3__0_i_75/O[1]
                         net (fo=4, routed)           0.935    35.080    candidate_lanes[1].lane_pe/codec/i_/clip164__3__0_i_75_n_14
    SLICE_X8Y64          LUT4 (Prop_D6LUT_SLICEM_I3_O)
                                                      0.080    35.160 r  candidate_lanes[1].lane_pe/codec/clip164__3__0_i_94/O
                         net (fo=1, routed)           0.200    35.360    candidate_lanes[1].lane_pe/codec/clip164__3__0_i_94_n_0
    SLICE_X5Y64          LUT5 (Prop_D6LUT_SLICEM_I4_O)
                                                      0.220    35.580 r  candidate_lanes[1].lane_pe/codec/clip164__3__0_i_38/O
                         net (fo=2, routed)           0.304    35.884    candidate_lanes[1].lane_pe/codec/clip164__3__0_i_85_n_0
    SLICE_X4Y66          CARRY8 (Prop_CARRY8_SLICEM_S[0]_CO[7])
                                                      0.281    36.165 r  candidate_lanes[1].lane_pe/codec/i_/clip164__3__0_i_30/CO[7]
                         net (fo=1, routed)           0.030    36.195    candidate_lanes[1].lane_pe/codec/i_/clip164__3__0_i_30_n_0
    SLICE_X4Y67          CARRY8 (Prop_CARRY8_SLICEM_CI_CO[7])
                                                      0.065    36.260 r  candidate_lanes[1].lane_pe/codec/i_/clip164__3__0_i_18/CO[7]
                         net (fo=1, routed)           0.030    36.290    candidate_lanes[1].lane_pe/codec/i_/clip164__3__0_i_18_n_0
    SLICE_X4Y68          CARRY8 (Prop_CARRY8_SLICEM_CI_O[5])
                                                      0.161    36.451 f  candidate_lanes[1].lane_pe/codec/i_/clip164__4__0_i_12/O[5]
                         net (fo=1, routed)           0.154    36.605    candidate_lanes[1].lane_pe/codec/i_/clip164__4__0_i_12_n_10
    SLICE_X4Y69          LUT3 (Prop_B6LUT_SLICEM_I0_O)
                                                      0.137    36.742 f  candidate_lanes[1].lane_pe/codec/clip164__4__0_i_14/O
                         net (fo=5, routed)           0.354    37.096    candidate_lanes[1].lane_pe/codec/clip164__4__0_i_14_n_0
    SLICE_X5Y70          LUT6 (Prop_H6LUT_SLICEM_I5_O)
                                                      0.138    37.234 f  candidate_lanes[1].lane_pe/codec/clip164__3__0_i_324/O
                         net (fo=1, routed)           0.262    37.496    candidate_lanes[1].lane_pe/codec/clip164__3__0_i_324_n_0
    SLICE_X4Y70          CARRY8 (Prop_CARRY8_SLICEM_DI[4]_CO[7])
                                                      0.137    37.633 f  candidate_lanes[1].lane_pe/codec/i_/clip164__3__0_i_267/CO[7]
                         net (fo=1, routed)           0.030    37.663    candidate_lanes[1].lane_pe/codec/i_/clip164__3__0_i_267_n_0
    SLICE_X4Y71          CARRY8 (Prop_CARRY8_SLICEM_CI_CO[7])
                                                      0.065    37.728 f  candidate_lanes[1].lane_pe/codec/i_/clip164__3__0_i_143/CO[7]
                         net (fo=1, routed)           0.030    37.758    candidate_lanes[1].lane_pe/codec/i_/clip164__3__0_i_143_n_0
    SLICE_X4Y72          CARRY8 (Prop_CARRY8_SLICEM_CI_CO[7])
                                                      0.065    37.823 f  candidate_lanes[1].lane_pe/codec/i_/clip164__3__0_i_66/CO[7]
                         net (fo=1, routed)           0.030    37.853    candidate_lanes[1].lane_pe/codec/i_/clip164__3__0_i_66_n_0
    SLICE_X4Y73          CARRY8 (Prop_CARRY8_SLICEM_CI_CO[0])
                                                      0.074    37.927 f  candidate_lanes[1].lane_pe/codec/i_/clip164__3__0_i_22/CO[0]
                         net (fo=26, routed)          0.408    38.335    candidate_lanes[1].lane_pe/codec/i_/clip164__3__0_i_22_n_7
    SLICE_X4Y65          LUT5 (Prop_C6LUT_SLICEM_I3_O)
                                                      0.186    38.521 f  candidate_lanes[1].lane_pe/codec/clip164__3__0_i_11/O
                         net (fo=1, routed)           0.354    38.875    candidate_lanes[1].lane_pe/codec/clip164__3__0/A[6]
    DSP48E2_X1Y28        DSP_A_B_DATA (Prop_DSP_A_B_DATA_DSP48E2_A[6]_A2_DATA[6])
                                                      0.258    39.133 r  candidate_lanes[1].lane_pe/codec/clip164__3__0/DSP_A_B_DATA_INST/A2_DATA[6]
                         net (fo=1, routed)           0.000    39.133    candidate_lanes[1].lane_pe/codec/clip164__3__0/DSP_A_B_DATA.A2_DATA<6>
    DSP48E2_X1Y28        DSP_PREADD_DATA (Prop_DSP_PREADD_DATA_DSP48E2_A2_DATA[6]_A2A1[6])
                                                      0.114    39.247 r  candidate_lanes[1].lane_pe/codec/clip164__3__0/DSP_PREADD_DATA_INST/A2A1[6]
                         net (fo=1, routed)           0.000    39.247    candidate_lanes[1].lane_pe/codec/clip164__3__0/DSP_PREADD_DATA.A2A1<6>
    DSP48E2_X1Y28        DSP_MULTIPLIER (Prop_DSP_MULTIPLIER_DSP48E2_A2A1[6]_U[27])
                                                      0.700    39.947 f  candidate_lanes[1].lane_pe/codec/clip164__3__0/DSP_MULTIPLIER_INST/U[27]
                         net (fo=1, routed)           0.000    39.947    candidate_lanes[1].lane_pe/codec/clip164__3__0/DSP_MULTIPLIER.U<27>
    DSP48E2_X1Y28        DSP_M_DATA (Prop_DSP_M_DATA_DSP48E2_U[27]_U_DATA[27])
                                                      0.067    40.014 r  candidate_lanes[1].lane_pe/codec/clip164__3__0/DSP_M_DATA_INST/U_DATA[27]
                         net (fo=1, routed)           0.000    40.014    candidate_lanes[1].lane_pe/codec/clip164__3__0/DSP_M_DATA.U_DATA<27>
    DSP48E2_X1Y28        DSP_ALU (Prop_DSP_ALU_DSP48E2_U_DATA[27]_ALU_OUT[47])
                                                      0.727    40.741 f  candidate_lanes[1].lane_pe/codec/clip164__3__0/DSP_ALU_INST/ALU_OUT[47]
                         net (fo=1, routed)           0.000    40.741    candidate_lanes[1].lane_pe/codec/clip164__3__0/DSP_ALU.ALU_OUT<47>
    DSP48E2_X1Y28        DSP_OUTPUT (Prop_DSP_OUTPUT_DSP48E2_ALU_OUT[47]_PCOUT[47])
                                                      0.167    40.908 r  candidate_lanes[1].lane_pe/codec/clip164__3__0/DSP_OUTPUT_INST/PCOUT[47]
                         net (fo=1, routed)           0.014    40.922    candidate_lanes[1].lane_pe/codec/clip164__4__0/PCIN[47]
    DSP48E2_X1Y29        DSP_ALU (Prop_DSP_ALU_DSP48E2_PCIN[47]_ALU_OUT[5])
                                                      0.739    41.661 r  candidate_lanes[1].lane_pe/codec/clip164__4__0/DSP_ALU_INST/ALU_OUT[5]
                         net (fo=1, routed)           0.000    41.661    candidate_lanes[1].lane_pe/codec/clip164__4__0/DSP_ALU.ALU_OUT<5>
    DSP48E2_X1Y29        DSP_OUTPUT (Prop_DSP_OUTPUT_DSP48E2_ALU_OUT[5]_P[5])
                                                      0.146    41.807 f  candidate_lanes[1].lane_pe/codec/clip164__4__0/DSP_OUTPUT_INST/P[5]
                         net (fo=4, routed)           0.538    42.345    candidate_lanes[1].lane_pe/codec/clip164__4__0_n_100
    SLICE_X3Y73          LUT6 (Prop_B6LUT_SLICEL_I1_O)
                                                      0.152    42.497 f  candidate_lanes[1].lane_pe/codec/i___96_i_148/O
                         net (fo=7, routed)           0.243    42.740    candidate_lanes[1].lane_pe/codec/i___96_i_148_n_0
    SLICE_X4Y75          LUT2 (Prop_F6LUT_SLICEM_I1_O)
                                                      0.224    42.964 r  candidate_lanes[1].lane_pe/codec/i___16_i_721/O
                         net (fo=1, routed)           0.029    42.993    candidate_lanes[1].lane_pe/codec/i___16_i_721_n_0
    SLICE_X4Y75          CARRY8 (Prop_CARRY8_SLICEM_S[5]_CO[7])
                                                      0.238    43.231 r  candidate_lanes[1].lane_pe/codec/i___16_i_543/CO[7]
                         net (fo=1, routed)           0.030    43.261    candidate_lanes[1].lane_pe/codec/i___16_i_543_n_0
    SLICE_X4Y76          CARRY8 (Prop_CARRY8_SLICEM_CI_CO[7])
                                                      0.065    43.326 r  candidate_lanes[1].lane_pe/codec/i___16_i_392/CO[7]
                         net (fo=1, routed)           0.030    43.356    candidate_lanes[1].lane_pe/codec/i___16_i_392_n_0
    SLICE_X4Y77          CARRY8 (Prop_CARRY8_SLICEM_CI_CO[7])
                                                      0.065    43.421 r  candidate_lanes[1].lane_pe/codec/i___16_i_238/CO[7]
                         net (fo=1, routed)           0.030    43.451    candidate_lanes[1].lane_pe/codec/i___16_i_238_n_0
    SLICE_X4Y78          CARRY8 (Prop_CARRY8_SLICEM_CI_CO[0])
                                                      0.074    43.525 r  candidate_lanes[1].lane_pe/codec/i___16_i_109/CO[0]
                         net (fo=250, routed)         0.760    44.285    candidate_lanes[1].lane_pe/codec/clip161__2__0
    SLICE_X3Y104         LUT5 (Prop_F6LUT_SLICEL_I3_O)
                                                      0.187    44.472 r  candidate_lanes[1].lane_pe/codec/i___286_i_78__0/O
                         net (fo=25, routed)          0.285    44.757    candidate_lanes[1].lane_pe/codec/codec_dequantized__1[59]
    SLICE_X5Y102         LUT3 (Prop_A5LUT_SLICEM_I2_O)
                                                      0.225    44.982 r  candidate_lanes[1].lane_pe/codec/i_/i___218_i_69/O
                         net (fo=2, routed)           0.463    45.445    candidate_lanes[1].lane_pe/codec/i_/i___218_i_69_n_0
    SLICE_X5Y102         LUT4 (Prop_B6LUT_SLICEM_I3_O)
                                                      0.152    45.597 r  candidate_lanes[1].lane_pe/codec/i_/i___218_i_77/O
                         net (fo=1, routed)           0.022    45.619    candidate_lanes[1].lane_pe/codec/i_/i___218_i_77_n_0
    SLICE_X5Y102         CARRY8 (Prop_CARRY8_SLICEM_S[1]_O[7])
                                                      0.334    45.953 r  candidate_lanes[1].lane_pe/codec/i_/i___218_i_24/O[7]
                         net (fo=2, routed)           0.613    46.566    candidate_lanes[1].lane_pe/codec/(null)[0].value40_in__0__0[20]
    SLICE_X15Y104        LUT5 (Prop_C6LUT_SLICEL_I0_O)
                                                      0.136    46.702 r  candidate_lanes[1].lane_pe/codec/i___218_i_6__1/O
                         net (fo=2, routed)           0.450    47.152    candidate_lanes[1].lane_pe/codec/i___218_i_6__1_n_0
    SLICE_X14Y102        LUT6 (Prop_E6LUT_SLICEL_I0_O)
                                                      0.223    47.375 r  candidate_lanes[1].lane_pe/codec/i_/i___218_i_14/O
                         net (fo=1, routed)           0.011    47.386    candidate_lanes[1].lane_pe/codec/i_/i___218_i_14_n_0
    SLICE_X14Y102        CARRY8 (Prop_CARRY8_SLICEL_S[4]_CO[7])
                                                      0.232    47.618 r  candidate_lanes[1].lane_pe/codec/i_/i___218_i_2/CO[7]
                         net (fo=1, routed)           0.030    47.648    candidate_lanes[1].lane_pe/codec/i_/i___218_i_2_n_0
    SLICE_X14Y103        CARRY8 (Prop_CARRY8_SLICEL_CI_O[1])
                                                      0.106    47.754 r  candidate_lanes[1].lane_pe/codec/i_/i___221_i_5/O[1]
                         net (fo=1, routed)           0.454    48.208    candidate_lanes[1].lane_pe/codec/i_/i___221_i_5_n_14
    SLICE_X17Y103        CARRY8 (Prop_CARRY8_SLICEM_S[5]_CO[7])
                                                      0.238    48.446 r  candidate_lanes[1].lane_pe/codec/i_/i___218_i_1/CO[7]
                         net (fo=1, routed)           0.030    48.476    candidate_lanes[1].lane_pe/codec/i_/i___218_i_1_n_0
    SLICE_X17Y104        CARRY8 (Prop_CARRY8_SLICEM_CI_CO[3])
                                                      0.082    48.558 r  candidate_lanes[1].lane_pe/codec/i_/i___221_i_2/CO[3]
                         net (fo=103, routed)         0.623    49.181    candidate_lanes[1].lane_pe/codec/i_/i___221_i_2_n_4
    SLICE_X22Y121        LUT2 (Prop_F6LUT_SLICEL_I0_O)
                                                      0.187    49.368 r  candidate_lanes[1].lane_pe/codec/i___221_i_81__0/O
                         net (fo=1, routed)           0.015    49.383    candidate_lanes[1].lane_pe/codec/i___221_i_81__0_n_0
    SLICE_X22Y121        CARRY8 (Prop_CARRY8_SLICEL_S[5]_CO[7])
                                                      0.232    49.615 f  candidate_lanes[1].lane_pe/codec/i_/i___221_i_39/CO[7]
                         net (fo=1, routed)           0.030    49.645    candidate_lanes[1].lane_pe/codec/i_/i___221_i_39_n_0
    SLICE_X22Y122        CARRY8 (Prop_CARRY8_SLICEL_CI_CO[7])
                                                      0.065    49.710 f  candidate_lanes[1].lane_pe/codec/i_/i___221_i_8/CO[7]
                         net (fo=1, routed)           0.030    49.740    candidate_lanes[1].lane_pe/codec/i_/i___221_i_8_n_0
    SLICE_X22Y123        CARRY8 (Prop_CARRY8_SLICEL_CI_CO[7])
                                                      0.065    49.805 f  candidate_lanes[1].lane_pe/codec/i_/i___221_i_4/CO[7]
                         net (fo=1, routed)           0.030    49.835    candidate_lanes[1].lane_pe/codec/i_/i___221_i_4_n_0
    SLICE_X22Y124        CARRY8 (Prop_CARRY8_SLICEL_CI_CO[0])
                                                      0.074    49.909 f  candidate_lanes[1].lane_pe/codec/i_/i___221_i_1/CO[0]
                         net (fo=402, routed)         0.950    50.859    candidate_lanes[1].lane_pe/codec/i_/i___221_i_1_n_7
    SLICE_X23Y138        LUT3 (Prop_B6LUT_SLICEL_I0_O)
                                                      0.138    50.997 r  candidate_lanes[1].lane_pe/codec/i___174_i_2__2/O
                         net (fo=12, routed)          0.199    51.197    candidate_lanes[1].lane_pe/codec/i___91_i_22__0_n_0
    SLICE_X23Y138        LUT4 (Prop_D6LUT_SLICEL_I3_O)
                                                      0.221    51.418 r  candidate_lanes[1].lane_pe/codec/i___1/i___178/O
                         net (fo=1, routed)           0.013    51.431    candidate_lanes[1].lane_pe/codec/i___1/i___178_n_0
    SLICE_X23Y138        CARRY8 (Prop_CARRY8_SLICEL_S[3]_CO[7])
                                                      0.220    51.651 r  candidate_lanes[1].lane_pe/codec/i___91_i_3__0/CO[7]
                         net (fo=1, routed)           0.030    51.681    candidate_lanes[1].lane_pe/codec/i___91_i_3__0_n_0
    SLICE_X23Y139        CARRY8 (Prop_CARRY8_SLICEL_CI_O[3])
                                                      0.114    51.795 r  candidate_lanes[1].lane_pe/codec/i___193_i_1__1/O[3]
                         net (fo=3, routed)           0.410    52.205    candidate_lanes[1].lane_pe/codec/i___193_i_1__1_n_12
    SLICE_X23Y142        LUT6 (Prop_G6LUT_SLICEL_I5_O)
                                                      0.226    52.431 r  candidate_lanes[1].lane_pe/codec/i___223_i_239__0/O
                         net (fo=1, routed)           0.012    52.443    candidate_lanes[1].lane_pe/codec/i___223_i_239__0_n_0
    SLICE_X23Y142        CARRY8 (Prop_CARRY8_SLICEL_S[6]_CO[7])
                                                      0.171    52.614 r  candidate_lanes[1].lane_pe/codec/i___223_i_162__0/CO[7]
                         net (fo=1, routed)           0.030    52.644    candidate_lanes[1].lane_pe/codec/i___223_i_162__0_n_0
    SLICE_X23Y143        CARRY8 (Prop_CARRY8_SLICEL_CI_CO[7])
                                                      0.065    52.709 r  candidate_lanes[1].lane_pe/codec/i___223_i_74__0/CO[7]
                         net (fo=1, routed)           0.030    52.739    candidate_lanes[1].lane_pe/codec/i___223_i_74__0_n_0
    SLICE_X23Y144        CARRY8 (Prop_CARRY8_SLICEL_CI_O[3])
                                                      0.114    52.853 r  candidate_lanes[1].lane_pe/codec/i___223_i_39__1/O[3]
                         net (fo=3, routed)           0.944    53.797    candidate_lanes[1].lane_pe/codec/i___223_i_39__1_n_12
    SLICE_X17Y147        LUT3 (Prop_E6LUT_SLICEM_I0_O)
                                                      0.138    53.935 r  candidate_lanes[1].lane_pe/codec/i___223_i_48__1/O
                         net (fo=2, routed)           0.058    53.993    candidate_lanes[1].lane_pe/codec/i___223_i_48__1_n_0
    SLICE_X17Y147        LUT5 (Prop_D6LUT_SLICEM_I1_O)
                                                      0.134    54.127 r  candidate_lanes[1].lane_pe/codec/i___223_i_11__1/O
                         net (fo=2, routed)           0.278    54.405    candidate_lanes[1].lane_pe/codec/i___223_i_11__1_n_0
    SLICE_X18Y148        LUT6 (Prop_A6LUT_SLICEM_I0_O)
                                                      0.152    54.557 r  candidate_lanes[1].lane_pe/codec/i___223_i_18__1/O
                         net (fo=1, routed)           0.017    54.574    candidate_lanes[1].lane_pe/codec/i___223_i_18__1_n_0
    SLICE_X18Y148        CARRY8 (Prop_CARRY8_SLICEM_S[0]_O[2])
                                                      0.187    54.761 r  candidate_lanes[1].lane_pe/codec/i___223_i_3__0/O[2]
                         net (fo=1, routed)           0.466    55.227    candidate_lanes[1].lane_pe/codec/matrix_sum[27]
    SLICE_X19Y145        CARRY8 (Prop_CARRY8_SLICEL_S[1]_O[4])
                                                      0.279    55.506 r  candidate_lanes[1].lane_pe/codec/i___223_i_1__0/O[4]
                         net (fo=5, routed)           0.819    56.325    candidate_lanes[1].lane_pe/codec/i___223_i_1__0_n_11
    SLICE_X26Y142        LUT2 (Prop_C6LUT_SLICEL_I0_O)
                                                      0.187    56.512 r  candidate_lanes[1].lane_pe/codec/i___4_i_76__1/O
                         net (fo=1, routed)           0.015    56.527    candidate_lanes[1].lane_pe/codec/i___4_i_76__1_n_0
    SLICE_X26Y142        CARRY8 (Prop_CARRY8_SLICEL_S[2]_CO[7])
                                                      0.219    56.746 r  candidate_lanes[1].lane_pe/codec/i___4_i_52__0/CO[7]
                         net (fo=1, routed)           0.030    56.776    candidate_lanes[1].lane_pe/codec/i___4_i_52__0_n_0
    SLICE_X26Y143        CARRY8 (Prop_CARRY8_SLICEL_CI_CO[7])
                                                      0.065    56.841 r  candidate_lanes[1].lane_pe/codec/i___4_i_34__0/CO[7]
                         net (fo=1, routed)           0.030    56.871    candidate_lanes[1].lane_pe/codec/i___4_i_34__0_n_0
    SLICE_X26Y144        CARRY8 (Prop_CARRY8_SLICEL_CI_CO[7])
                                                      0.065    56.936 r  candidate_lanes[1].lane_pe/codec/i___4_i_31__1/CO[7]
                         net (fo=1, routed)           0.030    56.966    candidate_lanes[1].lane_pe/codec/i___4_i_31__1_n_0
    SLICE_X26Y145        CARRY8 (Prop_CARRY8_SLICEL_CI_CO[0])
                                                      0.074    57.040 r  candidate_lanes[1].lane_pe/codec/i___4_i_21__0/CO[0]
                         net (fo=32, routed)          0.340    57.380    candidate_lanes[1].lane_pe/codec/i___4_i_21__0_n_7
    SLICE_X27Y143        LUT4 (Prop_A6LUT_SLICEL_I2_O)
                                                      0.225    57.605 r  candidate_lanes[1].lane_pe/codec/i___211_i_9__0/O
                         net (fo=1, routed)           0.014    57.619    candidate_lanes[1].lane_pe/codec/i___211_i_9__0_n_0
    SLICE_X27Y143        CARRY8 (Prop_CARRY8_SLICEL_S[0]_CO[7])
                                                      0.278    57.897 r  candidate_lanes[1].lane_pe/codec/i___5/i___211_i_1/CO[7]
                         net (fo=1, routed)           0.030    57.927    candidate_lanes[1].lane_pe/codec/i___5/i___211_i_1_n_0
    SLICE_X27Y144        CARRY8 (Prop_CARRY8_SLICEL_CI_CO[7])
                                                      0.065    57.992 r  candidate_lanes[1].lane_pe/codec/i___5/i___110_i_1/CO[7]
                         net (fo=1, routed)           0.030    58.022    candidate_lanes[1].lane_pe/codec/i___5/i___110_i_1_n_0
    SLICE_X27Y145        CARRY8 (Prop_CARRY8_SLICEL_CI_CO[7])
                                                      0.065    58.087 r  candidate_lanes[1].lane_pe/codec/i___5/i___106_i_1/CO[7]
                         net (fo=1, routed)           0.030    58.117    candidate_lanes[1].lane_pe/codec/i___5/i___106_i_1_n_0
    SLICE_X27Y146        CARRY8 (Prop_CARRY8_SLICEL_CI_O[0])
                                                      0.078    58.195 f  candidate_lanes[1].lane_pe/codec/i___5/i___4_i_1__0/O[0]
                         net (fo=3, routed)           0.807    59.002    candidate_lanes[1].lane_pe/codec/i___5/i___4_i_1__0_n_15
    SLICE_X22Y146        LUT2 (Prop_A6LUT_SLICEL_I0_O)
                                                      0.188    59.190 r  candidate_lanes[1].lane_pe/codec/i___5/i___105/O
                         net (fo=1, routed)           0.014    59.204    candidate_lanes[1].lane_pe/codec/i___5/i___105_n_0
    SLICE_X22Y146        CARRY8 (Prop_CARRY8_SLICEL_S[0]_CO[3])
                                                      0.263    59.467 r  candidate_lanes[1].lane_pe/codec/i___5/i___4_i_2/CO[3]
                         net (fo=31, routed)          0.863    60.330    candidate_lanes[1].lane_pe/codec/i___5/i___4_i_2_n_4
    SLICE_X28Y142        LUT4 (Prop_A6LUT_SLICEM_I3_O)
                                                      0.138    60.468 r  candidate_lanes[1].lane_pe/codec/i___5/i___218/O
                         net (fo=1, routed)           0.017    60.485    candidate_lanes[1].lane_pe/codec/i___5/i___218_n_0
    SLICE_X28Y142        CARRY8 (Prop_CARRY8_SLICEM_S[0]_CO[7])
                                                      0.281    60.766 r  candidate_lanes[1].lane_pe/codec/i___5/distortion1_i_4/CO[7]
                         net (fo=1, routed)           0.030    60.796    candidate_lanes[1].lane_pe/codec/i___5/distortion1_i_4_n_0
    SLICE_X28Y143        CARRY8 (Prop_CARRY8_SLICEM_CI_O[7])
                                                      0.171    60.967 f  candidate_lanes[1].lane_pe/codec/i___5/distortion1_i_3/O[7]
                         net (fo=4, routed)           0.693    61.660    candidate_lanes[1].lane_pe/codec/distortion1__0/B[15]
    DSP48E2_X6Y60        DSP_A_B_DATA (Prop_DSP_A_B_DATA_DSP48E2_B[15]_B2_DATA[15])
                                                      0.216    61.876 r  candidate_lanes[1].lane_pe/codec/distortion1__0/DSP_A_B_DATA_INST/B2_DATA[15]
                         net (fo=1, routed)           0.000    61.876    candidate_lanes[1].lane_pe/codec/distortion1__0/DSP_A_B_DATA.B2_DATA<15>
    DSP48E2_X6Y60        DSP_PREADD_DATA (Prop_DSP_PREADD_DATA_DSP48E2_B2_DATA[15]_B2B1[15])
                                                      0.097    61.973 r  candidate_lanes[1].lane_pe/codec/distortion1__0/DSP_PREADD_DATA_INST/B2B1[15]
                         net (fo=1, routed)           0.000    61.973    candidate_lanes[1].lane_pe/codec/distortion1__0/DSP_PREADD_DATA.B2B1<15>
    DSP48E2_X6Y60        DSP_MULTIPLIER (Prop_DSP_MULTIPLIER_DSP48E2_B2B1[15]_U[43])
                                                      0.773    62.746 f  candidate_lanes[1].lane_pe/codec/distortion1__0/DSP_MULTIPLIER_INST/U[43]
                         net (fo=1, routed)           0.000    62.746    candidate_lanes[1].lane_pe/codec/distortion1__0/DSP_MULTIPLIER.U<43>
    DSP48E2_X6Y60        DSP_M_DATA (Prop_DSP_M_DATA_DSP48E2_U[43]_U_DATA[43])
                                                      0.067    62.813 r  candidate_lanes[1].lane_pe/codec/distortion1__0/DSP_M_DATA_INST/U_DATA[43]
                         net (fo=1, routed)           0.000    62.813    candidate_lanes[1].lane_pe/codec/distortion1__0/DSP_M_DATA.U_DATA<43>
    DSP48E2_X6Y60        DSP_ALU (Prop_DSP_ALU_DSP48E2_U_DATA[43]_ALU_OUT[47])
                                                      0.727    63.540 f  candidate_lanes[1].lane_pe/codec/distortion1__0/DSP_ALU_INST/ALU_OUT[47]
                         net (fo=1, routed)           0.000    63.540    candidate_lanes[1].lane_pe/codec/distortion1__0/DSP_ALU.ALU_OUT<47>
    DSP48E2_X6Y60        DSP_OUTPUT (Prop_DSP_OUTPUT_DSP48E2_ALU_OUT[47]_PCOUT[47])
                                                      0.167    63.707 r  candidate_lanes[1].lane_pe/codec/distortion1__0/DSP_OUTPUT_INST/PCOUT[47]
                         net (fo=1, routed)           0.014    63.721    candidate_lanes[1].lane_pe/codec/distortion1__1/PCIN[47]
    DSP48E2_X6Y61        DSP_ALU (Prop_DSP_ALU_DSP48E2_PCIN[47]_ALU_OUT[0])
                                                      0.739    64.460 f  candidate_lanes[1].lane_pe/codec/distortion1__1/DSP_ALU_INST/ALU_OUT[0]
                         net (fo=1, routed)           0.000    64.460    candidate_lanes[1].lane_pe/codec/distortion1__1/DSP_ALU.ALU_OUT<0>
    DSP48E2_X6Y61        DSP_OUTPUT (Prop_DSP_OUTPUT_DSP48E2_ALU_OUT[0]_P[0])
                                                      0.146    64.606 r  candidate_lanes[1].lane_pe/codec/distortion1__1/DSP_OUTPUT_INST/P[0]
                         net (fo=2, routed)           0.725    65.331    candidate_lanes[1].lane_pe/codec/distortion1__1_n_105
    SLICE_X21Y151        LUT2 (Prop_B6LUT_SLICEM_I0_O)
                                                      0.057    65.388 r  candidate_lanes[1].lane_pe/codec/out_distortion[31]_i_524/O
                         net (fo=1, routed)           0.022    65.410    candidate_lanes[1].lane_pe/codec/out_distortion[31]_i_524_n_0
    SLICE_X21Y151        CARRY8 (Prop_CARRY8_SLICEM_S[1]_O[2])
                                                      0.179    65.589 r  candidate_lanes[1].lane_pe/codec/out_distortion_reg[31]_i_440/O[2]
                         net (fo=3, routed)           0.431    66.020    candidate_lanes[1].lane_pe/codec/out_distortion_reg[31]_i_440_n_13
    SLICE_X21Y165        LUT3 (Prop_A6LUT_SLICEM_I1_O)
                                                      0.058    66.078 r  candidate_lanes[1].lane_pe/codec/out_distortion[31]_i_379/O
                         net (fo=1, routed)           0.393    66.471    candidate_lanes[1].lane_pe/codec/out_distortion[31]_i_379_n_0
    SLICE_X21Y174        CARRY8 (Prop_CARRY8_SLICEM_DI[3]_O[5])
                                                      0.268    66.739 r  candidate_lanes[1].lane_pe/codec/out_distortion_reg[31]_i_182/O[5]
                         net (fo=3, routed)           0.592    67.331    candidate_lanes[1].lane_pe/codec/out_distortion_reg[31]_i_182_n_10
    SLICE_X20Y191        LUT6 (Prop_F6LUT_SLICEM_I3_O)
                                                      0.186    67.517 r  candidate_lanes[1].lane_pe/codec/out_distortion[31]_i_138/O
                         net (fo=1, routed)           0.029    67.546    candidate_lanes[1].lane_pe/codec/out_distortion[31]_i_138_n_0
    SLICE_X20Y191        CARRY8 (Prop_CARRY8_SLICEM_S[5]_O[5])
                                                      0.084    67.630 r  candidate_lanes[1].lane_pe/codec/out_distortion_reg[31]_i_30/O[5]
                         net (fo=3, routed)           0.385    68.015    candidate_lanes[1].lane_pe/codec/out_distortion_reg[31]_i_30_n_10
    SLICE_X21Y207        LUT3 (Prop_E5LUT_SLICEM_I1_O)
                                                      0.225    68.240 r  candidate_lanes[1].lane_pe/codec/out_distortion[23]_i_19/O
                         net (fo=2, routed)           0.156    68.396    candidate_lanes[1].lane_pe/codec/out_distortion[23]_i_19_n_0
    SLICE_X22Y207        LUT5 (Prop_H6LUT_SLICEL_I1_O)
                                                      0.188    68.584 r  candidate_lanes[1].lane_pe/codec/out_distortion[23]_i_3/O
                         net (fo=2, routed)           0.124    68.708    candidate_lanes[1].lane_pe/codec/out_distortion[23]_i_3_n_0
    SLICE_X22Y205        LUT6 (Prop_G6LUT_SLICEL_I0_O)
                                                      0.186    68.894 r  candidate_lanes[1].lane_pe/codec/out_distortion[23]_i_11/O
                         net (fo=1, routed)           0.012    68.906    candidate_lanes[1].lane_pe/codec/out_distortion[23]_i_11_n_0
    SLICE_X22Y205        CARRY8 (Prop_CARRY8_SLICEL_S[6]_CO[7])
                                                      0.171    69.076 r  candidate_lanes[1].lane_pe/codec/out_distortion_reg[23]_i_1/CO[7]
                         net (fo=1, routed)           0.030    69.106    candidate_lanes[1].lane_pe/codec/out_distortion_reg[23]_i_1_n_0
    SLICE_X22Y206        CARRY8 (Prop_CARRY8_SLICEL_CI_O[4])
                                                      0.119    69.226 r  candidate_lanes[1].lane_pe/codec/out_distortion_reg[31]_i_2/O[4]
                         net (fo=1, routed)           0.032    69.257    candidate_lanes[1].lane_pe/codec_distortion[28]
    SLICE_X22Y206        FDRE                                         r  candidate_lanes[1].lane_pe/out_distortion_reg[28]/D
  -------------------------------------------------------------------    -------------------

                         (clock chia_rdo_clk rise edge)
                                                      5.000     5.000 r  
                                                      0.000     5.000 r  clk (IN)
                         net (fo=1936, unset)         0.029     5.029    candidate_lanes[1].lane_pe/clk
    SLICE_X22Y206        FDRE                                         r  candidate_lanes[1].lane_pe/out_distortion_reg[28]/C
                         clock pessimism              0.000     5.029    
                         clock uncertainty           -0.035     4.994    
    SLICE_X22Y206        FDRE (Setup_EFF_SLICEL_C_D)
                                                      0.044     5.038    candidate_lanes[1].lane_pe/out_distortion_reg[28]
  -------------------------------------------------------------------
                         required time                          5.038    
                         arrival time                         -69.258    
  -------------------------------------------------------------------
                         slack                                -64.220    

Slack (VIOLATED) :        -64.217ns  (required time - arrival time)
  Source:                 launched_count_reg[1]_replica_10/C
                            (rising edge-triggered cell FDRE clocked by chia_rdo_clk  {rise@0.000ns fall@2.500ns period=5.000ns})
  Destination:            candidate_lanes[1].lane_pe/out_distortion_reg[27]/D
                            (rising edge-triggered cell FDRE clocked by chia_rdo_clk  {rise@0.000ns fall@2.500ns period=5.000ns})
  Path Group:             chia_rdo_clk
  Path Type:              Setup (Max at Slow Process Corner)
  Requirement:            5.000ns  (chia_rdo_clk rise@5.000ns - chia_rdo_clk rise@0.000ns)
  Data Path Delay:        69.212ns  (logic 35.576ns (51.402%)  route 33.636ns (48.598%))
  Logic Levels:           174  (CARRY8=69 DSP_A_B_DATA=5 DSP_ALU=10 DSP_M_DATA=4 DSP_MULTIPLIER=4 DSP_OUTPUT=10 DSP_PREADD_DATA=4 LUT1=1 LUT2=9 LUT3=12 LUT4=8 LUT5=15 LUT6=22 MUXF7=1)
  Clock Path Skew:        -0.014ns (DCD - SCD + CPR)
    Destination Clock Delay (DCD):    0.029ns = ( 5.029 - 5.000 ) 
    Source Clock Delay      (SCD):    0.043ns
    Clock Pessimism Removal (CPR):    0.000ns
  Clock Uncertainty:      0.035ns  ((TSJ^2 + TIJ^2)^1/2 + DJ) / 2 + PE
    Total System Jitter     (TSJ):    0.071ns
    Total Input Jitter      (TIJ):    0.000ns
    Discrete Jitter          (DJ):    0.000ns
    Phase Error              (PE):    0.000ns

    Location             Delay type                Incr(ns)  Path(ns)    Netlist Resource(s)
  -------------------------------------------------------------------    -------------------
                         (clock chia_rdo_clk rise edge)
                                                      0.000     0.000 r  
                                                      0.000     0.000 r  clk (IN)
                         net (fo=1936, unset)         0.043     0.043    clk
    SLICE_X31Y208        FDRE                                         r  launched_count_reg[1]_replica_10/C
  -------------------------------------------------------------------    -------------------
    SLICE_X31Y208        FDRE (Prop_GFF_SLICEM_C_Q)
                                                      0.116     0.159 r  launched_count_reg[1]_replica_10/Q
                         net (fo=6, routed)           0.133     0.292    candidate_lanes[1].lane_pe/rd_cost/p_4_in[1]_repN_10_alias
    SLICE_X31Y209        LUT3 (Prop_B6LUT_SLICEM_I1_O)
                                                      0.188     0.480 r  candidate_lanes[1].lane_pe/rd_cost/multi_stage.rate_stage00_i_237__0/O
                         net (fo=6, routed)           0.242     0.722    candidate_lanes[1].lane_pe/rd_cost/launched_count_reg[2]_0
    SLICE_X31Y208        LUT6 (Prop_G6LUT_SLICEM_I2_O)
                                                      0.152     0.874 f  candidate_lanes[1].lane_pe/rd_cost/multi_stage.rate_stage00_i_88/O
                         net (fo=1, routed)           0.141     1.015    candidate_lanes[1].lane_pe/rd_cost/multi_stage.rate_stage00_i_88_n_0
    SLICE_X31Y208        CARRY8 (Prop_CARRY8_SLICEM_DI[2]_CO[3])
                                                      0.190     1.205 f  candidate_lanes[1].lane_pe/rd_cost/multi_stage.rate_stage00_i_26__0/CO[3]
                         net (fo=53, routed)          0.313     1.518    candidate_lanes[1].lane_pe/codec/mode_reg_reg[0][0]
    SLICE_X31Y208        LUT6 (Prop_H6LUT_SLICEM_I4_O)
                                                      0.084     1.602 r  candidate_lanes[1].lane_pe/codec/multi_stage.rate_stage00_i_240__0/O
                         net (fo=3, routed)           0.139     1.741    candidate_lanes[1].lane_pe/codec/launched_count_reg[3]_1
    SLICE_X32Y208        LUT6 (Prop_H6LUT_SLICEM_I0_O)
                                                      0.189     1.930 r  candidate_lanes[1].lane_pe/codec/multi_stage.rate_stage00_i_98/O
                         net (fo=70, routed)          0.448     2.378    candidate_lanes[1].lane_pe/codec/launched_count_reg[3]_0
    SLICE_X32Y220        LUT5 (Prop_G6LUT_SLICEM_I1_O)
                                                      0.226     2.604 f  candidate_lanes[1].lane_pe/codec/mode_reg[5]_i_33/O
                         net (fo=2, routed)           0.059     2.663    candidate_lanes[1].lane_pe/codec/mode_reg[5]_i_33_n_0
    SLICE_X32Y220        LUT6 (Prop_E6LUT_SLICEM_I0_O)
                                                      0.152     2.815 f  candidate_lanes[1].lane_pe/codec/mode_reg[5]_i_14/O
                         net (fo=1, routed)           0.200     3.015    candidate_lanes[1].lane_pe/codec/mode_reg[5]_i_14_n_0
    SLICE_X32Y214        LUT6 (Prop_C6LUT_SLICEM_I0_O)
                                                      0.220     3.235 f  candidate_lanes[1].lane_pe/codec/mode_reg[5]_i_4/O
                         net (fo=7, routed)           0.405     3.641    candidate_lanes[1].lane_pe/codec/mode_reg[5]_i_4_n_0
    SLICE_X32Y208        LUT6 (Prop_F6LUT_SLICEM_I5_O)
                                                      0.149     3.790 f  candidate_lanes[1].lane_pe/codec/mode_reg[5]_i_1/O
                         net (fo=130, routed)         0.120     3.909    candidate_lanes[1].lane_pe/codec/launched_count_reg[1]_0
    SLICE_X32Y209        LUT5 (Prop_E6LUT_SLICEM_I0_O)
                                                      0.187     4.096 r  candidate_lanes[1].lane_pe/codec/angular_temporary1__14_i_9/O
                         net (fo=110, routed)         0.270     4.366    candidate_lanes[1].lane_pe/codec/angular_temporary1_i_49_n_0
    SLICE_X31Y207        LUT5 (Prop_H6LUT_SLICEM_I3_O)
                                                      0.154     4.520 r  candidate_lanes[1].lane_pe/codec/angular_temporary1_i_45/O
                         net (fo=1, routed)           0.145     4.665    candidate_lanes[1].lane_pe/codec/angular_temporary1_i_45_n_0
    SLICE_X31Y207        CARRY8 (Prop_CARRY8_SLICEM_DI[5]_CO[6])
                                                      0.120     4.785 r  candidate_lanes[1].lane_pe/codec/angular_temporary1_i_16/CO[6]
                         net (fo=144, routed)         0.185     4.970    candidate_lanes[1].lane_pe/codec/angular_temporary1_i_16_n_1
    SLICE_X31Y206        LUT5 (Prop_E6LUT_SLICEM_I0_O)
                                                      0.057     5.027 r  candidate_lanes[1].lane_pe/codec/angular_temporary3__3_i_2/O
                         net (fo=77, routed)          0.296     5.322    candidate_lanes[1].lane_pe/codec/angular_temporary3__3_i_2_n_0
    SLICE_X31Y203        LUT2 (Prop_A6LUT_SLICEM_I0_O)
                                                      0.138     5.460 r  candidate_lanes[1].lane_pe/codec/angular_temporary1__5_i_89/O
                         net (fo=1, routed)           0.017     5.477    candidate_lanes[1].lane_pe/codec/angular_temporary1__5_i_89_n_0
    SLICE_X31Y203        CARRY8 (Prop_CARRY8_SLICEM_S[0]_CO[7])
                                                      0.281     5.758 r  candidate_lanes[1].lane_pe/codec/angular_temporary1__5_i_50/CO[7]
                         net (fo=1, routed)           0.030     5.788    candidate_lanes[1].lane_pe/codec/angular_temporary1__5_i_50_n_0
    SLICE_X31Y204        CARRY8 (Prop_CARRY8_SLICEM_CI_CO[7])
                                                      0.073     5.861 r  candidate_lanes[1].lane_pe/codec/angular_temporary1__5_i_31/CO[7]
                         net (fo=58, routed)          0.607     6.468    candidate_lanes[1].lane_pe/codec/angular_temporary1__5_i_31_n_0
    SLICE_X41Y192        LUT6 (Prop_D6LUT_SLICEM_I0_O)
                                                      0.151     6.619 r  candidate_lanes[1].lane_pe/codec/angular_temporary1__9_i_119/O
                         net (fo=1, routed)           0.297     6.916    candidate_lanes[1].lane_pe/codec/angular_temporary1__9_i_119_n_0
    SLICE_X41Y193        CARRY8 (Prop_CARRY8_SLICEM_DI[0]_CO[7])
                                                      0.196     7.112 r  candidate_lanes[1].lane_pe/codec/angular_temporary1__9_i_65/CO[7]
                         net (fo=1, routed)           0.030     7.142    candidate_lanes[1].lane_pe/codec/angular_temporary1__9_i_65_n_0
    SLICE_X41Y194        CARRY8 (Prop_CARRY8_SLICEM_CI_O[0])
                                                      0.078     7.220 r  candidate_lanes[1].lane_pe/codec/angular_temporary1__9_i_45/O[0]
                         net (fo=18, routed)          0.277     7.497    candidate_lanes[1].lane_pe/codec/angular_temporary1__9_i_45_n_15
    SLICE_X42Y193        LUT4 (Prop_F6LUT_SLICEL_I0_O)
                                                      0.136     7.633 r  candidate_lanes[1].lane_pe/codec/angular_temporary3__1_i_123/O
                         net (fo=1, routed)           0.284     7.917    candidate_lanes[1].lane_pe/codec/inverse_angle_sum[8]
    SLICE_X42Y193        CARRY8 (Prop_CARRY8_SLICEL_DI[0]_O[2])
                                                      0.156     8.073 r  candidate_lanes[1].lane_pe/codec/angular_temporary3__1_i_69/O[2]
                         net (fo=32, routed)          0.518     8.591    candidate_lanes[1].lane_pe/codec/sel0[2]
    SLICE_X44Y189        LUT6 (Prop_B6LUT_SLICEL_I2_O)
                                                      0.224     8.815 f  candidate_lanes[1].lane_pe/codec/angular_temporary3__1_i_142/O
                         net (fo=1, routed)           0.377     9.192    candidate_lanes[1].lane_pe/codec/angular_temporary3__1_i_142_n_0
    SLICE_X42Y185        LUT6 (Prop_A6LUT_SLICEL_I5_O)
                                                      0.152     9.344 f  candidate_lanes[1].lane_pe/codec/angular_temporary3__1_i_86/O
                         net (fo=1, routed)           0.113     9.457    candidate_lanes[1].lane_pe/codec/angular_temporary3__1_i_86_n_0
    SLICE_X42Y185        LUT6 (Prop_D6LUT_SLICEL_I5_O)
                                                      0.136     9.593 f  candidate_lanes[1].lane_pe/codec/angular_temporary3__1_i_44/O
                         net (fo=1, routed)           0.341     9.934    candidate_lanes[1].lane_pe/codec/angular_temporary3__1_i_44_n_0
    SLICE_X34Y180        LUT6 (Prop_G6LUT_SLICEM_I4_O)
                                                      0.137    10.071 f  candidate_lanes[1].lane_pe/codec/angular_temporary3__1_i_16/O
                         net (fo=1, routed)           0.021    10.092    candidate_lanes[1].lane_pe/codec/angular_temporary3__1_i_16_n_0
    SLICE_X34Y180        MUXF7 (Prop_F7MUX_GH_SLICEM_I1_O)
                                                      0.102    10.194 f  candidate_lanes[1].lane_pe/codec/angular_temporary3__1_i_4/O
                         net (fo=3, routed)           0.264    10.457    candidate_lanes[1].lane_pe/codec/angular_temporary3__1/A[4]
    DSP48E2_X8Y72        DSP_A_B_DATA (Prop_DSP_A_B_DATA_DSP48E2_A[4]_A2_DATA[4])
                                                      0.258    10.715 r  candidate_lanes[1].lane_pe/codec/angular_temporary3__1/DSP_A_B_DATA_INST/A2_DATA[4]
                         net (fo=1, routed)           0.000    10.715    candidate_lanes[1].lane_pe/codec/angular_temporary3__1/DSP_A_B_DATA.A2_DATA<4>
    DSP48E2_X8Y72        DSP_PREADD_DATA (Prop_DSP_PREADD_DATA_DSP48E2_A2_DATA[4]_A2A1[4])
                                                      0.114    10.829 r  candidate_lanes[1].lane_pe/codec/angular_temporary3__1/DSP_PREADD_DATA_INST/A2A1[4]
                         net (fo=1, routed)           0.000    10.829    candidate_lanes[1].lane_pe/codec/angular_temporary3__1/DSP_PREADD_DATA.A2A1<4>
    DSP48E2_X8Y72        DSP_MULTIPLIER (Prop_DSP_MULTIPLIER_DSP48E2_A2A1[4]_U[25])
                                                      0.700    11.529 f  candidate_lanes[1].lane_pe/codec/angular_temporary3__1/DSP_MULTIPLIER_INST/U[25]
                         net (fo=1, routed)           0.000    11.529    candidate_lanes[1].lane_pe/codec/angular_temporary3__1/DSP_MULTIPLIER.U<25>
    DSP48E2_X8Y72        DSP_M_DATA (Prop_DSP_M_DATA_DSP48E2_U[25]_U_DATA[25])
                                                      0.067    11.596 r  candidate_lanes[1].lane_pe/codec/angular_temporary3__1/DSP_M_DATA_INST/U_DATA[25]
                         net (fo=1, routed)           0.000    11.596    candidate_lanes[1].lane_pe/codec/angular_temporary3__1/DSP_M_DATA.U_DATA<25>
    DSP48E2_X8Y72        DSP_ALU (Prop_DSP_ALU_DSP48E2_U_DATA[25]_ALU_OUT[47])
                                                      0.727    12.323 f  candidate_lanes[1].lane_pe/codec/angular_temporary3__1/DSP_ALU_INST/ALU_OUT[47]
                         net (fo=1, routed)           0.000    12.323    candidate_lanes[1].lane_pe/codec/angular_temporary3__1/DSP_ALU.ALU_OUT<47>
    DSP48E2_X8Y72        DSP_OUTPUT (Prop_DSP_OUTPUT_DSP48E2_ALU_OUT[47]_PCOUT[47])
                                                      0.167    12.490 r  candidate_lanes[1].lane_pe/codec/angular_temporary3__1/DSP_OUTPUT_INST/PCOUT[47]
                         net (fo=1, routed)           0.014    12.504    candidate_lanes[1].lane_pe/codec/angular_temporary3__2/PCIN[47]
    DSP48E2_X8Y73        DSP_ALU (Prop_DSP_ALU_DSP48E2_PCIN[47]_ALU_OUT[14])
                                                      0.739    13.243 r  candidate_lanes[1].lane_pe/codec/angular_temporary3__2/DSP_ALU_INST/ALU_OUT[14]
                         net (fo=1, routed)           0.000    13.243    candidate_lanes[1].lane_pe/codec/angular_temporary3__2/DSP_ALU.ALU_OUT<14>
    DSP48E2_X8Y73        DSP_OUTPUT (Prop_DSP_OUTPUT_DSP48E2_ALU_OUT[14]_P[14])
                                                      0.146    13.389 f  candidate_lanes[1].lane_pe/codec/angular_temporary3__2/DSP_OUTPUT_INST/P[14]
                         net (fo=17, routed)          0.732    14.121    candidate_lanes[1].lane_pe/codec/angular_temporary1__1/A[17]
    DSP48E2_X8Y64        DSP_A_B_DATA (Prop_DSP_A_B_DATA_DSP48E2_A[17]_A_ALU[17])
                                                      0.265    14.386 r  candidate_lanes[1].lane_pe/codec/angular_temporary1__1/DSP_A_B_DATA_INST/A_ALU[17]
                         net (fo=1, routed)           0.000    14.386    candidate_lanes[1].lane_pe/codec/angular_temporary1__1/DSP_A_B_DATA.A_ALU<17>
    DSP48E2_X8Y64        DSP_ALU (Prop_DSP_ALU_DSP48E2_A_ALU[17]_ALU_OUT[47])
                                                      0.726    15.112 f  candidate_lanes[1].lane_pe/codec/angular_temporary1__1/DSP_ALU_INST/ALU_OUT[47]
                         net (fo=1, routed)           0.000    15.112    candidate_lanes[1].lane_pe/codec/angular_temporary1__1/DSP_ALU.ALU_OUT<47>
    DSP48E2_X8Y64        DSP_OUTPUT (Prop_DSP_OUTPUT_DSP48E2_ALU_OUT[47]_PCOUT[47])
                                                      0.167    15.279 r  candidate_lanes[1].lane_pe/codec/angular_temporary1__1/DSP_OUTPUT_INST/PCOUT[47]
                         net (fo=1, routed)           0.014    15.293    candidate_lanes[1].lane_pe/codec/angular_temporary1__2/PCIN[47]
    DSP48E2_X8Y65        DSP_ALU (Prop_DSP_ALU_DSP48E2_PCIN[47]_ALU_OUT[7])
                                                      0.739    16.032 f  candidate_lanes[1].lane_pe/codec/angular_temporary1__2/DSP_ALU_INST/ALU_OUT[7]
                         net (fo=1, routed)           0.000    16.032    candidate_lanes[1].lane_pe/codec/angular_temporary1__2/DSP_ALU.ALU_OUT<7>
    DSP48E2_X8Y65        DSP_OUTPUT (Prop_DSP_OUTPUT_DSP48E2_ALU_OUT[7]_P[7])
                                                      0.146    16.178 r  candidate_lanes[1].lane_pe/codec/angular_temporary1__2/DSP_OUTPUT_INST/P[7]
                         net (fo=2, routed)           0.397    16.575    candidate_lanes[1].lane_pe/codec/angular_temporary1__2_n_98
    SLICE_X33Y155        LUT3 (Prop_A6LUT_SLICEL_I0_O)
                                                      0.225    16.800 r  candidate_lanes[1].lane_pe/codec/i___1_i_267/O
                         net (fo=2, routed)           0.098    16.898    candidate_lanes[1].lane_pe/codec/i___1_i_267_n_0
    SLICE_X32Y155        LUT6 (Prop_C6LUT_SLICEM_I0_O)
                                                      0.149    17.047 r  candidate_lanes[1].lane_pe/codec/i___1_i_275/O
                         net (fo=1, routed)           0.029    17.076    candidate_lanes[1].lane_pe/codec/i___1_i_275_n_0
    SLICE_X32Y155        CARRY8 (Prop_CARRY8_SLICEM_S[2]_CO[7])
                                                      0.229    17.305 r  candidate_lanes[1].lane_pe/codec/i___1_i_191/CO[7]
                         net (fo=1, routed)           0.030    17.335    candidate_lanes[1].lane_pe/codec/i___1_i_191_n_0
    SLICE_X32Y156        CARRY8 (Prop_CARRY8_SLICEM_CI_CO[7])
                                                      0.065    17.400 r  candidate_lanes[1].lane_pe/codec/i___283_i_72/CO[7]
                         net (fo=1, routed)           0.030    17.430    candidate_lanes[1].lane_pe/codec/i___283_i_72_n_0
    SLICE_X32Y157        CARRY8 (Prop_CARRY8_SLICEM_CI_CO[7])
                                                      0.065    17.495 r  candidate_lanes[1].lane_pe/codec/i___283_i_70/CO[7]
                         net (fo=1, routed)           0.030    17.525    candidate_lanes[1].lane_pe/codec/i___283_i_70_n_0
    SLICE_X32Y158        CARRY8 (Prop_CARRY8_SLICEM_CI_O[2])
                                                      0.093    17.618 f  candidate_lanes[1].lane_pe/codec/i___111_i_30/O[2]
                         net (fo=3, routed)           0.290    17.908    candidate_lanes[1].lane_pe/codec/i___111_i_30_n_13
    SLICE_X33Y157        LUT2 (Prop_B6LUT_SLICEL_I1_O)
                                                      0.224    18.132 r  candidate_lanes[1].lane_pe/codec/i___111_i_35/O
                         net (fo=1, routed)           0.013    18.145    candidate_lanes[1].lane_pe/codec/i___111_i_35_n_0
    SLICE_X33Y157        CARRY8 (Prop_CARRY8_SLICEL_S[1]_CO[3])
                                                      0.250    18.395 r  candidate_lanes[1].lane_pe/codec/i___111_i_29/CO[3]
                         net (fo=27, routed)          0.251    18.646    candidate_lanes[1].lane_pe/codec/i___111_i_29_n_4
    SLICE_X33Y154        LUT3 (Prop_A6LUT_SLICEL_I1_O)
                                                      0.058    18.704 r  candidate_lanes[1].lane_pe/codec/i___1_i_138/O
                         net (fo=1, routed)           0.050    18.754    candidate_lanes[1].lane_pe/codec/i___1_i_138_n_0
    SLICE_X33Y154        LUT5 (Prop_B6LUT_SLICEL_I0_O)
                                                      0.138    18.892 r  candidate_lanes[1].lane_pe/codec/i___1_i_70__4/O
                         net (fo=2, routed)           0.403    19.295    candidate_lanes[1].lane_pe/codec/angular_temporary1_out[3]
    SLICE_X32Y143        LUT5 (Prop_H6LUT_SLICEM_I2_O)
                                                      0.154    19.449 r  candidate_lanes[1].lane_pe/codec/i___1_i_33__4/O
                         net (fo=2, routed)           0.514    19.963    candidate_lanes[1].lane_pe/codec/i___1_i_33__4_n_0
    SLICE_X29Y125        LUT5 (Prop_D6LUT_SLICEM_I4_O)
                                                      0.185    20.148 r  candidate_lanes[1].lane_pe/codec/i___1_i_8__6/O
                         net (fo=1, routed)           0.032    20.180    candidate_lanes[1].lane_pe/codec/i___1_i_8__6_n_0
    SLICE_X29Y125        CARRY8 (Prop_CARRY8_SLICEM_S[3]_O[5])
                                                      0.262    20.442 r  candidate_lanes[1].lane_pe/codec/i___1_i_1__0/O[5]
                         net (fo=25, routed)          0.525    20.967    candidate_lanes[1].lane_pe/codec/codec_residual[32]
    SLICE_X31Y103        LUT2 (Prop_F6LUT_SLICEM_I1_O)
                                                      0.224    21.191 r  candidate_lanes[1].lane_pe/codec/i___4/i___280/O
                         net (fo=1, routed)           0.029    21.220    candidate_lanes[1].lane_pe/codec/i___4/i___280_n_0
    SLICE_X31Y103        CARRY8 (Prop_CARRY8_SLICEM_S[5]_CO[7])
                                                      0.238    21.458 r  candidate_lanes[1].lane_pe/codec/(null)[0].value4__5_i_397/CO[7]
                         net (fo=1, routed)           0.030    21.488    candidate_lanes[1].lane_pe/codec/(null)[0].value4__5_i_397_n_0
    SLICE_X31Y104        CARRY8 (Prop_CARRY8_SLICEM_CI_O[0])
                                                      0.078    21.566 r  candidate_lanes[1].lane_pe/codec/(null)[0].value4__5_i_715/O[0]
                         net (fo=3, routed)           0.228    21.794    candidate_lanes[1].lane_pe/codec/(null)[0].value4__5_i_715_n_15
    SLICE_X30Y102        LUT4 (Prop_D6LUT_SLICEL_I3_O)
                                                      0.185    21.979 r  candidate_lanes[1].lane_pe/codec/(null)[0].value4__5_i_575/O
                         net (fo=1, routed)           0.013    21.992    candidate_lanes[1].lane_pe/codec/(null)[0].value4__5_i_575_n_0
    SLICE_X30Y102        CARRY8 (Prop_CARRY8_SLICEL_S[3]_O[4])
                                                      0.208    22.200 r  candidate_lanes[1].lane_pe/codec/(null)[0].value4__5_i_393/O[4]
                         net (fo=3, routed)           0.343    22.542    candidate_lanes[1].lane_pe/codec/(null)[0].value4__5_i_393_n_11
    SLICE_X32Y103        LUT3 (Prop_E6LUT_SLICEM_I0_O)
                                                      0.138    22.680 r  candidate_lanes[1].lane_pe/codec/(null)[0].value4__5_i_693/O
                         net (fo=2, routed)           0.211    22.891    candidate_lanes[1].lane_pe/codec/(null)[0].value4__5_i_693_n_0
    SLICE_X32Y103        LUT5 (Prop_H6LUT_SLICEM_I1_O)
                                                      0.228    23.119 r  candidate_lanes[1].lane_pe/codec/(null)[0].value4__5_i_484/O
                         net (fo=2, routed)           0.466    23.586    candidate_lanes[1].lane_pe/codec/(null)[0].value4__5_i_484_n_0
    SLICE_X34Y101        LUT6 (Prop_B6LUT_SLICEM_I0_O)
                                                      0.152    23.738 r  candidate_lanes[1].lane_pe/codec/(null)[0].value4__5_i_492/O
                         net (fo=1, routed)           0.022    23.760    candidate_lanes[1].lane_pe/codec/(null)[0].value4__5_i_492_n_0
    SLICE_X34Y101        CARRY8 (Prop_CARRY8_SLICEM_S[1]_O[5])
                                                      0.333    24.093 r  candidate_lanes[1].lane_pe/codec/(null)[0].value4__5_i_377/O[5]
                         net (fo=27, routed)          1.669    25.761    candidate_lanes[1].lane_pe/codec/(null)[0].value4__5_i_377_n_10
    SLICE_X10Y56         LUT2 (Prop_E6LUT_SLICEM_I0_O)
                                                      0.223    25.984 r  candidate_lanes[1].lane_pe/codec/(null)[0].value4__1__1_i_452/O
                         net (fo=1, routed)           0.018    26.002    candidate_lanes[1].lane_pe/codec/(null)[0].value4__1__1_i_452_n_0
    SLICE_X10Y56         CARRY8 (Prop_CARRY8_SLICEM_S[4]_CO[7])
                                                      0.236    26.238 r  candidate_lanes[1].lane_pe/codec/(null)[0].value4__1__1_i_318/CO[7]
                         net (fo=1, routed)           0.030    26.268    candidate_lanes[1].lane_pe/codec/(null)[0].value4__1__1_i_318_n_0
    SLICE_X10Y57         CARRY8 (Prop_CARRY8_SLICEM_CI_O[1])
                                                      0.106    26.374 r  candidate_lanes[1].lane_pe/codec/(null)[0].value4__1__1_i_317/O[1]
                         net (fo=3, routed)           0.333    26.707    candidate_lanes[1].lane_pe/codec/(null)[0].value4__1__1_i_317_n_14
    SLICE_X9Y55          LUT4 (Prop_H6LUT_SLICEL_I2_O)
                                                      0.188    26.895 r  candidate_lanes[1].lane_pe/codec/(null)[0].value4__1__1_i_214/O
                         net (fo=1, routed)           0.015    26.910    candidate_lanes[1].lane_pe/codec/(null)[0].value4__1__1_i_214_n_0
    SLICE_X9Y55          CARRY8 (Prop_CARRY8_SLICEL_S[7]_CO[7])
                                                      0.172    27.082 r  candidate_lanes[1].lane_pe/codec/(null)[0].value4__1__1_i_90/CO[7]
                         net (fo=1, routed)           0.030    27.112    candidate_lanes[1].lane_pe/codec/(null)[0].value4__1__1_i_90_n_0
    SLICE_X9Y56          CARRY8 (Prop_CARRY8_SLICEL_CI_O[0])
                                                      0.078    27.190 r  candidate_lanes[1].lane_pe/codec/clip164__3__0_i_109/O[0]
                         net (fo=3, routed)           0.339    27.529    candidate_lanes[1].lane_pe/codec/transformed51_in__1[19]
    SLICE_X10Y54         LUT5 (Prop_G6LUT_SLICEM_I3_O)
                                                      0.137    27.666 r  candidate_lanes[1].lane_pe/codec/(null)[0].value4__1__1_i_123/O
                         net (fo=2, routed)           0.289    27.955    candidate_lanes[1].lane_pe/codec/(null)[0].value4__1__1_i_123_n_0
    SLICE_X8Y55          LUT6 (Prop_H6LUT_SLICEM_I5_O)
                                                      0.060    28.015 r  candidate_lanes[1].lane_pe/codec/(null)[0].value4__1__1_i_48/O
                         net (fo=2, routed)           0.167    28.183    candidate_lanes[1].lane_pe/codec/(null)[0].value4__1__1_i_48_n_0
    SLICE_X8Y53          LUT3 (Prop_F6LUT_SLICEM_I0_O)
                                                      0.149    28.332 r  candidate_lanes[1].lane_pe/codec/(null)[0].value4__1__1_i_56/O
                         net (fo=1, routed)           0.029    28.361    candidate_lanes[1].lane_pe/codec/(null)[0].value4__1__1_i_56_n_0
    SLICE_X8Y53          CARRY8 (Prop_CARRY8_SLICEM_S[5]_CO[7])
                                                      0.238    28.599 r  candidate_lanes[1].lane_pe/codec/(null)[0].value4__1__1_i_19/CO[7]
                         net (fo=1, routed)           0.030    28.629    candidate_lanes[1].lane_pe/codec/(null)[0].value4__1__1_i_19_n_0
    SLICE_X8Y54          CARRY8 (Prop_CARRY8_SLICEM_CI_O[0])
                                                      0.078    28.707 f  candidate_lanes[1].lane_pe/codec/clip164__3__0_i_19/O[0]
                         net (fo=2, routed)           0.500    29.206    candidate_lanes[1].lane_pe/codec/codec_transformed__0[112]
    SLICE_X9Y43          LUT1 (Prop_H6LUT_SLICEL_I0_O)
                                                      0.083    29.289 r  candidate_lanes[1].lane_pe/codec/(null)[0].value4__1__1_i_38/O
                         net (fo=1, routed)           0.015    29.304    candidate_lanes[1].lane_pe/codec/(null)[0].value4__1__1_i_38_n_0
    SLICE_X9Y43          CARRY8 (Prop_CARRY8_SLICEL_S[7]_O[7])
                                                      0.079    29.383 f  candidate_lanes[1].lane_pe/codec/i_/(null)[0].value4__1__1_i_18/O[7]
                         net (fo=1, routed)           0.228    29.611    candidate_lanes[1].lane_pe/codec/i_/(null)[0].value4__1__1_i_18_n_8
    SLICE_X10Y43         LUT3 (Prop_H6LUT_SLICEM_I0_O)
                                                      0.228    29.839 f  candidate_lanes[1].lane_pe/codec/(null)[0].value4__1__1_i_1/O
                         net (fo=1, routed)           0.388    30.227    candidate_lanes[1].lane_pe/codec/(null)[0].value4__1__1/A[16]
    DSP48E2_X3Y16        DSP_A_B_DATA (Prop_DSP_A_B_DATA_DSP48E2_A[16]_A2_DATA[16])
                                                      0.258    30.485 r  candidate_lanes[1].lane_pe/codec/(null)[0].value4__1__1/DSP_A_B_DATA_INST/A2_DATA[16]
                         net (fo=1, routed)           0.000    30.485    candidate_lanes[1].lane_pe/codec/(null)[0].value4__1__1/DSP_A_B_DATA.A2_DATA<16>
    DSP48E2_X3Y16        DSP_PREADD_DATA (Prop_DSP_PREADD_DATA_DSP48E2_A2_DATA[16]_A2A1[16])
                                                      0.114    30.599 r  candidate_lanes[1].lane_pe/codec/(null)[0].value4__1__1/DSP_PREADD_DATA_INST/A2A1[16]
                         net (fo=1, routed)           0.000    30.599    candidate_lanes[1].lane_pe/codec/(null)[0].value4__1__1/DSP_PREADD_DATA.A2A1<16>
    DSP48E2_X3Y16        DSP_MULTIPLIER (Prop_DSP_MULTIPLIER_DSP48E2_A2A1[16]_U[36])
                                                      0.700    31.299 f  candidate_lanes[1].lane_pe/codec/(null)[0].value4__1__1/DSP_MULTIPLIER_INST/U[36]
                         net (fo=1, routed)           0.000    31.299    candidate_lanes[1].lane_pe/codec/(null)[0].value4__1__1/DSP_MULTIPLIER.U<36>
    DSP48E2_X3Y16        DSP_M_DATA (Prop_DSP_M_DATA_DSP48E2_U[36]_U_DATA[36])
                                                      0.067    31.366 r  candidate_lanes[1].lane_pe/codec/(null)[0].value4__1__1/DSP_M_DATA_INST/U_DATA[36]
                         net (fo=1, routed)           0.000    31.366    candidate_lanes[1].lane_pe/codec/(null)[0].value4__1__1/DSP_M_DATA.U_DATA<36>
    DSP48E2_X3Y16        DSP_ALU (Prop_DSP_ALU_DSP48E2_U_DATA[36]_ALU_OUT[47])
                                                      0.727    32.093 f  candidate_lanes[1].lane_pe/codec/(null)[0].value4__1__1/DSP_ALU_INST/ALU_OUT[47]
                         net (fo=1, routed)           0.000    32.093    candidate_lanes[1].lane_pe/codec/(null)[0].value4__1__1/DSP_ALU.ALU_OUT<47>
    DSP48E2_X3Y16        DSP_OUTPUT (Prop_DSP_OUTPUT_DSP48E2_ALU_OUT[47]_PCOUT[47])
                                                      0.167    32.260 r  candidate_lanes[1].lane_pe/codec/(null)[0].value4__1__1/DSP_OUTPUT_INST/PCOUT[47]
                         net (fo=1, routed)           0.014    32.274    candidate_lanes[1].lane_pe/codec/(null)[0].value4__2__1/PCIN[47]
    DSP48E2_X3Y17        DSP_ALU (Prop_DSP_ALU_DSP48E2_PCIN[47]_ALU_OUT[3])
                                                      0.739    33.013 f  candidate_lanes[1].lane_pe/codec/(null)[0].value4__2__1/DSP_ALU_INST/ALU_OUT[3]
                         net (fo=1, routed)           0.000    33.013    candidate_lanes[1].lane_pe/codec/(null)[0].value4__2__1/DSP_ALU.ALU_OUT<3>
    DSP48E2_X3Y17        DSP_OUTPUT (Prop_DSP_OUTPUT_DSP48E2_ALU_OUT[3]_P[3])
                                                      0.146    33.159 r  candidate_lanes[1].lane_pe/codec/(null)[0].value4__2__1/DSP_OUTPUT_INST/P[3]
                         net (fo=2, routed)           0.373    33.532    candidate_lanes[1].lane_pe/codec/(null)[0].value4__2__1_n_102
    SLICE_X12Y42         LUT6 (Prop_E6LUT_SLICEM_I5_O)
                                                      0.223    33.755 r  candidate_lanes[1].lane_pe/codec/clip164__3__0_i_181/O
                         net (fo=1, routed)           0.018    33.773    candidate_lanes[1].lane_pe/codec/clip164__3__0_i_181_n_0
    SLICE_X12Y42         CARRY8 (Prop_CARRY8_SLICEM_S[4]_CO[7])
                                                      0.236    34.009 r  candidate_lanes[1].lane_pe/codec/i_/clip164__3__0_i_93/CO[7]
                         net (fo=1, routed)           0.030    34.039    candidate_lanes[1].lane_pe/codec/i_/clip164__3__0_i_93_n_0
    SLICE_X12Y43         CARRY8 (Prop_CARRY8_SLICEM_CI_O[1])
                                                      0.106    34.145 f  candidate_lanes[1].lane_pe/codec/i_/clip164__3__0_i_75/O[1]
                         net (fo=4, routed)           0.935    35.080    candidate_lanes[1].lane_pe/codec/i_/clip164__3__0_i_75_n_14
    SLICE_X8Y64          LUT4 (Prop_D6LUT_SLICEM_I3_O)
                                                      0.080    35.160 r  candidate_lanes[1].lane_pe/codec/clip164__3__0_i_94/O
                         net (fo=1, routed)           0.200    35.360    candidate_lanes[1].lane_pe/codec/clip164__3__0_i_94_n_0
    SLICE_X5Y64          LUT5 (Prop_D6LUT_SLICEM_I4_O)
                                                      0.220    35.580 r  candidate_lanes[1].lane_pe/codec/clip164__3__0_i_38/O
                         net (fo=2, routed)           0.304    35.884    candidate_lanes[1].lane_pe/codec/clip164__3__0_i_85_n_0
    SLICE_X4Y66          CARRY8 (Prop_CARRY8_SLICEM_S[0]_CO[7])
                                                      0.281    36.165 r  candidate_lanes[1].lane_pe/codec/i_/clip164__3__0_i_30/CO[7]
                         net (fo=1, routed)           0.030    36.195    candidate_lanes[1].lane_pe/codec/i_/clip164__3__0_i_30_n_0
    SLICE_X4Y67          CARRY8 (Prop_CARRY8_SLICEM_CI_CO[7])
                                                      0.065    36.260 r  candidate_lanes[1].lane_pe/codec/i_/clip164__3__0_i_18/CO[7]
                         net (fo=1, routed)           0.030    36.290    candidate_lanes[1].lane_pe/codec/i_/clip164__3__0_i_18_n_0
    SLICE_X4Y68          CARRY8 (Prop_CARRY8_SLICEM_CI_O[5])
                                                      0.161    36.451 f  candidate_lanes[1].lane_pe/codec/i_/clip164__4__0_i_12/O[5]
                         net (fo=1, routed)           0.154    36.605    candidate_lanes[1].lane_pe/codec/i_/clip164__4__0_i_12_n_10
    SLICE_X4Y69          LUT3 (Prop_B6LUT_SLICEM_I0_O)
                                                      0.137    36.742 f  candidate_lanes[1].lane_pe/codec/clip164__4__0_i_14/O
                         net (fo=5, routed)           0.354    37.096    candidate_lanes[1].lane_pe/codec/clip164__4__0_i_14_n_0
    SLICE_X5Y70          LUT6 (Prop_H6LUT_SLICEM_I5_O)
                                                      0.138    37.234 f  candidate_lanes[1].lane_pe/codec/clip164__3__0_i_324/O
                         net (fo=1, routed)           0.262    37.496    candidate_lanes[1].lane_pe/codec/clip164__3__0_i_324_n_0
    SLICE_X4Y70          CARRY8 (Prop_CARRY8_SLICEM_DI[4]_CO[7])
                                                      0.137    37.633 f  candidate_lanes[1].lane_pe/codec/i_/clip164__3__0_i_267/CO[7]
                         net (fo=1, routed)           0.030    37.663    candidate_lanes[1].lane_pe/codec/i_/clip164__3__0_i_267_n_0
    SLICE_X4Y71          CARRY8 (Prop_CARRY8_SLICEM_CI_CO[7])
                                                      0.065    37.728 f  candidate_lanes[1].lane_pe/codec/i_/clip164__3__0_i_143/CO[7]
                         net (fo=1, routed)           0.030    37.758    candidate_lanes[1].lane_pe/codec/i_/clip164__3__0_i_143_n_0
    SLICE_X4Y72          CARRY8 (Prop_CARRY8_SLICEM_CI_CO[7])
                                                      0.065    37.823 f  candidate_lanes[1].lane_pe/codec/i_/clip164__3__0_i_66/CO[7]
                         net (fo=1, routed)           0.030    37.853    candidate_lanes[1].lane_pe/codec/i_/clip164__3__0_i_66_n_0
    SLICE_X4Y73          CARRY8 (Prop_CARRY8_SLICEM_CI_CO[0])
                                                      0.074    37.927 f  candidate_lanes[1].lane_pe/codec/i_/clip164__3__0_i_22/CO[0]
                         net (fo=26, routed)          0.408    38.335    candidate_lanes[1].lane_pe/codec/i_/clip164__3__0_i_22_n_7
    SLICE_X4Y65          LUT5 (Prop_C6LUT_SLICEM_I3_O)
                                                      0.186    38.521 f  candidate_lanes[1].lane_pe/codec/clip164__3__0_i_11/O
                         net (fo=1, routed)           0.354    38.875    candidate_lanes[1].lane_pe/codec/clip164__3__0/A[6]
    DSP48E2_X1Y28        DSP_A_B_DATA (Prop_DSP_A_B_DATA_DSP48E2_A[6]_A2_DATA[6])
                                                      0.258    39.133 r  candidate_lanes[1].lane_pe/codec/clip164__3__0/DSP_A_B_DATA_INST/A2_DATA[6]
                         net (fo=1, routed)           0.000    39.133    candidate_lanes[1].lane_pe/codec/clip164__3__0/DSP_A_B_DATA.A2_DATA<6>
    DSP48E2_X1Y28        DSP_PREADD_DATA (Prop_DSP_PREADD_DATA_DSP48E2_A2_DATA[6]_A2A1[6])
                                                      0.114    39.247 r  candidate_lanes[1].lane_pe/codec/clip164__3__0/DSP_PREADD_DATA_INST/A2A1[6]
                         net (fo=1, routed)           0.000    39.247    candidate_lanes[1].lane_pe/codec/clip164__3__0/DSP_PREADD_DATA.A2A1<6>
    DSP48E2_X1Y28        DSP_MULTIPLIER (Prop_DSP_MULTIPLIER_DSP48E2_A2A1[6]_U[27])
                                                      0.700    39.947 f  candidate_lanes[1].lane_pe/codec/clip164__3__0/DSP_MULTIPLIER_INST/U[27]
                         net (fo=1, routed)           0.000    39.947    candidate_lanes[1].lane_pe/codec/clip164__3__0/DSP_MULTIPLIER.U<27>
    DSP48E2_X1Y28        DSP_M_DATA (Prop_DSP_M_DATA_DSP48E2_U[27]_U_DATA[27])
                                                      0.067    40.014 r  candidate_lanes[1].lane_pe/codec/clip164__3__0/DSP_M_DATA_INST/U_DATA[27]
                         net (fo=1, routed)           0.000    40.014    candidate_lanes[1].lane_pe/codec/clip164__3__0/DSP_M_DATA.U_DATA<27>
    DSP48E2_X1Y28        DSP_ALU (Prop_DSP_ALU_DSP48E2_U_DATA[27]_ALU_OUT[47])
                                                      0.727    40.741 f  candidate_lanes[1].lane_pe/codec/clip164__3__0/DSP_ALU_INST/ALU_OUT[47]
                         net (fo=1, routed)           0.000    40.741    candidate_lanes[1].lane_pe/codec/clip164__3__0/DSP_ALU.ALU_OUT<47>
    DSP48E2_X1Y28        DSP_OUTPUT (Prop_DSP_OUTPUT_DSP48E2_ALU_OUT[47]_PCOUT[47])
                                                      0.167    40.908 r  candidate_lanes[1].lane_pe/codec/clip164__3__0/DSP_OUTPUT_INST/PCOUT[47]
                         net (fo=1, routed)           0.014    40.922    candidate_lanes[1].lane_pe/codec/clip164__4__0/PCIN[47]
    DSP48E2_X1Y29        DSP_ALU (Prop_DSP_ALU_DSP48E2_PCIN[47]_ALU_OUT[5])
                                                      0.739    41.661 r  candidate_lanes[1].lane_pe/codec/clip164__4__0/DSP_ALU_INST/ALU_OUT[5]
                         net (fo=1, routed)           0.000    41.661    candidate_lanes[1].lane_pe/codec/clip164__4__0/DSP_ALU.ALU_OUT<5>
    DSP48E2_X1Y29        DSP_OUTPUT (Prop_DSP_OUTPUT_DSP48E2_ALU_OUT[5]_P[5])
                                                      0.146    41.807 f  candidate_lanes[1].lane_pe/codec/clip164__4__0/DSP_OUTPUT_INST/P[5]
                         net (fo=4, routed)           0.538    42.345    candidate_lanes[1].lane_pe/codec/clip164__4__0_n_100
    SLICE_X3Y73          LUT6 (Prop_B6LUT_SLICEL_I1_O)
                                                      0.152    42.497 f  candidate_lanes[1].lane_pe/codec/i___96_i_148/O
                         net (fo=7, routed)           0.243    42.740    candidate_lanes[1].lane_pe/codec/i___96_i_148_n_0
    SLICE_X4Y75          LUT2 (Prop_F6LUT_SLICEM_I1_O)
                                                      0.224    42.964 r  candidate_lanes[1].lane_pe/codec/i___16_i_721/O
                         net (fo=1, routed)           0.029    42.993    candidate_lanes[1].lane_pe/codec/i___16_i_721_n_0
    SLICE_X4Y75          CARRY8 (Prop_CARRY8_SLICEM_S[5]_CO[7])
                                                      0.238    43.231 r  candidate_lanes[1].lane_pe/codec/i___16_i_543/CO[7]
                         net (fo=1, routed)           0.030    43.261    candidate_lanes[1].lane_pe/codec/i___16_i_543_n_0
    SLICE_X4Y76          CARRY8 (Prop_CARRY8_SLICEM_CI_CO[7])
                                                      0.065    43.326 r  candidate_lanes[1].lane_pe/codec/i___16_i_392/CO[7]
                         net (fo=1, routed)           0.030    43.356    candidate_lanes[1].lane_pe/codec/i___16_i_392_n_0
    SLICE_X4Y77          CARRY8 (Prop_CARRY8_SLICEM_CI_CO[7])
                                                      0.065    43.421 r  candidate_lanes[1].lane_pe/codec/i___16_i_238/CO[7]
                         net (fo=1, routed)           0.030    43.451    candidate_lanes[1].lane_pe/codec/i___16_i_238_n_0
    SLICE_X4Y78          CARRY8 (Prop_CARRY8_SLICEM_CI_CO[0])
                                                      0.074    43.525 r  candidate_lanes[1].lane_pe/codec/i___16_i_109/CO[0]
                         net (fo=250, routed)         0.760    44.285    candidate_lanes[1].lane_pe/codec/clip161__2__0
    SLICE_X3Y104         LUT5 (Prop_F6LUT_SLICEL_I3_O)
                                                      0.187    44.472 r  candidate_lanes[1].lane_pe/codec/i___286_i_78__0/O
                         net (fo=25, routed)          0.285    44.757    candidate_lanes[1].lane_pe/codec/codec_dequantized__1[59]
    SLICE_X5Y102         LUT3 (Prop_A5LUT_SLICEM_I2_O)
                                                      0.225    44.982 r  candidate_lanes[1].lane_pe/codec/i_/i___218_i_69/O
                         net (fo=2, routed)           0.463    45.445    candidate_lanes[1].lane_pe/codec/i_/i___218_i_69_n_0
    SLICE_X5Y102         LUT4 (Prop_B6LUT_SLICEM_I3_O)
                                                      0.152    45.597 r  candidate_lanes[1].lane_pe/codec/i_/i___218_i_77/O
                         net (fo=1, routed)           0.022    45.619    candidate_lanes[1].lane_pe/codec/i_/i___218_i_77_n_0
    SLICE_X5Y102         CARRY8 (Prop_CARRY8_SLICEM_S[1]_O[7])
                                                      0.334    45.953 r  candidate_lanes[1].lane_pe/codec/i_/i___218_i_24/O[7]
                         net (fo=2, routed)           0.613    46.566    candidate_lanes[1].lane_pe/codec/(null)[0].value40_in__0__0[20]
    SLICE_X15Y104        LUT5 (Prop_C6LUT_SLICEL_I0_O)
                                                      0.136    46.702 r  candidate_lanes[1].lane_pe/codec/i___218_i_6__1/O
                         net (fo=2, routed)           0.450    47.152    candidate_lanes[1].lane_pe/codec/i___218_i_6__1_n_0
    SLICE_X14Y102        LUT6 (Prop_E6LUT_SLICEL_I0_O)
                                                      0.223    47.375 r  candidate_lanes[1].lane_pe/codec/i_/i___218_i_14/O
                         net (fo=1, routed)           0.011    47.386    candidate_lanes[1].lane_pe/codec/i_/i___218_i_14_n_0
    SLICE_X14Y102        CARRY8 (Prop_CARRY8_SLICEL_S[4]_CO[7])
                                                      0.232    47.618 r  candidate_lanes[1].lane_pe/codec/i_/i___218_i_2/CO[7]
                         net (fo=1, routed)           0.030    47.648    candidate_lanes[1].lane_pe/codec/i_/i___218_i_2_n_0
    SLICE_X14Y103        CARRY8 (Prop_CARRY8_SLICEL_CI_O[1])
                                                      0.106    47.754 r  candidate_lanes[1].lane_pe/codec/i_/i___221_i_5/O[1]
                         net (fo=1, routed)           0.454    48.208    candidate_lanes[1].lane_pe/codec/i_/i___221_i_5_n_14
    SLICE_X17Y103        CARRY8 (Prop_CARRY8_SLICEM_S[5]_CO[7])
                                                      0.238    48.446 r  candidate_lanes[1].lane_pe/codec/i_/i___218_i_1/CO[7]
                         net (fo=1, routed)           0.030    48.476    candidate_lanes[1].lane_pe/codec/i_/i___218_i_1_n_0
    SLICE_X17Y104        CARRY8 (Prop_CARRY8_SLICEM_CI_CO[3])
                                                      0.082    48.558 r  candidate_lanes[1].lane_pe/codec/i_/i___221_i_2/CO[3]
                         net (fo=103, routed)         0.623    49.181    candidate_lanes[1].lane_pe/codec/i_/i___221_i_2_n_4
    SLICE_X22Y121        LUT2 (Prop_F6LUT_SLICEL_I0_O)
                                                      0.187    49.368 r  candidate_lanes[1].lane_pe/codec/i___221_i_81__0/O
                         net (fo=1, routed)           0.015    49.383    candidate_lanes[1].lane_pe/codec/i___221_i_81__0_n_0
    SLICE_X22Y121        CARRY8 (Prop_CARRY8_SLICEL_S[5]_CO[7])
                                                      0.232    49.615 f  candidate_lanes[1].lane_pe/codec/i_/i___221_i_39/CO[7]
                         net (fo=1, routed)           0.030    49.645    candidate_lanes[1].lane_pe/codec/i_/i___221_i_39_n_0
    SLICE_X22Y122        CARRY8 (Prop_CARRY8_SLICEL_CI_CO[7])
                                                      0.065    49.710 f  candidate_lanes[1].lane_pe/codec/i_/i___221_i_8/CO[7]
                         net (fo=1, routed)           0.030    49.740    candidate_lanes[1].lane_pe/codec/i_/i___221_i_8_n_0
    SLICE_X22Y123        CARRY8 (Prop_CARRY8_SLICEL_CI_CO[7])
                                                      0.065    49.805 f  candidate_lanes[1].lane_pe/codec/i_/i___221_i_4/CO[7]
                         net (fo=1, routed)           0.030    49.835    candidate_lanes[1].lane_pe/codec/i_/i___221_i_4_n_0
    SLICE_X22Y124        CARRY8 (Prop_CARRY8_SLICEL_CI_CO[0])
                                                      0.074    49.909 f  candidate_lanes[1].lane_pe/codec/i_/i___221_i_1/CO[0]
                         net (fo=402, routed)         0.950    50.859    candidate_lanes[1].lane_pe/codec/i_/i___221_i_1_n_7
    SLICE_X23Y138        LUT3 (Prop_B6LUT_SLICEL_I0_O)
                                                      0.138    50.997 r  candidate_lanes[1].lane_pe/codec/i___174_i_2__2/O
                         net (fo=12, routed)          0.199    51.197    candidate_lanes[1].lane_pe/codec/i___91_i_22__0_n_0
    SLICE_X23Y138        LUT4 (Prop_D6LUT_SLICEL_I3_O)
                                                      0.221    51.418 r  candidate_lanes[1].lane_pe/codec/i___1/i___178/O
                         net (fo=1, routed)           0.013    51.431    candidate_lanes[1].lane_pe/codec/i___1/i___178_n_0
    SLICE_X23Y138        CARRY8 (Prop_CARRY8_SLICEL_S[3]_CO[7])
                                                      0.220    51.651 r  candidate_lanes[1].lane_pe/codec/i___91_i_3__0/CO[7]
                         net (fo=1, routed)           0.030    51.681    candidate_lanes[1].lane_pe/codec/i___91_i_3__0_n_0
    SLICE_X23Y139        CARRY8 (Prop_CARRY8_SLICEL_CI_O[3])
                                                      0.114    51.795 r  candidate_lanes[1].lane_pe/codec/i___193_i_1__1/O[3]
                         net (fo=3, routed)           0.410    52.205    candidate_lanes[1].lane_pe/codec/i___193_i_1__1_n_12
    SLICE_X23Y142        LUT6 (Prop_G6LUT_SLICEL_I5_O)
                                                      0.226    52.431 r  candidate_lanes[1].lane_pe/codec/i___223_i_239__0/O
                         net (fo=1, routed)           0.012    52.443    candidate_lanes[1].lane_pe/codec/i___223_i_239__0_n_0
    SLICE_X23Y142        CARRY8 (Prop_CARRY8_SLICEL_S[6]_CO[7])
                                                      0.171    52.614 r  candidate_lanes[1].lane_pe/codec/i___223_i_162__0/CO[7]
                         net (fo=1, routed)           0.030    52.644    candidate_lanes[1].lane_pe/codec/i___223_i_162__0_n_0
    SLICE_X23Y143        CARRY8 (Prop_CARRY8_SLICEL_CI_CO[7])
                                                      0.065    52.709 r  candidate_lanes[1].lane_pe/codec/i___223_i_74__0/CO[7]
                         net (fo=1, routed)           0.030    52.739    candidate_lanes[1].lane_pe/codec/i___223_i_74__0_n_0
    SLICE_X23Y144        CARRY8 (Prop_CARRY8_SLICEL_CI_O[3])
                                                      0.114    52.853 r  candidate_lanes[1].lane_pe/codec/i___223_i_39__1/O[3]
                         net (fo=3, routed)           0.944    53.797    candidate_lanes[1].lane_pe/codec/i___223_i_39__1_n_12
    SLICE_X17Y147        LUT3 (Prop_E6LUT_SLICEM_I0_O)
                                                      0.138    53.935 r  candidate_lanes[1].lane_pe/codec/i___223_i_48__1/O
                         net (fo=2, routed)           0.058    53.993    candidate_lanes[1].lane_pe/codec/i___223_i_48__1_n_0
    SLICE_X17Y147        LUT5 (Prop_D6LUT_SLICEM_I1_O)
                                                      0.134    54.127 r  candidate_lanes[1].lane_pe/codec/i___223_i_11__1/O
                         net (fo=2, routed)           0.278    54.405    candidate_lanes[1].lane_pe/codec/i___223_i_11__1_n_0
    SLICE_X18Y148        LUT6 (Prop_A6LUT_SLICEM_I0_O)
                                                      0.152    54.557 r  candidate_lanes[1].lane_pe/codec/i___223_i_18__1/O
                         net (fo=1, routed)           0.017    54.574    candidate_lanes[1].lane_pe/codec/i___223_i_18__1_n_0
    SLICE_X18Y148        CARRY8 (Prop_CARRY8_SLICEM_S[0]_O[2])
                                                      0.187    54.761 r  candidate_lanes[1].lane_pe/codec/i___223_i_3__0/O[2]
                         net (fo=1, routed)           0.466    55.227    candidate_lanes[1].lane_pe/codec/matrix_sum[27]
    SLICE_X19Y145        CARRY8 (Prop_CARRY8_SLICEL_S[1]_O[4])
                                                      0.279    55.506 r  candidate_lanes[1].lane_pe/codec/i___223_i_1__0/O[4]
                         net (fo=5, routed)           0.819    56.325    candidate_lanes[1].lane_pe/codec/i___223_i_1__0_n_11
    SLICE_X26Y142        LUT2 (Prop_C6LUT_SLICEL_I0_O)
                                                      0.187    56.512 r  candidate_lanes[1].lane_pe/codec/i___4_i_76__1/O
                         net (fo=1, routed)           0.015    56.527    candidate_lanes[1].lane_pe/codec/i___4_i_76__1_n_0
    SLICE_X26Y142        CARRY8 (Prop_CARRY8_SLICEL_S[2]_CO[7])
                                                      0.219    56.746 r  candidate_lanes[1].lane_pe/codec/i___4_i_52__0/CO[7]
                         net (fo=1, routed)           0.030    56.776    candidate_lanes[1].lane_pe/codec/i___4_i_52__0_n_0
    SLICE_X26Y143        CARRY8 (Prop_CARRY8_SLICEL_CI_CO[7])
                                                      0.065    56.841 r  candidate_lanes[1].lane_pe/codec/i___4_i_34__0/CO[7]
                         net (fo=1, routed)           0.030    56.871    candidate_lanes[1].lane_pe/codec/i___4_i_34__0_n_0
    SLICE_X26Y144        CARRY8 (Prop_CARRY8_SLICEL_CI_CO[7])
                                                      0.065    56.936 r  candidate_lanes[1].lane_pe/codec/i___4_i_31__1/CO[7]
                         net (fo=1, routed)           0.030    56.966    candidate_lanes[1].lane_pe/codec/i___4_i_31__1_n_0
    SLICE_X26Y145        CARRY8 (Prop_CARRY8_SLICEL_CI_CO[0])
                                                      0.074    57.040 r  candidate_lanes[1].lane_pe/codec/i___4_i_21__0/CO[0]
                         net (fo=32, routed)          0.340    57.380    candidate_lanes[1].lane_pe/codec/i___4_i_21__0_n_7
    SLICE_X27Y143        LUT4 (Prop_A6LUT_SLICEL_I2_O)
                                                      0.225    57.605 r  candidate_lanes[1].lane_pe/codec/i___211_i_9__0/O
                         net (fo=1, routed)           0.014    57.619    candidate_lanes[1].lane_pe/codec/i___211_i_9__0_n_0
    SLICE_X27Y143        CARRY8 (Prop_CARRY8_SLICEL_S[0]_CO[7])
                                                      0.278    57.897 r  candidate_lanes[1].lane_pe/codec/i___5/i___211_i_1/CO[7]
                         net (fo=1, routed)           0.030    57.927    candidate_lanes[1].lane_pe/codec/i___5/i___211_i_1_n_0
    SLICE_X27Y144        CARRY8 (Prop_CARRY8_SLICEL_CI_CO[7])
                                                      0.065    57.992 r  candidate_lanes[1].lane_pe/codec/i___5/i___110_i_1/CO[7]
                         net (fo=1, routed)           0.030    58.022    candidate_lanes[1].lane_pe/codec/i___5/i___110_i_1_n_0
    SLICE_X27Y145        CARRY8 (Prop_CARRY8_SLICEL_CI_CO[7])
                                                      0.065    58.087 r  candidate_lanes[1].lane_pe/codec/i___5/i___106_i_1/CO[7]
                         net (fo=1, routed)           0.030    58.117    candidate_lanes[1].lane_pe/codec/i___5/i___106_i_1_n_0
    SLICE_X27Y146        CARRY8 (Prop_CARRY8_SLICEL_CI_O[0])
                                                      0.078    58.195 f  candidate_lanes[1].lane_pe/codec/i___5/i___4_i_1__0/O[0]
                         net (fo=3, routed)           0.807    59.002    candidate_lanes[1].lane_pe/codec/i___5/i___4_i_1__0_n_15
    SLICE_X22Y146        LUT2 (Prop_A6LUT_SLICEL_I0_O)
                                                      0.188    59.190 r  candidate_lanes[1].lane_pe/codec/i___5/i___105/O
                         net (fo=1, routed)           0.014    59.204    candidate_lanes[1].lane_pe/codec/i___5/i___105_n_0
    SLICE_X22Y146        CARRY8 (Prop_CARRY8_SLICEL_S[0]_CO[3])
                                                      0.263    59.467 r  candidate_lanes[1].lane_pe/codec/i___5/i___4_i_2/CO[3]
                         net (fo=31, routed)          0.863    60.330    candidate_lanes[1].lane_pe/codec/i___5/i___4_i_2_n_4
    SLICE_X28Y142        LUT4 (Prop_A6LUT_SLICEM_I3_O)
                                                      0.138    60.468 r  candidate_lanes[1].lane_pe/codec/i___5/i___218/O
                         net (fo=1, routed)           0.017    60.485    candidate_lanes[1].lane_pe/codec/i___5/i___218_n_0
    SLICE_X28Y142        CARRY8 (Prop_CARRY8_SLICEM_S[0]_CO[7])
                                                      0.281    60.766 r  candidate_lanes[1].lane_pe/codec/i___5/distortion1_i_4/CO[7]
                         net (fo=1, routed)           0.030    60.796    candidate_lanes[1].lane_pe/codec/i___5/distortion1_i_4_n_0
    SLICE_X28Y143        CARRY8 (Prop_CARRY8_SLICEM_CI_O[7])
                                                      0.171    60.967 f  candidate_lanes[1].lane_pe/codec/i___5/distortion1_i_3/O[7]
                         net (fo=4, routed)           0.693    61.660    candidate_lanes[1].lane_pe/codec/distortion1__0/B[15]
    DSP48E2_X6Y60        DSP_A_B_DATA (Prop_DSP_A_B_DATA_DSP48E2_B[15]_B2_DATA[15])
                                                      0.216    61.876 r  candidate_lanes[1].lane_pe/codec/distortion1__0/DSP_A_B_DATA_INST/B2_DATA[15]
                         net (fo=1, routed)           0.000    61.876    candidate_lanes[1].lane_pe/codec/distortion1__0/DSP_A_B_DATA.B2_DATA<15>
    DSP48E2_X6Y60        DSP_PREADD_DATA (Prop_DSP_PREADD_DATA_DSP48E2_B2_DATA[15]_B2B1[15])
                                                      0.097    61.973 r  candidate_lanes[1].lane_pe/codec/distortion1__0/DSP_PREADD_DATA_INST/B2B1[15]
                         net (fo=1, routed)           0.000    61.973    candidate_lanes[1].lane_pe/codec/distortion1__0/DSP_PREADD_DATA.B2B1<15>
    DSP48E2_X6Y60        DSP_MULTIPLIER (Prop_DSP_MULTIPLIER_DSP48E2_B2B1[15]_U[43])
                                                      0.773    62.746 f  candidate_lanes[1].lane_pe/codec/distortion1__0/DSP_MULTIPLIER_INST/U[43]
                         net (fo=1, routed)           0.000    62.746    candidate_lanes[1].lane_pe/codec/distortion1__0/DSP_MULTIPLIER.U<43>
    DSP48E2_X6Y60        DSP_M_DATA (Prop_DSP_M_DATA_DSP48E2_U[43]_U_DATA[43])
                                                      0.067    62.813 r  candidate_lanes[1].lane_pe/codec/distortion1__0/DSP_M_DATA_INST/U_DATA[43]
                         net (fo=1, routed)           0.000    62.813    candidate_lanes[1].lane_pe/codec/distortion1__0/DSP_M_DATA.U_DATA<43>
    DSP48E2_X6Y60        DSP_ALU (Prop_DSP_ALU_DSP48E2_U_DATA[43]_ALU_OUT[47])
                                                      0.727    63.540 f  candidate_lanes[1].lane_pe/codec/distortion1__0/DSP_ALU_INST/ALU_OUT[47]
                         net (fo=1, routed)           0.000    63.540    candidate_lanes[1].lane_pe/codec/distortion1__0/DSP_ALU.ALU_OUT<47>
    DSP48E2_X6Y60        DSP_OUTPUT (Prop_DSP_OUTPUT_DSP48E2_ALU_OUT[47]_PCOUT[47])
                                                      0.167    63.707 r  candidate_lanes[1].lane_pe/codec/distortion1__0/DSP_OUTPUT_INST/PCOUT[47]
                         net (fo=1, routed)           0.014    63.721    candidate_lanes[1].lane_pe/codec/distortion1__1/PCIN[47]
    DSP48E2_X6Y61        DSP_ALU (Prop_DSP_ALU_DSP48E2_PCIN[47]_ALU_OUT[0])
                                                      0.739    64.460 f  candidate_lanes[1].lane_pe/codec/distortion1__1/DSP_ALU_INST/ALU_OUT[0]
                         net (fo=1, routed)           0.000    64.460    candidate_lanes[1].lane_pe/codec/distortion1__1/DSP_ALU.ALU_OUT<0>
    DSP48E2_X6Y61        DSP_OUTPUT (Prop_DSP_OUTPUT_DSP48E2_ALU_OUT[0]_P[0])
                                                      0.146    64.606 r  candidate_lanes[1].lane_pe/codec/distortion1__1/DSP_OUTPUT_INST/P[0]
                         net (fo=2, routed)           0.725    65.331    candidate_lanes[1].lane_pe/codec/distortion1__1_n_105
    SLICE_X21Y151        LUT2 (Prop_B6LUT_SLICEM_I0_O)
                                                      0.057    65.388 r  candidate_lanes[1].lane_pe/codec/out_distortion[31]_i_524/O
                         net (fo=1, routed)           0.022    65.410    candidate_lanes[1].lane_pe/codec/out_distortion[31]_i_524_n_0
    SLICE_X21Y151        CARRY8 (Prop_CARRY8_SLICEM_S[1]_O[2])
                                                      0.179    65.589 r  candidate_lanes[1].lane_pe/codec/out_distortion_reg[31]_i_440/O[2]
                         net (fo=3, routed)           0.431    66.020    candidate_lanes[1].lane_pe/codec/out_distortion_reg[31]_i_440_n_13
    SLICE_X21Y165        LUT3 (Prop_A6LUT_SLICEM_I1_O)
                                                      0.058    66.078 r  candidate_lanes[1].lane_pe/codec/out_distortion[31]_i_379/O
                         net (fo=1, routed)           0.393    66.471    candidate_lanes[1].lane_pe/codec/out_distortion[31]_i_379_n_0
    SLICE_X21Y174        CARRY8 (Prop_CARRY8_SLICEM_DI[3]_O[5])
                                                      0.268    66.739 r  candidate_lanes[1].lane_pe/codec/out_distortion_reg[31]_i_182/O[5]
                         net (fo=3, routed)           0.592    67.331    candidate_lanes[1].lane_pe/codec/out_distortion_reg[31]_i_182_n_10
    SLICE_X20Y191        LUT6 (Prop_F6LUT_SLICEM_I3_O)
                                                      0.186    67.517 r  candidate_lanes[1].lane_pe/codec/out_distortion[31]_i_138/O
                         net (fo=1, routed)           0.029    67.546    candidate_lanes[1].lane_pe/codec/out_distortion[31]_i_138_n_0
    SLICE_X20Y191        CARRY8 (Prop_CARRY8_SLICEM_S[5]_O[5])
                                                      0.084    67.630 r  candidate_lanes[1].lane_pe/codec/out_distortion_reg[31]_i_30/O[5]
                         net (fo=3, routed)           0.385    68.015    candidate_lanes[1].lane_pe/codec/out_distortion_reg[31]_i_30_n_10
    SLICE_X21Y207        LUT3 (Prop_E5LUT_SLICEM_I1_O)
                                                      0.225    68.240 r  candidate_lanes[1].lane_pe/codec/out_distortion[23]_i_19/O
                         net (fo=2, routed)           0.156    68.396    candidate_lanes[1].lane_pe/codec/out_distortion[23]_i_19_n_0
    SLICE_X22Y207        LUT5 (Prop_H6LUT_SLICEL_I1_O)
                                                      0.188    68.584 r  candidate_lanes[1].lane_pe/codec/out_distortion[23]_i_3/O
                         net (fo=2, routed)           0.124    68.708    candidate_lanes[1].lane_pe/codec/out_distortion[23]_i_3_n_0
    SLICE_X22Y205        LUT6 (Prop_G6LUT_SLICEL_I0_O)
                                                      0.186    68.894 r  candidate_lanes[1].lane_pe/codec/out_distortion[23]_i_11/O
                         net (fo=1, routed)           0.012    68.906    candidate_lanes[1].lane_pe/codec/out_distortion[23]_i_11_n_0
    SLICE_X22Y205        CARRY8 (Prop_CARRY8_SLICEL_S[6]_CO[7])
                                                      0.171    69.076 r  candidate_lanes[1].lane_pe/codec/out_distortion_reg[23]_i_1/CO[7]
                         net (fo=1, routed)           0.030    69.106    candidate_lanes[1].lane_pe/codec/out_distortion_reg[23]_i_1_n_0
    SLICE_X22Y206        CARRY8 (Prop_CARRY8_SLICEL_CI_O[3])
                                                      0.114    69.220 r  candidate_lanes[1].lane_pe/codec/out_distortion_reg[31]_i_2/O[3]
                         net (fo=1, routed)           0.034    69.254    candidate_lanes[1].lane_pe/codec_distortion[27]
    SLICE_X22Y206        FDRE                                         r  candidate_lanes[1].lane_pe/out_distortion_reg[27]/D
  -------------------------------------------------------------------    -------------------

                         (clock chia_rdo_clk rise edge)
                                                      5.000     5.000 r  
                                                      0.000     5.000 r  clk (IN)
                         net (fo=1936, unset)         0.029     5.029    candidate_lanes[1].lane_pe/clk
    SLICE_X22Y206        FDRE                                         r  candidate_lanes[1].lane_pe/out_distortion_reg[27]/C
                         clock pessimism              0.000     5.029    
                         clock uncertainty           -0.035     4.994    
    SLICE_X22Y206        FDRE (Setup_DFF_SLICEL_C_D)
                                                      0.044     5.038    candidate_lanes[1].lane_pe/out_distortion_reg[27]
  -------------------------------------------------------------------
                         required time                          5.038    
                         arrival time                         -69.255    
  -------------------------------------------------------------------
                         slack                                -64.217    

Slack (VIOLATED) :        -64.208ns  (required time - arrival time)
  Source:                 launched_count_reg[1]_replica_10/C
                            (rising edge-triggered cell FDRE clocked by chia_rdo_clk  {rise@0.000ns fall@2.500ns period=5.000ns})
  Destination:            candidate_lanes[1].lane_pe/out_distortion_reg[25]/D
                            (rising edge-triggered cell FDRE clocked by chia_rdo_clk  {rise@0.000ns fall@2.500ns period=5.000ns})
  Path Group:             chia_rdo_clk
  Path Type:              Setup (Max at Slow Process Corner)
  Requirement:            5.000ns  (chia_rdo_clk rise@5.000ns - chia_rdo_clk rise@0.000ns)
  Data Path Delay:        69.203ns  (logic 35.568ns (51.397%)  route 33.635ns (48.603%))
  Logic Levels:           174  (CARRY8=69 DSP_A_B_DATA=5 DSP_ALU=10 DSP_M_DATA=4 DSP_MULTIPLIER=4 DSP_OUTPUT=10 DSP_PREADD_DATA=4 LUT1=1 LUT2=9 LUT3=12 LUT4=8 LUT5=15 LUT6=22 MUXF7=1)
  Clock Path Skew:        -0.014ns (DCD - SCD + CPR)
    Destination Clock Delay (DCD):    0.029ns = ( 5.029 - 5.000 ) 
    Source Clock Delay      (SCD):    0.043ns
    Clock Pessimism Removal (CPR):    0.000ns
  Clock Uncertainty:      0.035ns  ((TSJ^2 + TIJ^2)^1/2 + DJ) / 2 + PE
    Total System Jitter     (TSJ):    0.071ns
    Total Input Jitter      (TIJ):    0.000ns
    Discrete Jitter          (DJ):    0.000ns
    Phase Error              (PE):    0.000ns

    Location             Delay type                Incr(ns)  Path(ns)    Netlist Resource(s)
  -------------------------------------------------------------------    -------------------
                         (clock chia_rdo_clk rise edge)
                                                      0.000     0.000 r  
                                                      0.000     0.000 r  clk (IN)
                         net (fo=1936, unset)         0.043     0.043    clk
    SLICE_X31Y208        FDRE                                         r  launched_count_reg[1]_replica_10/C
  -------------------------------------------------------------------    -------------------
    SLICE_X31Y208        FDRE (Prop_GFF_SLICEM_C_Q)
                                                      0.116     0.159 r  launched_count_reg[1]_replica_10/Q
                         net (fo=6, routed)           0.133     0.292    candidate_lanes[1].lane_pe/rd_cost/p_4_in[1]_repN_10_alias
    SLICE_X31Y209        LUT3 (Prop_B6LUT_SLICEM_I1_O)
                                                      0.188     0.480 r  candidate_lanes[1].lane_pe/rd_cost/multi_stage.rate_stage00_i_237__0/O
                         net (fo=6, routed)           0.242     0.722    candidate_lanes[1].lane_pe/rd_cost/launched_count_reg[2]_0
    SLICE_X31Y208        LUT6 (Prop_G6LUT_SLICEM_I2_O)
                                                      0.152     0.874 f  candidate_lanes[1].lane_pe/rd_cost/multi_stage.rate_stage00_i_88/O
                         net (fo=1, routed)           0.141     1.015    candidate_lanes[1].lane_pe/rd_cost/multi_stage.rate_stage00_i_88_n_0
    SLICE_X31Y208        CARRY8 (Prop_CARRY8_SLICEM_DI[2]_CO[3])
                                                      0.190     1.205 f  candidate_lanes[1].lane_pe/rd_cost/multi_stage.rate_stage00_i_26__0/CO[3]
                         net (fo=53, routed)          0.313     1.518    candidate_lanes[1].lane_pe/codec/mode_reg_reg[0][0]
    SLICE_X31Y208        LUT6 (Prop_H6LUT_SLICEM_I4_O)
                                                      0.084     1.602 r  candidate_lanes[1].lane_pe/codec/multi_stage.rate_stage00_i_240__0/O
                         net (fo=3, routed)           0.139     1.741    candidate_lanes[1].lane_pe/codec/launched_count_reg[3]_1
    SLICE_X32Y208        LUT6 (Prop_H6LUT_SLICEM_I0_O)
                                                      0.189     1.930 r  candidate_lanes[1].lane_pe/codec/multi_stage.rate_stage00_i_98/O
                         net (fo=70, routed)          0.448     2.378    candidate_lanes[1].lane_pe/codec/launched_count_reg[3]_0
    SLICE_X32Y220        LUT5 (Prop_G6LUT_SLICEM_I1_O)
                                                      0.226     2.604 f  candidate_lanes[1].lane_pe/codec/mode_reg[5]_i_33/O
                         net (fo=2, routed)           0.059     2.663    candidate_lanes[1].lane_pe/codec/mode_reg[5]_i_33_n_0
    SLICE_X32Y220        LUT6 (Prop_E6LUT_SLICEM_I0_O)
                                                      0.152     2.815 f  candidate_lanes[1].lane_pe/codec/mode_reg[5]_i_14/O
                         net (fo=1, routed)           0.200     3.015    candidate_lanes[1].lane_pe/codec/mode_reg[5]_i_14_n_0
    SLICE_X32Y214        LUT6 (Prop_C6LUT_SLICEM_I0_O)
                                                      0.220     3.235 f  candidate_lanes[1].lane_pe/codec/mode_reg[5]_i_4/O
                         net (fo=7, routed)           0.405     3.641    candidate_lanes[1].lane_pe/codec/mode_reg[5]_i_4_n_0
    SLICE_X32Y208        LUT6 (Prop_F6LUT_SLICEM_I5_O)
                                                      0.149     3.790 f  candidate_lanes[1].lane_pe/codec/mode_reg[5]_i_1/O
                         net (fo=130, routed)         0.120     3.909    candidate_lanes[1].lane_pe/codec/launched_count_reg[1]_0
    SLICE_X32Y209        LUT5 (Prop_E6LUT_SLICEM_I0_O)
                                                      0.187     4.096 r  candidate_lanes[1].lane_pe/codec/angular_temporary1__14_i_9/O
                         net (fo=110, routed)         0.270     4.366    candidate_lanes[1].lane_pe/codec/angular_temporary1_i_49_n_0
    SLICE_X31Y207        LUT5 (Prop_H6LUT_SLICEM_I3_O)
                                                      0.154     4.520 r  candidate_lanes[1].lane_pe/codec/angular_temporary1_i_45/O
                         net (fo=1, routed)           0.145     4.665    candidate_lanes[1].lane_pe/codec/angular_temporary1_i_45_n_0
    SLICE_X31Y207        CARRY8 (Prop_CARRY8_SLICEM_DI[5]_CO[6])
                                                      0.120     4.785 r  candidate_lanes[1].lane_pe/codec/angular_temporary1_i_16/CO[6]
                         net (fo=144, routed)         0.185     4.970    candidate_lanes[1].lane_pe/codec/angular_temporary1_i_16_n_1
    SLICE_X31Y206        LUT5 (Prop_E6LUT_SLICEM_I0_O)
                                                      0.057     5.027 r  candidate_lanes[1].lane_pe/codec/angular_temporary3__3_i_2/O
                         net (fo=77, routed)          0.296     5.322    candidate_lanes[1].lane_pe/codec/angular_temporary3__3_i_2_n_0
    SLICE_X31Y203        LUT2 (Prop_A6LUT_SLICEM_I0_O)
                                                      0.138     5.460 r  candidate_lanes[1].lane_pe/codec/angular_temporary1__5_i_89/O
                         net (fo=1, routed)           0.017     5.477    candidate_lanes[1].lane_pe/codec/angular_temporary1__5_i_89_n_0
    SLICE_X31Y203        CARRY8 (Prop_CARRY8_SLICEM_S[0]_CO[7])
                                                      0.281     5.758 r  candidate_lanes[1].lane_pe/codec/angular_temporary1__5_i_50/CO[7]
                         net (fo=1, routed)           0.030     5.788    candidate_lanes[1].lane_pe/codec/angular_temporary1__5_i_50_n_0
    SLICE_X31Y204        CARRY8 (Prop_CARRY8_SLICEM_CI_CO[7])
                                                      0.073     5.861 r  candidate_lanes[1].lane_pe/codec/angular_temporary1__5_i_31/CO[7]
                         net (fo=58, routed)          0.607     6.468    candidate_lanes[1].lane_pe/codec/angular_temporary1__5_i_31_n_0
    SLICE_X41Y192        LUT6 (Prop_D6LUT_SLICEM_I0_O)
                                                      0.151     6.619 r  candidate_lanes[1].lane_pe/codec/angular_temporary1__9_i_119/O
                         net (fo=1, routed)           0.297     6.916    candidate_lanes[1].lane_pe/codec/angular_temporary1__9_i_119_n_0
    SLICE_X41Y193        CARRY8 (Prop_CARRY8_SLICEM_DI[0]_CO[7])
                                                      0.196     7.112 r  candidate_lanes[1].lane_pe/codec/angular_temporary1__9_i_65/CO[7]
                         net (fo=1, routed)           0.030     7.142    candidate_lanes[1].lane_pe/codec/angular_temporary1__9_i_65_n_0
    SLICE_X41Y194        CARRY8 (Prop_CARRY8_SLICEM_CI_O[0])
                                                      0.078     7.220 r  candidate_lanes[1].lane_pe/codec/angular_temporary1__9_i_45/O[0]
                         net (fo=18, routed)          0.277     7.497    candidate_lanes[1].lane_pe/codec/angular_temporary1__9_i_45_n_15
    SLICE_X42Y193        LUT4 (Prop_F6LUT_SLICEL_I0_O)
                                                      0.136     7.633 r  candidate_lanes[1].lane_pe/codec/angular_temporary3__1_i_123/O
                         net (fo=1, routed)           0.284     7.917    candidate_lanes[1].lane_pe/codec/inverse_angle_sum[8]
    SLICE_X42Y193        CARRY8 (Prop_CARRY8_SLICEL_DI[0]_O[2])
                                                      0.156     8.073 r  candidate_lanes[1].lane_pe/codec/angular_temporary3__1_i_69/O[2]
                         net (fo=32, routed)          0.518     8.591    candidate_lanes[1].lane_pe/codec/sel0[2]
    SLICE_X44Y189        LUT6 (Prop_B6LUT_SLICEL_I2_O)
                                                      0.224     8.815 f  candidate_lanes[1].lane_pe/codec/angular_temporary3__1_i_142/O
                         net (fo=1, routed)           0.377     9.192    candidate_lanes[1].lane_pe/codec/angular_temporary3__1_i_142_n_0
    SLICE_X42Y185        LUT6 (Prop_A6LUT_SLICEL_I5_O)
                                                      0.152     9.344 f  candidate_lanes[1].lane_pe/codec/angular_temporary3__1_i_86/O
                         net (fo=1, routed)           0.113     9.457    candidate_lanes[1].lane_pe/codec/angular_temporary3__1_i_86_n_0
    SLICE_X42Y185        LUT6 (Prop_D6LUT_SLICEL_I5_O)
                                                      0.136     9.593 f  candidate_lanes[1].lane_pe/codec/angular_temporary3__1_i_44/O
                         net (fo=1, routed)           0.341     9.934    candidate_lanes[1].lane_pe/codec/angular_temporary3__1_i_44_n_0
    SLICE_X34Y180        LUT6 (Prop_G6LUT_SLICEM_I4_O)
                                                      0.137    10.071 f  candidate_lanes[1].lane_pe/codec/angular_temporary3__1_i_16/O
                         net (fo=1, routed)           0.021    10.092    candidate_lanes[1].lane_pe/codec/angular_temporary3__1_i_16_n_0
    SLICE_X34Y180        MUXF7 (Prop_F7MUX_GH_SLICEM_I1_O)
                                                      0.102    10.194 f  candidate_lanes[1].lane_pe/codec/angular_temporary3__1_i_4/O
                         net (fo=3, routed)           0.264    10.457    candidate_lanes[1].lane_pe/codec/angular_temporary3__1/A[4]
    DSP48E2_X8Y72        DSP_A_B_DATA (Prop_DSP_A_B_DATA_DSP48E2_A[4]_A2_DATA[4])
                                                      0.258    10.715 r  candidate_lanes[1].lane_pe/codec/angular_temporary3__1/DSP_A_B_DATA_INST/A2_DATA[4]
                         net (fo=1, routed)           0.000    10.715    candidate_lanes[1].lane_pe/codec/angular_temporary3__1/DSP_A_B_DATA.A2_DATA<4>
    DSP48E2_X8Y72        DSP_PREADD_DATA (Prop_DSP_PREADD_DATA_DSP48E2_A2_DATA[4]_A2A1[4])
                                                      0.114    10.829 r  candidate_lanes[1].lane_pe/codec/angular_temporary3__1/DSP_PREADD_DATA_INST/A2A1[4]
                         net (fo=1, routed)           0.000    10.829    candidate_lanes[1].lane_pe/codec/angular_temporary3__1/DSP_PREADD_DATA.A2A1<4>
    DSP48E2_X8Y72        DSP_MULTIPLIER (Prop_DSP_MULTIPLIER_DSP48E2_A2A1[4]_U[25])
                                                      0.700    11.529 f  candidate_lanes[1].lane_pe/codec/angular_temporary3__1/DSP_MULTIPLIER_INST/U[25]
                         net (fo=1, routed)           0.000    11.529    candidate_lanes[1].lane_pe/codec/angular_temporary3__1/DSP_MULTIPLIER.U<25>
    DSP48E2_X8Y72        DSP_M_DATA (Prop_DSP_M_DATA_DSP48E2_U[25]_U_DATA[25])
                                                      0.067    11.596 r  candidate_lanes[1].lane_pe/codec/angular_temporary3__1/DSP_M_DATA_INST/U_DATA[25]
                         net (fo=1, routed)           0.000    11.596    candidate_lanes[1].lane_pe/codec/angular_temporary3__1/DSP_M_DATA.U_DATA<25>
    DSP48E2_X8Y72        DSP_ALU (Prop_DSP_ALU_DSP48E2_U_DATA[25]_ALU_OUT[47])
                                                      0.727    12.323 f  candidate_lanes[1].lane_pe/codec/angular_temporary3__1/DSP_ALU_INST/ALU_OUT[47]
                         net (fo=1, routed)           0.000    12.323    candidate_lanes[1].lane_pe/codec/angular_temporary3__1/DSP_ALU.ALU_OUT<47>
    DSP48E2_X8Y72        DSP_OUTPUT (Prop_DSP_OUTPUT_DSP48E2_ALU_OUT[47]_PCOUT[47])
                                                      0.167    12.490 r  candidate_lanes[1].lane_pe/codec/angular_temporary3__1/DSP_OUTPUT_INST/PCOUT[47]
                         net (fo=1, routed)           0.014    12.504    candidate_lanes[1].lane_pe/codec/angular_temporary3__2/PCIN[47]
    DSP48E2_X8Y73        DSP_ALU (Prop_DSP_ALU_DSP48E2_PCIN[47]_ALU_OUT[14])
                                                      0.739    13.243 r  candidate_lanes[1].lane_pe/codec/angular_temporary3__2/DSP_ALU_INST/ALU_OUT[14]
                         net (fo=1, routed)           0.000    13.243    candidate_lanes[1].lane_pe/codec/angular_temporary3__2/DSP_ALU.ALU_OUT<14>
    DSP48E2_X8Y73        DSP_OUTPUT (Prop_DSP_OUTPUT_DSP48E2_ALU_OUT[14]_P[14])
                                                      0.146    13.389 f  candidate_lanes[1].lane_pe/codec/angular_temporary3__2/DSP_OUTPUT_INST/P[14]
                         net (fo=17, routed)          0.732    14.121    candidate_lanes[1].lane_pe/codec/angular_temporary1__1/A[17]
    DSP48E2_X8Y64        DSP_A_B_DATA (Prop_DSP_A_B_DATA_DSP48E2_A[17]_A_ALU[17])
                                                      0.265    14.386 r  candidate_lanes[1].lane_pe/codec/angular_temporary1__1/DSP_A_B_DATA_INST/A_ALU[17]
                         net (fo=1, routed)           0.000    14.386    candidate_lanes[1].lane_pe/codec/angular_temporary1__1/DSP_A_B_DATA.A_ALU<17>
    DSP48E2_X8Y64        DSP_ALU (Prop_DSP_ALU_DSP48E2_A_ALU[17]_ALU_OUT[47])
                                                      0.726    15.112 f  candidate_lanes[1].lane_pe/codec/angular_temporary1__1/DSP_ALU_INST/ALU_OUT[47]
                         net (fo=1, routed)           0.000    15.112    candidate_lanes[1].lane_pe/codec/angular_temporary1__1/DSP_ALU.ALU_OUT<47>
    DSP48E2_X8Y64        DSP_OUTPUT (Prop_DSP_OUTPUT_DSP48E2_ALU_OUT[47]_PCOUT[47])
                                                      0.167    15.279 r  candidate_lanes[1].lane_pe/codec/angular_temporary1__1/DSP_OUTPUT_INST/PCOUT[47]
                         net (fo=1, routed)           0.014    15.293    candidate_lanes[1].lane_pe/codec/angular_temporary1__2/PCIN[47]
    DSP48E2_X8Y65        DSP_ALU (Prop_DSP_ALU_DSP48E2_PCIN[47]_ALU_OUT[7])
                                                      0.739    16.032 f  candidate_lanes[1].lane_pe/codec/angular_temporary1__2/DSP_ALU_INST/ALU_OUT[7]
                         net (fo=1, routed)           0.000    16.032    candidate_lanes[1].lane_pe/codec/angular_temporary1__2/DSP_ALU.ALU_OUT<7>
    DSP48E2_X8Y65        DSP_OUTPUT (Prop_DSP_OUTPUT_DSP48E2_ALU_OUT[7]_P[7])
                                                      0.146    16.178 r  candidate_lanes[1].lane_pe/codec/angular_temporary1__2/DSP_OUTPUT_INST/P[7]
                         net (fo=2, routed)           0.397    16.575    candidate_lanes[1].lane_pe/codec/angular_temporary1__2_n_98
    SLICE_X33Y155        LUT3 (Prop_A6LUT_SLICEL_I0_O)
                                                      0.225    16.800 r  candidate_lanes[1].lane_pe/codec/i___1_i_267/O
                         net (fo=2, routed)           0.098    16.898    candidate_lanes[1].lane_pe/codec/i___1_i_267_n_0
    SLICE_X32Y155        LUT6 (Prop_C6LUT_SLICEM_I0_O)
                                                      0.149    17.047 r  candidate_lanes[1].lane_pe/codec/i___1_i_275/O
                         net (fo=1, routed)           0.029    17.076    candidate_lanes[1].lane_pe/codec/i___1_i_275_n_0
    SLICE_X32Y155        CARRY8 (Prop_CARRY8_SLICEM_S[2]_CO[7])
                                                      0.229    17.305 r  candidate_lanes[1].lane_pe/codec/i___1_i_191/CO[7]
                         net (fo=1, routed)           0.030    17.335    candidate_lanes[1].lane_pe/codec/i___1_i_191_n_0
    SLICE_X32Y156        CARRY8 (Prop_CARRY8_SLICEM_CI_CO[7])
                                                      0.065    17.400 r  candidate_lanes[1].lane_pe/codec/i___283_i_72/CO[7]
                         net (fo=1, routed)           0.030    17.430    candidate_lanes[1].lane_pe/codec/i___283_i_72_n_0
    SLICE_X32Y157        CARRY8 (Prop_CARRY8_SLICEM_CI_CO[7])
                                                      0.065    17.495 r  candidate_lanes[1].lane_pe/codec/i___283_i_70/CO[7]
                         net (fo=1, routed)           0.030    17.525    candidate_lanes[1].lane_pe/codec/i___283_i_70_n_0
    SLICE_X32Y158        CARRY8 (Prop_CARRY8_SLICEM_CI_O[2])
                                                      0.093    17.618 f  candidate_lanes[1].lane_pe/codec/i___111_i_30/O[2]
                         net (fo=3, routed)           0.290    17.908    candidate_lanes[1].lane_pe/codec/i___111_i_30_n_13
    SLICE_X33Y157        LUT2 (Prop_B6LUT_SLICEL_I1_O)
                                                      0.224    18.132 r  candidate_lanes[1].lane_pe/codec/i___111_i_35/O
                         net (fo=1, routed)           0.013    18.145    candidate_lanes[1].lane_pe/codec/i___111_i_35_n_0
    SLICE_X33Y157        CARRY8 (Prop_CARRY8_SLICEL_S[1]_CO[3])
                                                      0.250    18.395 r  candidate_lanes[1].lane_pe/codec/i___111_i_29/CO[3]
                         net (fo=27, routed)          0.251    18.646    candidate_lanes[1].lane_pe/codec/i___111_i_29_n_4
    SLICE_X33Y154        LUT3 (Prop_A6LUT_SLICEL_I1_O)
                                                      0.058    18.704 r  candidate_lanes[1].lane_pe/codec/i___1_i_138/O
                         net (fo=1, routed)           0.050    18.754    candidate_lanes[1].lane_pe/codec/i___1_i_138_n_0
    SLICE_X33Y154        LUT5 (Prop_B6LUT_SLICEL_I0_O)
                                                      0.138    18.892 r  candidate_lanes[1].lane_pe/codec/i___1_i_70__4/O
                         net (fo=2, routed)           0.403    19.295    candidate_lanes[1].lane_pe/codec/angular_temporary1_out[3]
    SLICE_X32Y143        LUT5 (Prop_H6LUT_SLICEM_I2_O)
                                                      0.154    19.449 r  candidate_lanes[1].lane_pe/codec/i___1_i_33__4/O
                         net (fo=2, routed)           0.514    19.963    candidate_lanes[1].lane_pe/codec/i___1_i_33__4_n_0
    SLICE_X29Y125        LUT5 (Prop_D6LUT_SLICEM_I4_O)
                                                      0.185    20.148 r  candidate_lanes[1].lane_pe/codec/i___1_i_8__6/O
                         net (fo=1, routed)           0.032    20.180    candidate_lanes[1].lane_pe/codec/i___1_i_8__6_n_0
    SLICE_X29Y125        CARRY8 (Prop_CARRY8_SLICEM_S[3]_O[5])
                                                      0.262    20.442 r  candidate_lanes[1].lane_pe/codec/i___1_i_1__0/O[5]
                         net (fo=25, routed)          0.525    20.967    candidate_lanes[1].lane_pe/codec/codec_residual[32]
    SLICE_X31Y103        LUT2 (Prop_F6LUT_SLICEM_I1_O)
                                                      0.224    21.191 r  candidate_lanes[1].lane_pe/codec/i___4/i___280/O
                         net (fo=1, routed)           0.029    21.220    candidate_lanes[1].lane_pe/codec/i___4/i___280_n_0
    SLICE_X31Y103        CARRY8 (Prop_CARRY8_SLICEM_S[5]_CO[7])
                                                      0.238    21.458 r  candidate_lanes[1].lane_pe/codec/(null)[0].value4__5_i_397/CO[7]
                         net (fo=1, routed)           0.030    21.488    candidate_lanes[1].lane_pe/codec/(null)[0].value4__5_i_397_n_0
    SLICE_X31Y104        CARRY8 (Prop_CARRY8_SLICEM_CI_O[0])
                                                      0.078    21.566 r  candidate_lanes[1].lane_pe/codec/(null)[0].value4__5_i_715/O[0]
                         net (fo=3, routed)           0.228    21.794    candidate_lanes[1].lane_pe/codec/(null)[0].value4__5_i_715_n_15
    SLICE_X30Y102        LUT4 (Prop_D6LUT_SLICEL_I3_O)
                                                      0.185    21.979 r  candidate_lanes[1].lane_pe/codec/(null)[0].value4__5_i_575/O
                         net (fo=1, routed)           0.013    21.992    candidate_lanes[1].lane_pe/codec/(null)[0].value4__5_i_575_n_0
    SLICE_X30Y102        CARRY8 (Prop_CARRY8_SLICEL_S[3]_O[4])
                                                      0.208    22.200 r  candidate_lanes[1].lane_pe/codec/(null)[0].value4__5_i_393/O[4]
                         net (fo=3, routed)           0.343    22.542    candidate_lanes[1].lane_pe/codec/(null)[0].value4__5_i_393_n_11
    SLICE_X32Y103        LUT3 (Prop_E6LUT_SLICEM_I0_O)
                                                      0.138    22.680 r  candidate_lanes[1].lane_pe/codec/(null)[0].value4__5_i_693/O
                         net (fo=2, routed)           0.211    22.891    candidate_lanes[1].lane_pe/codec/(null)[0].value4__5_i_693_n_0
    SLICE_X32Y103        LUT5 (Prop_H6LUT_SLICEM_I1_O)
                                                      0.228    23.119 r  candidate_lanes[1].lane_pe/codec/(null)[0].value4__5_i_484/O
                         net (fo=2, routed)           0.466    23.586    candidate_lanes[1].lane_pe/codec/(null)[0].value4__5_i_484_n_0
    SLICE_X34Y101        LUT6 (Prop_B6LUT_SLICEM_I0_O)
                                                      0.152    23.738 r  candidate_lanes[1].lane_pe/codec/(null)[0].value4__5_i_492/O
                         net (fo=1, routed)           0.022    23.760    candidate_lanes[1].lane_pe/codec/(null)[0].value4__5_i_492_n_0
    SLICE_X34Y101        CARRY8 (Prop_CARRY8_SLICEM_S[1]_O[5])
                                                      0.333    24.093 r  candidate_lanes[1].lane_pe/codec/(null)[0].value4__5_i_377/O[5]
                         net (fo=27, routed)          1.669    25.761    candidate_lanes[1].lane_pe/codec/(null)[0].value4__5_i_377_n_10
    SLICE_X10Y56         LUT2 (Prop_E6LUT_SLICEM_I0_O)
                                                      0.223    25.984 r  candidate_lanes[1].lane_pe/codec/(null)[0].value4__1__1_i_452/O
                         net (fo=1, routed)           0.018    26.002    candidate_lanes[1].lane_pe/codec/(null)[0].value4__1__1_i_452_n_0
    SLICE_X10Y56         CARRY8 (Prop_CARRY8_SLICEM_S[4]_CO[7])
                                                      0.236    26.238 r  candidate_lanes[1].lane_pe/codec/(null)[0].value4__1__1_i_318/CO[7]
                         net (fo=1, routed)           0.030    26.268    candidate_lanes[1].lane_pe/codec/(null)[0].value4__1__1_i_318_n_0
    SLICE_X10Y57         CARRY8 (Prop_CARRY8_SLICEM_CI_O[1])
                                                      0.106    26.374 r  candidate_lanes[1].lane_pe/codec/(null)[0].value4__1__1_i_317/O[1]
                         net (fo=3, routed)           0.333    26.707    candidate_lanes[1].lane_pe/codec/(null)[0].value4__1__1_i_317_n_14
    SLICE_X9Y55          LUT4 (Prop_H6LUT_SLICEL_I2_O)
                                                      0.188    26.895 r  candidate_lanes[1].lane_pe/codec/(null)[0].value4__1__1_i_214/O
                         net (fo=1, routed)           0.015    26.910    candidate_lanes[1].lane_pe/codec/(null)[0].value4__1__1_i_214_n_0
    SLICE_X9Y55          CARRY8 (Prop_CARRY8_SLICEL_S[7]_CO[7])
                                                      0.172    27.082 r  candidate_lanes[1].lane_pe/codec/(null)[0].value4__1__1_i_90/CO[7]
                         net (fo=1, routed)           0.030    27.112    candidate_lanes[1].lane_pe/codec/(null)[0].value4__1__1_i_90_n_0
    SLICE_X9Y56          CARRY8 (Prop_CARRY8_SLICEL_CI_O[0])
                                                      0.078    27.190 r  candidate_lanes[1].lane_pe/codec/clip164__3__0_i_109/O[0]
                         net (fo=3, routed)           0.339    27.529    candidate_lanes[1].lane_pe/codec/transformed51_in__1[19]
    SLICE_X10Y54         LUT5 (Prop_G6LUT_SLICEM_I3_O)
                                                      0.137    27.666 r  candidate_lanes[1].lane_pe/codec/(null)[0].value4__1__1_i_123/O
                         net (fo=2, routed)           0.289    27.955    candidate_lanes[1].lane_pe/codec/(null)[0].value4__1__1_i_123_n_0
    SLICE_X8Y55          LUT6 (Prop_H6LUT_SLICEM_I5_O)
                                                      0.060    28.015 r  candidate_lanes[1].lane_pe/codec/(null)[0].value4__1__1_i_48/O
                         net (fo=2, routed)           0.167    28.183    candidate_lanes[1].lane_pe/codec/(null)[0].value4__1__1_i_48_n_0
    SLICE_X8Y53          LUT3 (Prop_F6LUT_SLICEM_I0_O)
                                                      0.149    28.332 r  candidate_lanes[1].lane_pe/codec/(null)[0].value4__1__1_i_56/O
                         net (fo=1, routed)           0.029    28.361    candidate_lanes[1].lane_pe/codec/(null)[0].value4__1__1_i_56_n_0
    SLICE_X8Y53          CARRY8 (Prop_CARRY8_SLICEM_S[5]_CO[7])
                                                      0.238    28.599 r  candidate_lanes[1].lane_pe/codec/(null)[0].value4__1__1_i_19/CO[7]
                         net (fo=1, routed)           0.030    28.629    candidate_lanes[1].lane_pe/codec/(null)[0].value4__1__1_i_19_n_0
    SLICE_X8Y54          CARRY8 (Prop_CARRY8_SLICEM_CI_O[0])
                                                      0.078    28.707 f  candidate_lanes[1].lane_pe/codec/clip164__3__0_i_19/O[0]
                         net (fo=2, routed)           0.500    29.206    candidate_lanes[1].lane_pe/codec/codec_transformed__0[112]
    SLICE_X9Y43          LUT1 (Prop_H6LUT_SLICEL_I0_O)
                                                      0.083    29.289 r  candidate_lanes[1].lane_pe/codec/(null)[0].value4__1__1_i_38/O
                         net (fo=1, routed)           0.015    29.304    candidate_lanes[1].lane_pe/codec/(null)[0].value4__1__1_i_38_n_0
    SLICE_X9Y43          CARRY8 (Prop_CARRY8_SLICEL_S[7]_O[7])
                                                      0.079    29.383 f  candidate_lanes[1].lane_pe/codec/i_/(null)[0].value4__1__1_i_18/O[7]
                         net (fo=1, routed)           0.228    29.611    candidate_lanes[1].lane_pe/codec/i_/(null)[0].value4__1__1_i_18_n_8
    SLICE_X10Y43         LUT3 (Prop_H6LUT_SLICEM_I0_O)
                                                      0.228    29.839 f  candidate_lanes[1].lane_pe/codec/(null)[0].value4__1__1_i_1/O
                         net (fo=1, routed)           0.388    30.227    candidate_lanes[1].lane_pe/codec/(null)[0].value4__1__1/A[16]
    DSP48E2_X3Y16        DSP_A_B_DATA (Prop_DSP_A_B_DATA_DSP48E2_A[16]_A2_DATA[16])
                                                      0.258    30.485 r  candidate_lanes[1].lane_pe/codec/(null)[0].value4__1__1/DSP_A_B_DATA_INST/A2_DATA[16]
                         net (fo=1, routed)           0.000    30.485    candidate_lanes[1].lane_pe/codec/(null)[0].value4__1__1/DSP_A_B_DATA.A2_DATA<16>
    DSP48E2_X3Y16        DSP_PREADD_DATA (Prop_DSP_PREADD_DATA_DSP48E2_A2_DATA[16]_A2A1[16])
                                                      0.114    30.599 r  candidate_lanes[1].lane_pe/codec/(null)[0].value4__1__1/DSP_PREADD_DATA_INST/A2A1[16]
                         net (fo=1, routed)           0.000    30.599    candidate_lanes[1].lane_pe/codec/(null)[0].value4__1__1/DSP_PREADD_DATA.A2A1<16>
    DSP48E2_X3Y16        DSP_MULTIPLIER (Prop_DSP_MULTIPLIER_DSP48E2_A2A1[16]_U[36])
                                                      0.700    31.299 f  candidate_lanes[1].lane_pe/codec/(null)[0].value4__1__1/DSP_MULTIPLIER_INST/U[36]
                         net (fo=1, routed)           0.000    31.299    candidate_lanes[1].lane_pe/codec/(null)[0].value4__1__1/DSP_MULTIPLIER.U<36>
    DSP48E2_X3Y16        DSP_M_DATA (Prop_DSP_M_DATA_DSP48E2_U[36]_U_DATA[36])
                                                      0.067    31.366 r  candidate_lanes[1].lane_pe/codec/(null)[0].value4__1__1/DSP_M_DATA_INST/U_DATA[36]
                         net (fo=1, routed)           0.000    31.366    candidate_lanes[1].lane_pe/codec/(null)[0].value4__1__1/DSP_M_DATA.U_DATA<36>
    DSP48E2_X3Y16        DSP_ALU (Prop_DSP_ALU_DSP48E2_U_DATA[36]_ALU_OUT[47])
                                                      0.727    32.093 f  candidate_lanes[1].lane_pe/codec/(null)[0].value4__1__1/DSP_ALU_INST/ALU_OUT[47]
                         net (fo=1, routed)           0.000    32.093    candidate_lanes[1].lane_pe/codec/(null)[0].value4__1__1/DSP_ALU.ALU_OUT<47>
    DSP48E2_X3Y16        DSP_OUTPUT (Prop_DSP_OUTPUT_DSP48E2_ALU_OUT[47]_PCOUT[47])
                                                      0.167    32.260 r  candidate_lanes[1].lane_pe/codec/(null)[0].value4__1__1/DSP_OUTPUT_INST/PCOUT[47]
                         net (fo=1, routed)           0.014    32.274    candidate_lanes[1].lane_pe/codec/(null)[0].value4__2__1/PCIN[47]
    DSP48E2_X3Y17        DSP_ALU (Prop_DSP_ALU_DSP48E2_PCIN[47]_ALU_OUT[3])
                                                      0.739    33.013 f  candidate_lanes[1].lane_pe/codec/(null)[0].value4__2__1/DSP_ALU_INST/ALU_OUT[3]
                         net (fo=1, routed)           0.000    33.013    candidate_lanes[1].lane_pe/codec/(null)[0].value4__2__1/DSP_ALU.ALU_OUT<3>
    DSP48E2_X3Y17        DSP_OUTPUT (Prop_DSP_OUTPUT_DSP48E2_ALU_OUT[3]_P[3])
                                                      0.146    33.159 r  candidate_lanes[1].lane_pe/codec/(null)[0].value4__2__1/DSP_OUTPUT_INST/P[3]
                         net (fo=2, routed)           0.373    33.532    candidate_lanes[1].lane_pe/codec/(null)[0].value4__2__1_n_102
    SLICE_X12Y42         LUT6 (Prop_E6LUT_SLICEM_I5_O)
                                                      0.223    33.755 r  candidate_lanes[1].lane_pe/codec/clip164__3__0_i_181/O
                         net (fo=1, routed)           0.018    33.773    candidate_lanes[1].lane_pe/codec/clip164__3__0_i_181_n_0
    SLICE_X12Y42         CARRY8 (Prop_CARRY8_SLICEM_S[4]_CO[7])
                                                      0.236    34.009 r  candidate_lanes[1].lane_pe/codec/i_/clip164__3__0_i_93/CO[7]
                         net (fo=1, routed)           0.030    34.039    candidate_lanes[1].lane_pe/codec/i_/clip164__3__0_i_93_n_0
    SLICE_X12Y43         CARRY8 (Prop_CARRY8_SLICEM_CI_O[1])
                                                      0.106    34.145 f  candidate_lanes[1].lane_pe/codec/i_/clip164__3__0_i_75/O[1]
                         net (fo=4, routed)           0.935    35.080    candidate_lanes[1].lane_pe/codec/i_/clip164__3__0_i_75_n_14
    SLICE_X8Y64          LUT4 (Prop_D6LUT_SLICEM_I3_O)
                                                      0.080    35.160 r  candidate_lanes[1].lane_pe/codec/clip164__3__0_i_94/O
                         net (fo=1, routed)           0.200    35.360    candidate_lanes[1].lane_pe/codec/clip164__3__0_i_94_n_0
    SLICE_X5Y64          LUT5 (Prop_D6LUT_SLICEM_I4_O)
                                                      0.220    35.580 r  candidate_lanes[1].lane_pe/codec/clip164__3__0_i_38/O
                         net (fo=2, routed)           0.304    35.884    candidate_lanes[1].lane_pe/codec/clip164__3__0_i_85_n_0
    SLICE_X4Y66          CARRY8 (Prop_CARRY8_SLICEM_S[0]_CO[7])
                                                      0.281    36.165 r  candidate_lanes[1].lane_pe/codec/i_/clip164__3__0_i_30/CO[7]
                         net (fo=1, routed)           0.030    36.195    candidate_lanes[1].lane_pe/codec/i_/clip164__3__0_i_30_n_0
    SLICE_X4Y67          CARRY8 (Prop_CARRY8_SLICEM_CI_CO[7])
                                                      0.065    36.260 r  candidate_lanes[1].lane_pe/codec/i_/clip164__3__0_i_18/CO[7]
                         net (fo=1, routed)           0.030    36.290    candidate_lanes[1].lane_pe/codec/i_/clip164__3__0_i_18_n_0
    SLICE_X4Y68          CARRY8 (Prop_CARRY8_SLICEM_CI_O[5])
                                                      0.161    36.451 f  candidate_lanes[1].lane_pe/codec/i_/clip164__4__0_i_12/O[5]
                         net (fo=1, routed)           0.154    36.605    candidate_lanes[1].lane_pe/codec/i_/clip164__4__0_i_12_n_10
    SLICE_X4Y69          LUT3 (Prop_B6LUT_SLICEM_I0_O)
                                                      0.137    36.742 f  candidate_lanes[1].lane_pe/codec/clip164__4__0_i_14/O
                         net (fo=5, routed)           0.354    37.096    candidate_lanes[1].lane_pe/codec/clip164__4__0_i_14_n_0
    SLICE_X5Y70          LUT6 (Prop_H6LUT_SLICEM_I5_O)
                                                      0.138    37.234 f  candidate_lanes[1].lane_pe/codec/clip164__3__0_i_324/O
                         net (fo=1, routed)           0.262    37.496    candidate_lanes[1].lane_pe/codec/clip164__3__0_i_324_n_0
    SLICE_X4Y70          CARRY8 (Prop_CARRY8_SLICEM_DI[4]_CO[7])
                                                      0.137    37.633 f  candidate_lanes[1].lane_pe/codec/i_/clip164__3__0_i_267/CO[7]
                         net (fo=1, routed)           0.030    37.663    candidate_lanes[1].lane_pe/codec/i_/clip164__3__0_i_267_n_0
    SLICE_X4Y71          CARRY8 (Prop_CARRY8_SLICEM_CI_CO[7])
                                                      0.065    37.728 f  candidate_lanes[1].lane_pe/codec/i_/clip164__3__0_i_143/CO[7]
                         net (fo=1, routed)           0.030    37.758    candidate_lanes[1].lane_pe/codec/i_/clip164__3__0_i_143_n_0
    SLICE_X4Y72          CARRY8 (Prop_CARRY8_SLICEM_CI_CO[7])
                                                      0.065    37.823 f  candidate_lanes[1].lane_pe/codec/i_/clip164__3__0_i_66/CO[7]
                         net (fo=1, routed)           0.030    37.853    candidate_lanes[1].lane_pe/codec/i_/clip164__3__0_i_66_n_0
    SLICE_X4Y73          CARRY8 (Prop_CARRY8_SLICEM_CI_CO[0])
                                                      0.074    37.927 f  candidate_lanes[1].lane_pe/codec/i_/clip164__3__0_i_22/CO[0]
                         net (fo=26, routed)          0.408    38.335    candidate_lanes[1].lane_pe/codec/i_/clip164__3__0_i_22_n_7
    SLICE_X4Y65          LUT5 (Prop_C6LUT_SLICEM_I3_O)
                                                      0.186    38.521 f  candidate_lanes[1].lane_pe/codec/clip164__3__0_i_11/O
                         net (fo=1, routed)           0.354    38.875    candidate_lanes[1].lane_pe/codec/clip164__3__0/A[6]
    DSP48E2_X1Y28        DSP_A_B_DATA (Prop_DSP_A_B_DATA_DSP48E2_A[6]_A2_DATA[6])
                                                      0.258    39.133 r  candidate_lanes[1].lane_pe/codec/clip164__3__0/DSP_A_B_DATA_INST/A2_DATA[6]
                         net (fo=1, routed)           0.000    39.133    candidate_lanes[1].lane_pe/codec/clip164__3__0/DSP_A_B_DATA.A2_DATA<6>
    DSP48E2_X1Y28        DSP_PREADD_DATA (Prop_DSP_PREADD_DATA_DSP48E2_A2_DATA[6]_A2A1[6])
                                                      0.114    39.247 r  candidate_lanes[1].lane_pe/codec/clip164__3__0/DSP_PREADD_DATA_INST/A2A1[6]
                         net (fo=1, routed)           0.000    39.247    candidate_lanes[1].lane_pe/codec/clip164__3__0/DSP_PREADD_DATA.A2A1<6>
    DSP48E2_X1Y28        DSP_MULTIPLIER (Prop_DSP_MULTIPLIER_DSP48E2_A2A1[6]_U[27])
                                                      0.700    39.947 f  candidate_lanes[1].lane_pe/codec/clip164__3__0/DSP_MULTIPLIER_INST/U[27]
                         net (fo=1, routed)           0.000    39.947    candidate_lanes[1].lane_pe/codec/clip164__3__0/DSP_MULTIPLIER.U<27>
    DSP48E2_X1Y28        DSP_M_DATA (Prop_DSP_M_DATA_DSP48E2_U[27]_U_DATA[27])
                                                      0.067    40.014 r  candidate_lanes[1].lane_pe/codec/clip164__3__0/DSP_M_DATA_INST/U_DATA[27]
                         net (fo=1, routed)           0.000    40.014    candidate_lanes[1].lane_pe/codec/clip164__3__0/DSP_M_DATA.U_DATA<27>
    DSP48E2_X1Y28        DSP_ALU (Prop_DSP_ALU_DSP48E2_U_DATA[27]_ALU_OUT[47])
                                                      0.727    40.741 f  candidate_lanes[1].lane_pe/codec/clip164__3__0/DSP_ALU_INST/ALU_OUT[47]
                         net (fo=1, routed)           0.000    40.741    candidate_lanes[1].lane_pe/codec/clip164__3__0/DSP_ALU.ALU_OUT<47>
    DSP48E2_X1Y28        DSP_OUTPUT (Prop_DSP_OUTPUT_DSP48E2_ALU_OUT[47]_PCOUT[47])
                                                      0.167    40.908 r  candidate_lanes[1].lane_pe/codec/clip164__3__0/DSP_OUTPUT_INST/PCOUT[47]
                         net (fo=1, routed)           0.014    40.922    candidate_lanes[1].lane_pe/codec/clip164__4__0/PCIN[47]
    DSP48E2_X1Y29        DSP_ALU (Prop_DSP_ALU_DSP48E2_PCIN[47]_ALU_OUT[5])
                                                      0.739    41.661 r  candidate_lanes[1].lane_pe/codec/clip164__4__0/DSP_ALU_INST/ALU_OUT[5]
                         net (fo=1, routed)           0.000    41.661    candidate_lanes[1].lane_pe/codec/clip164__4__0/DSP_ALU.ALU_OUT<5>
    DSP48E2_X1Y29        DSP_OUTPUT (Prop_DSP_OUTPUT_DSP48E2_ALU_OUT[5]_P[5])
                                                      0.146    41.807 f  candidate_lanes[1].lane_pe/codec/clip164__4__0/DSP_OUTPUT_INST/P[5]
                         net (fo=4, routed)           0.538    42.345    candidate_lanes[1].lane_pe/codec/clip164__4__0_n_100
    SLICE_X3Y73          LUT6 (Prop_B6LUT_SLICEL_I1_O)
                                                      0.152    42.497 f  candidate_lanes[1].lane_pe/codec/i___96_i_148/O
                         net (fo=7, routed)           0.243    42.740    candidate_lanes[1].lane_pe/codec/i___96_i_148_n_0
    SLICE_X4Y75          LUT2 (Prop_F6LUT_SLICEM_I1_O)
                                                      0.224    42.964 r  candidate_lanes[1].lane_pe/codec/i___16_i_721/O
                         net (fo=1, routed)           0.029    42.993    candidate_lanes[1].lane_pe/codec/i___16_i_721_n_0
    SLICE_X4Y75          CARRY8 (Prop_CARRY8_SLICEM_S[5]_CO[7])
                                                      0.238    43.231 r  candidate_lanes[1].lane_pe/codec/i___16_i_543/CO[7]
                         net (fo=1, routed)           0.030    43.261    candidate_lanes[1].lane_pe/codec/i___16_i_543_n_0
    SLICE_X4Y76          CARRY8 (Prop_CARRY8_SLICEM_CI_CO[7])
                                                      0.065    43.326 r  candidate_lanes[1].lane_pe/codec/i___16_i_392/CO[7]
                         net (fo=1, routed)           0.030    43.356    candidate_lanes[1].lane_pe/codec/i___16_i_392_n_0
    SLICE_X4Y77          CARRY8 (Prop_CARRY8_SLICEM_CI_CO[7])
                                                      0.065    43.421 r  candidate_lanes[1].lane_pe/codec/i___16_i_238/CO[7]
                         net (fo=1, routed)           0.030    43.451    candidate_lanes[1].lane_pe/codec/i___16_i_238_n_0
    SLICE_X4Y78          CARRY8 (Prop_CARRY8_SLICEM_CI_CO[0])
                                                      0.074    43.525 r  candidate_lanes[1].lane_pe/codec/i___16_i_109/CO[0]
                         net (fo=250, routed)         0.760    44.285    candidate_lanes[1].lane_pe/codec/clip161__2__0
    SLICE_X3Y104         LUT5 (Prop_F6LUT_SLICEL_I3_O)
                                                      0.187    44.472 r  candidate_lanes[1].lane_pe/codec/i___286_i_78__0/O
                         net (fo=25, routed)          0.285    44.757    candidate_lanes[1].lane_pe/codec/codec_dequantized__1[59]
    SLICE_X5Y102         LUT3 (Prop_A5LUT_SLICEM_I2_O)
                                                      0.225    44.982 r  candidate_lanes[1].lane_pe/codec/i_/i___218_i_69/O
                         net (fo=2, routed)           0.463    45.445    candidate_lanes[1].lane_pe/codec/i_/i___218_i_69_n_0
    SLICE_X5Y102         LUT4 (Prop_B6LUT_SLICEM_I3_O)
                                                      0.152    45.597 r  candidate_lanes[1].lane_pe/codec/i_/i___218_i_77/O
                         net (fo=1, routed)           0.022    45.619    candidate_lanes[1].lane_pe/codec/i_/i___218_i_77_n_0
    SLICE_X5Y102         CARRY8 (Prop_CARRY8_SLICEM_S[1]_O[7])
                                                      0.334    45.953 r  candidate_lanes[1].lane_pe/codec/i_/i___218_i_24/O[7]
                         net (fo=2, routed)           0.613    46.566    candidate_lanes[1].lane_pe/codec/(null)[0].value40_in__0__0[20]
    SLICE_X15Y104        LUT5 (Prop_C6LUT_SLICEL_I0_O)
                                                      0.136    46.702 r  candidate_lanes[1].lane_pe/codec/i___218_i_6__1/O
                         net (fo=2, routed)           0.450    47.152    candidate_lanes[1].lane_pe/codec/i___218_i_6__1_n_0
    SLICE_X14Y102        LUT6 (Prop_E6LUT_SLICEL_I0_O)
                                                      0.223    47.375 r  candidate_lanes[1].lane_pe/codec/i_/i___218_i_14/O
                         net (fo=1, routed)           0.011    47.386    candidate_lanes[1].lane_pe/codec/i_/i___218_i_14_n_0
    SLICE_X14Y102        CARRY8 (Prop_CARRY8_SLICEL_S[4]_CO[7])
                                                      0.232    47.618 r  candidate_lanes[1].lane_pe/codec/i_/i___218_i_2/CO[7]
                         net (fo=1, routed)           0.030    47.648    candidate_lanes[1].lane_pe/codec/i_/i___218_i_2_n_0
    SLICE_X14Y103        CARRY8 (Prop_CARRY8_SLICEL_CI_O[1])
                                                      0.106    47.754 r  candidate_lanes[1].lane_pe/codec/i_/i___221_i_5/O[1]
                         net (fo=1, routed)           0.454    48.208    candidate_lanes[1].lane_pe/codec/i_/i___221_i_5_n_14
    SLICE_X17Y103        CARRY8 (Prop_CARRY8_SLICEM_S[5]_CO[7])
                                                      0.238    48.446 r  candidate_lanes[1].lane_pe/codec/i_/i___218_i_1/CO[7]
                         net (fo=1, routed)           0.030    48.476    candidate_lanes[1].lane_pe/codec/i_/i___218_i_1_n_0
    SLICE_X17Y104        CARRY8 (Prop_CARRY8_SLICEM_CI_CO[3])
                                                      0.082    48.558 r  candidate_lanes[1].lane_pe/codec/i_/i___221_i_2/CO[3]
                         net (fo=103, routed)         0.623    49.181    candidate_lanes[1].lane_pe/codec/i_/i___221_i_2_n_4
    SLICE_X22Y121        LUT2 (Prop_F6LUT_SLICEL_I0_O)
                                                      0.187    49.368 r  candidate_lanes[1].lane_pe/codec/i___221_i_81__0/O
                         net (fo=1, routed)           0.015    49.383    candidate_lanes[1].lane_pe/codec/i___221_i_81__0_n_0
    SLICE_X22Y121        CARRY8 (Prop_CARRY8_SLICEL_S[5]_CO[7])
                                                      0.232    49.615 f  candidate_lanes[1].lane_pe/codec/i_/i___221_i_39/CO[7]
                         net (fo=1, routed)           0.030    49.645    candidate_lanes[1].lane_pe/codec/i_/i___221_i_39_n_0
    SLICE_X22Y122        CARRY8 (Prop_CARRY8_SLICEL_CI_CO[7])
                                                      0.065    49.710 f  candidate_lanes[1].lane_pe/codec/i_/i___221_i_8/CO[7]
                         net (fo=1, routed)           0.030    49.740    candidate_lanes[1].lane_pe/codec/i_/i___221_i_8_n_0
    SLICE_X22Y123        CARRY8 (Prop_CARRY8_SLICEL_CI_CO[7])
                                                      0.065    49.805 f  candidate_lanes[1].lane_pe/codec/i_/i___221_i_4/CO[7]
                         net (fo=1, routed)           0.030    49.835    candidate_lanes[1].lane_pe/codec/i_/i___221_i_4_n_0
    SLICE_X22Y124        CARRY8 (Prop_CARRY8_SLICEL_CI_CO[0])
                                                      0.074    49.909 f  candidate_lanes[1].lane_pe/codec/i_/i___221_i_1/CO[0]
                         net (fo=402, routed)         0.950    50.859    candidate_lanes[1].lane_pe/codec/i_/i___221_i_1_n_7
    SLICE_X23Y138        LUT3 (Prop_B6LUT_SLICEL_I0_O)
                                                      0.138    50.997 r  candidate_lanes[1].lane_pe/codec/i___174_i_2__2/O
                         net (fo=12, routed)          0.199    51.197    candidate_lanes[1].lane_pe/codec/i___91_i_22__0_n_0
    SLICE_X23Y138        LUT4 (Prop_D6LUT_SLICEL_I3_O)
                                                      0.221    51.418 r  candidate_lanes[1].lane_pe/codec/i___1/i___178/O
                         net (fo=1, routed)           0.013    51.431    candidate_lanes[1].lane_pe/codec/i___1/i___178_n_0
    SLICE_X23Y138        CARRY8 (Prop_CARRY8_SLICEL_S[3]_CO[7])
                                                      0.220    51.651 r  candidate_lanes[1].lane_pe/codec/i___91_i_3__0/CO[7]
                         net (fo=1, routed)           0.030    51.681    candidate_lanes[1].lane_pe/codec/i___91_i_3__0_n_0
    SLICE_X23Y139        CARRY8 (Prop_CARRY8_SLICEL_CI_O[3])
                                                      0.114    51.795 r  candidate_lanes[1].lane_pe/codec/i___193_i_1__1/O[3]
                         net (fo=3, routed)           0.410    52.205    candidate_lanes[1].lane_pe/codec/i___193_i_1__1_n_12
    SLICE_X23Y142        LUT6 (Prop_G6LUT_SLICEL_I5_O)
                                                      0.226    52.431 r  candidate_lanes[1].lane_pe/codec/i___223_i_239__0/O
                         net (fo=1, routed)           0.012    52.443    candidate_lanes[1].lane_pe/codec/i___223_i_239__0_n_0
    SLICE_X23Y142        CARRY8 (Prop_CARRY8_SLICEL_S[6]_CO[7])
                                                      0.171    52.614 r  candidate_lanes[1].lane_pe/codec/i___223_i_162__0/CO[7]
                         net (fo=1, routed)           0.030    52.644    candidate_lanes[1].lane_pe/codec/i___223_i_162__0_n_0
    SLICE_X23Y143        CARRY8 (Prop_CARRY8_SLICEL_CI_CO[7])
                                                      0.065    52.709 r  candidate_lanes[1].lane_pe/codec/i___223_i_74__0/CO[7]
                         net (fo=1, routed)           0.030    52.739    candidate_lanes[1].lane_pe/codec/i___223_i_74__0_n_0
    SLICE_X23Y144        CARRY8 (Prop_CARRY8_SLICEL_CI_O[3])
                                                      0.114    52.853 r  candidate_lanes[1].lane_pe/codec/i___223_i_39__1/O[3]
                         net (fo=3, routed)           0.944    53.797    candidate_lanes[1].lane_pe/codec/i___223_i_39__1_n_12
    SLICE_X17Y147        LUT3 (Prop_E6LUT_SLICEM_I0_O)
                                                      0.138    53.935 r  candidate_lanes[1].lane_pe/codec/i___223_i_48__1/O
                         net (fo=2, routed)           0.058    53.993    candidate_lanes[1].lane_pe/codec/i___223_i_48__1_n_0
    SLICE_X17Y147        LUT5 (Prop_D6LUT_SLICEM_I1_O)
                                                      0.134    54.127 r  candidate_lanes[1].lane_pe/codec/i___223_i_11__1/O
                         net (fo=2, routed)           0.278    54.405    candidate_lanes[1].lane_pe/codec/i___223_i_11__1_n_0
    SLICE_X18Y148        LUT6 (Prop_A6LUT_SLICEM_I0_O)
                                                      0.152    54.557 r  candidate_lanes[1].lane_pe/codec/i___223_i_18__1/O
                         net (fo=1, routed)           0.017    54.574    candidate_lanes[1].lane_pe/codec/i___223_i_18__1_n_0
    SLICE_X18Y148        CARRY8 (Prop_CARRY8_SLICEM_S[0]_O[2])
                                                      0.187    54.761 r  candidate_lanes[1].lane_pe/codec/i___223_i_3__0/O[2]
                         net (fo=1, routed)           0.466    55.227    candidate_lanes[1].lane_pe/codec/matrix_sum[27]
    SLICE_X19Y145        CARRY8 (Prop_CARRY8_SLICEL_S[1]_O[4])
                                                      0.279    55.506 r  candidate_lanes[1].lane_pe/codec/i___223_i_1__0/O[4]
                         net (fo=5, routed)           0.819    56.325    candidate_lanes[1].lane_pe/codec/i___223_i_1__0_n_11
    SLICE_X26Y142        LUT2 (Prop_C6LUT_SLICEL_I0_O)
                                                      0.187    56.512 r  candidate_lanes[1].lane_pe/codec/i___4_i_76__1/O
                         net (fo=1, routed)           0.015    56.527    candidate_lanes[1].lane_pe/codec/i___4_i_76__1_n_0
    SLICE_X26Y142        CARRY8 (Prop_CARRY8_SLICEL_S[2]_CO[7])
                                                      0.219    56.746 r  candidate_lanes[1].lane_pe/codec/i___4_i_52__0/CO[7]
                         net (fo=1, routed)           0.030    56.776    candidate_lanes[1].lane_pe/codec/i___4_i_52__0_n_0
    SLICE_X26Y143        CARRY8 (Prop_CARRY8_SLICEL_CI_CO[7])
                                                      0.065    56.841 r  candidate_lanes[1].lane_pe/codec/i___4_i_34__0/CO[7]
                         net (fo=1, routed)           0.030    56.871    candidate_lanes[1].lane_pe/codec/i___4_i_34__0_n_0
    SLICE_X26Y144        CARRY8 (Prop_CARRY8_SLICEL_CI_CO[7])
                                                      0.065    56.936 r  candidate_lanes[1].lane_pe/codec/i___4_i_31__1/CO[7]
                         net (fo=1, routed)           0.030    56.966    candidate_lanes[1].lane_pe/codec/i___4_i_31__1_n_0
    SLICE_X26Y145        CARRY8 (Prop_CARRY8_SLICEL_CI_CO[0])
                                                      0.074    57.040 r  candidate_lanes[1].lane_pe/codec/i___4_i_21__0/CO[0]
                         net (fo=32, routed)          0.340    57.380    candidate_lanes[1].lane_pe/codec/i___4_i_21__0_n_7
    SLICE_X27Y143        LUT4 (Prop_A6LUT_SLICEL_I2_O)
                                                      0.225    57.605 r  candidate_lanes[1].lane_pe/codec/i___211_i_9__0/O
                         net (fo=1, routed)           0.014    57.619    candidate_lanes[1].lane_pe/codec/i___211_i_9__0_n_0
    SLICE_X27Y143        CARRY8 (Prop_CARRY8_SLICEL_S[0]_CO[7])
                                                      0.278    57.897 r  candidate_lanes[1].lane_pe/codec/i___5/i___211_i_1/CO[7]
                         net (fo=1, routed)           0.030    57.927    candidate_lanes[1].lane_pe/codec/i___5/i___211_i_1_n_0
    SLICE_X27Y144        CARRY8 (Prop_CARRY8_SLICEL_CI_CO[7])
                                                      0.065    57.992 r  candidate_lanes[1].lane_pe/codec/i___5/i___110_i_1/CO[7]
                         net (fo=1, routed)           0.030    58.022    candidate_lanes[1].lane_pe/codec/i___5/i___110_i_1_n_0
    SLICE_X27Y145        CARRY8 (Prop_CARRY8_SLICEL_CI_CO[7])
                                                      0.065    58.087 r  candidate_lanes[1].lane_pe/codec/i___5/i___106_i_1/CO[7]
                         net (fo=1, routed)           0.030    58.117    candidate_lanes[1].lane_pe/codec/i___5/i___106_i_1_n_0
    SLICE_X27Y146        CARRY8 (Prop_CARRY8_SLICEL_CI_O[0])
                                                      0.078    58.195 f  candidate_lanes[1].lane_pe/codec/i___5/i___4_i_1__0/O[0]
                         net (fo=3, routed)           0.807    59.002    candidate_lanes[1].lane_pe/codec/i___5/i___4_i_1__0_n_15
    SLICE_X22Y146        LUT2 (Prop_A6LUT_SLICEL_I0_O)
                                                      0.188    59.190 r  candidate_lanes[1].lane_pe/codec/i___5/i___105/O
                         net (fo=1, routed)           0.014    59.204    candidate_lanes[1].lane_pe/codec/i___5/i___105_n_0
    SLICE_X22Y146        CARRY8 (Prop_CARRY8_SLICEL_S[0]_CO[3])
                                                      0.263    59.467 r  candidate_lanes[1].lane_pe/codec/i___5/i___4_i_2/CO[3]
                         net (fo=31, routed)          0.863    60.330    candidate_lanes[1].lane_pe/codec/i___5/i___4_i_2_n_4
    SLICE_X28Y142        LUT4 (Prop_A6LUT_SLICEM_I3_O)
                                                      0.138    60.468 r  candidate_lanes[1].lane_pe/codec/i___5/i___218/O
                         net (fo=1, routed)           0.017    60.485    candidate_lanes[1].lane_pe/codec/i___5/i___218_n_0
    SLICE_X28Y142        CARRY8 (Prop_CARRY8_SLICEM_S[0]_CO[7])
                                                      0.281    60.766 r  candidate_lanes[1].lane_pe/codec/i___5/distortion1_i_4/CO[7]
                         net (fo=1, routed)           0.030    60.796    candidate_lanes[1].lane_pe/codec/i___5/distortion1_i_4_n_0
    SLICE_X28Y143        CARRY8 (Prop_CARRY8_SLICEM_CI_O[7])
                                                      0.171    60.967 f  candidate_lanes[1].lane_pe/codec/i___5/distortion1_i_3/O[7]
                         net (fo=4, routed)           0.693    61.660    candidate_lanes[1].lane_pe/codec/distortion1__0/B[15]
    DSP48E2_X6Y60        DSP_A_B_DATA (Prop_DSP_A_B_DATA_DSP48E2_B[15]_B2_DATA[15])
                                                      0.216    61.876 r  candidate_lanes[1].lane_pe/codec/distortion1__0/DSP_A_B_DATA_INST/B2_DATA[15]
                         net (fo=1, routed)           0.000    61.876    candidate_lanes[1].lane_pe/codec/distortion1__0/DSP_A_B_DATA.B2_DATA<15>
    DSP48E2_X6Y60        DSP_PREADD_DATA (Prop_DSP_PREADD_DATA_DSP48E2_B2_DATA[15]_B2B1[15])
                                                      0.097    61.973 r  candidate_lanes[1].lane_pe/codec/distortion1__0/DSP_PREADD_DATA_INST/B2B1[15]
                         net (fo=1, routed)           0.000    61.973    candidate_lanes[1].lane_pe/codec/distortion1__0/DSP_PREADD_DATA.B2B1<15>
    DSP48E2_X6Y60        DSP_MULTIPLIER (Prop_DSP_MULTIPLIER_DSP48E2_B2B1[15]_U[43])
                                                      0.773    62.746 f  candidate_lanes[1].lane_pe/codec/distortion1__0/DSP_MULTIPLIER_INST/U[43]
                         net (fo=1, routed)           0.000    62.746    candidate_lanes[1].lane_pe/codec/distortion1__0/DSP_MULTIPLIER.U<43>
    DSP48E2_X6Y60        DSP_M_DATA (Prop_DSP_M_DATA_DSP48E2_U[43]_U_DATA[43])
                                                      0.067    62.813 r  candidate_lanes[1].lane_pe/codec/distortion1__0/DSP_M_DATA_INST/U_DATA[43]
                         net (fo=1, routed)           0.000    62.813    candidate_lanes[1].lane_pe/codec/distortion1__0/DSP_M_DATA.U_DATA<43>
    DSP48E2_X6Y60        DSP_ALU (Prop_DSP_ALU_DSP48E2_U_DATA[43]_ALU_OUT[47])
                                                      0.727    63.540 f  candidate_lanes[1].lane_pe/codec/distortion1__0/DSP_ALU_INST/ALU_OUT[47]
                         net (fo=1, routed)           0.000    63.540    candidate_lanes[1].lane_pe/codec/distortion1__0/DSP_ALU.ALU_OUT<47>
    DSP48E2_X6Y60        DSP_OUTPUT (Prop_DSP_OUTPUT_DSP48E2_ALU_OUT[47]_PCOUT[47])
                                                      0.167    63.707 r  candidate_lanes[1].lane_pe/codec/distortion1__0/DSP_OUTPUT_INST/PCOUT[47]
                         net (fo=1, routed)           0.014    63.721    candidate_lanes[1].lane_pe/codec/distortion1__1/PCIN[47]
    DSP48E2_X6Y61        DSP_ALU (Prop_DSP_ALU_DSP48E2_PCIN[47]_ALU_OUT[0])
                                                      0.739    64.460 f  candidate_lanes[1].lane_pe/codec/distortion1__1/DSP_ALU_INST/ALU_OUT[0]
                         net (fo=1, routed)           0.000    64.460    candidate_lanes[1].lane_pe/codec/distortion1__1/DSP_ALU.ALU_OUT<0>
    DSP48E2_X6Y61        DSP_OUTPUT (Prop_DSP_OUTPUT_DSP48E2_ALU_OUT[0]_P[0])
                                                      0.146    64.606 r  candidate_lanes[1].lane_pe/codec/distortion1__1/DSP_OUTPUT_INST/P[0]
                         net (fo=2, routed)           0.725    65.331    candidate_lanes[1].lane_pe/codec/distortion1__1_n_105
    SLICE_X21Y151        LUT2 (Prop_B6LUT_SLICEM_I0_O)
                                                      0.057    65.388 r  candidate_lanes[1].lane_pe/codec/out_distortion[31]_i_524/O
                         net (fo=1, routed)           0.022    65.410    candidate_lanes[1].lane_pe/codec/out_distortion[31]_i_524_n_0
    SLICE_X21Y151        CARRY8 (Prop_CARRY8_SLICEM_S[1]_O[2])
                                                      0.179    65.589 r  candidate_lanes[1].lane_pe/codec/out_distortion_reg[31]_i_440/O[2]
                         net (fo=3, routed)           0.431    66.020    candidate_lanes[1].lane_pe/codec/out_distortion_reg[31]_i_440_n_13
    SLICE_X21Y165        LUT3 (Prop_A6LUT_SLICEM_I1_O)
                                                      0.058    66.078 r  candidate_lanes[1].lane_pe/codec/out_distortion[31]_i_379/O
                         net (fo=1, routed)           0.393    66.471    candidate_lanes[1].lane_pe/codec/out_distortion[31]_i_379_n_0
    SLICE_X21Y174        CARRY8 (Prop_CARRY8_SLICEM_DI[3]_O[5])
                                                      0.268    66.739 r  candidate_lanes[1].lane_pe/codec/out_distortion_reg[31]_i_182/O[5]
                         net (fo=3, routed)           0.592    67.331    candidate_lanes[1].lane_pe/codec/out_distortion_reg[31]_i_182_n_10
    SLICE_X20Y191        LUT6 (Prop_F6LUT_SLICEM_I3_O)
                                                      0.186    67.517 r  candidate_lanes[1].lane_pe/codec/out_distortion[31]_i_138/O
                         net (fo=1, routed)           0.029    67.546    candidate_lanes[1].lane_pe/codec/out_distortion[31]_i_138_n_0
    SLICE_X20Y191        CARRY8 (Prop_CARRY8_SLICEM_S[5]_O[5])
                                                      0.084    67.630 r  candidate_lanes[1].lane_pe/codec/out_distortion_reg[31]_i_30/O[5]
                         net (fo=3, routed)           0.385    68.015    candidate_lanes[1].lane_pe/codec/out_distortion_reg[31]_i_30_n_10
    SLICE_X21Y207        LUT3 (Prop_E5LUT_SLICEM_I1_O)
                                                      0.225    68.240 r  candidate_lanes[1].lane_pe/codec/out_distortion[23]_i_19/O
                         net (fo=2, routed)           0.156    68.396    candidate_lanes[1].lane_pe/codec/out_distortion[23]_i_19_n_0
    SLICE_X22Y207        LUT5 (Prop_H6LUT_SLICEL_I1_O)
                                                      0.188    68.584 r  candidate_lanes[1].lane_pe/codec/out_distortion[23]_i_3/O
                         net (fo=2, routed)           0.124    68.708    candidate_lanes[1].lane_pe/codec/out_distortion[23]_i_3_n_0
    SLICE_X22Y205        LUT6 (Prop_G6LUT_SLICEL_I0_O)
                                                      0.186    68.894 r  candidate_lanes[1].lane_pe/codec/out_distortion[23]_i_11/O
                         net (fo=1, routed)           0.012    68.906    candidate_lanes[1].lane_pe/codec/out_distortion[23]_i_11_n_0
    SLICE_X22Y205        CARRY8 (Prop_CARRY8_SLICEL_S[6]_CO[7])
                                                      0.171    69.076 r  candidate_lanes[1].lane_pe/codec/out_distortion_reg[23]_i_1/CO[7]
                         net (fo=1, routed)           0.030    69.106    candidate_lanes[1].lane_pe/codec/out_distortion_reg[23]_i_1_n_0
    SLICE_X22Y206        CARRY8 (Prop_CARRY8_SLICEL_CI_O[1])
                                                      0.106    69.213 r  candidate_lanes[1].lane_pe/codec/out_distortion_reg[31]_i_2/O[1]
                         net (fo=1, routed)           0.033    69.245    candidate_lanes[1].lane_pe/codec_distortion[25]
    SLICE_X22Y206        FDRE                                         r  candidate_lanes[1].lane_pe/out_distortion_reg[25]/D
  -------------------------------------------------------------------    -------------------

                         (clock chia_rdo_clk rise edge)
                                                      5.000     5.000 r  
                                                      0.000     5.000 r  clk (IN)
                         net (fo=1936, unset)         0.029     5.029    candidate_lanes[1].lane_pe/clk
    SLICE_X22Y206        FDRE                                         r  candidate_lanes[1].lane_pe/out_distortion_reg[25]/C
                         clock pessimism              0.000     5.029    
                         clock uncertainty           -0.035     4.994    
    SLICE_X22Y206        FDRE (Setup_BFF_SLICEL_C_D)
                                                      0.044     5.038    candidate_lanes[1].lane_pe/out_distortion_reg[25]
  -------------------------------------------------------------------
                         required time                          5.038    
                         arrival time                         -69.246    
  -------------------------------------------------------------------
                         slack                                -64.208    

Slack (VIOLATED) :        -64.196ns  (required time - arrival time)
  Source:                 launched_count_reg[1]_replica_10/C
                            (rising edge-triggered cell FDRE clocked by chia_rdo_clk  {rise@0.000ns fall@2.500ns period=5.000ns})
  Destination:            candidate_lanes[1].lane_pe/out_distortion_reg[26]/D
                            (rising edge-triggered cell FDRE clocked by chia_rdo_clk  {rise@0.000ns fall@2.500ns period=5.000ns})
  Path Group:             chia_rdo_clk
  Path Type:              Setup (Max at Slow Process Corner)
  Requirement:            5.000ns  (chia_rdo_clk rise@5.000ns - chia_rdo_clk rise@0.000ns)
  Data Path Delay:        69.191ns  (logic 35.555ns (51.387%)  route 33.636ns (48.613%))
  Logic Levels:           174  (CARRY8=69 DSP_A_B_DATA=5 DSP_ALU=10 DSP_M_DATA=4 DSP_MULTIPLIER=4 DSP_OUTPUT=10 DSP_PREADD_DATA=4 LUT1=1 LUT2=9 LUT3=12 LUT4=8 LUT5=15 LUT6=22 MUXF7=1)
  Clock Path Skew:        -0.014ns (DCD - SCD + CPR)
    Destination Clock Delay (DCD):    0.029ns = ( 5.029 - 5.000 ) 
    Source Clock Delay      (SCD):    0.043ns
    Clock Pessimism Removal (CPR):    0.000ns
  Clock Uncertainty:      0.035ns  ((TSJ^2 + TIJ^2)^1/2 + DJ) / 2 + PE
    Total System Jitter     (TSJ):    0.071ns
    Total Input Jitter      (TIJ):    0.000ns
    Discrete Jitter          (DJ):    0.000ns
    Phase Error              (PE):    0.000ns

    Location             Delay type                Incr(ns)  Path(ns)    Netlist Resource(s)
  -------------------------------------------------------------------    -------------------
                         (clock chia_rdo_clk rise edge)
                                                      0.000     0.000 r  
                                                      0.000     0.000 r  clk (IN)
                         net (fo=1936, unset)         0.043     0.043    clk
    SLICE_X31Y208        FDRE                                         r  launched_count_reg[1]_replica_10/C
  -------------------------------------------------------------------    -------------------
    SLICE_X31Y208        FDRE (Prop_GFF_SLICEM_C_Q)
                                                      0.116     0.159 r  launched_count_reg[1]_replica_10/Q
                         net (fo=6, routed)           0.133     0.292    candidate_lanes[1].lane_pe/rd_cost/p_4_in[1]_repN_10_alias
    SLICE_X31Y209        LUT3 (Prop_B6LUT_SLICEM_I1_O)
                                                      0.188     0.480 r  candidate_lanes[1].lane_pe/rd_cost/multi_stage.rate_stage00_i_237__0/O
                         net (fo=6, routed)           0.242     0.722    candidate_lanes[1].lane_pe/rd_cost/launched_count_reg[2]_0
    SLICE_X31Y208        LUT6 (Prop_G6LUT_SLICEM_I2_O)
                                                      0.152     0.874 f  candidate_lanes[1].lane_pe/rd_cost/multi_stage.rate_stage00_i_88/O
                         net (fo=1, routed)           0.141     1.015    candidate_lanes[1].lane_pe/rd_cost/multi_stage.rate_stage00_i_88_n_0
    SLICE_X31Y208        CARRY8 (Prop_CARRY8_SLICEM_DI[2]_CO[3])
                                                      0.190     1.205 f  candidate_lanes[1].lane_pe/rd_cost/multi_stage.rate_stage00_i_26__0/CO[3]
                         net (fo=53, routed)          0.313     1.518    candidate_lanes[1].lane_pe/codec/mode_reg_reg[0][0]
    SLICE_X31Y208        LUT6 (Prop_H6LUT_SLICEM_I4_O)
                                                      0.084     1.602 r  candidate_lanes[1].lane_pe/codec/multi_stage.rate_stage00_i_240__0/O
                         net (fo=3, routed)           0.139     1.741    candidate_lanes[1].lane_pe/codec/launched_count_reg[3]_1
    SLICE_X32Y208        LUT6 (Prop_H6LUT_SLICEM_I0_O)
                                                      0.189     1.930 r  candidate_lanes[1].lane_pe/codec/multi_stage.rate_stage00_i_98/O
                         net (fo=70, routed)          0.448     2.378    candidate_lanes[1].lane_pe/codec/launched_count_reg[3]_0
    SLICE_X32Y220        LUT5 (Prop_G6LUT_SLICEM_I1_O)
                                                      0.226     2.604 f  candidate_lanes[1].lane_pe/codec/mode_reg[5]_i_33/O
                         net (fo=2, routed)           0.059     2.663    candidate_lanes[1].lane_pe/codec/mode_reg[5]_i_33_n_0
    SLICE_X32Y220        LUT6 (Prop_E6LUT_SLICEM_I0_O)
                                                      0.152     2.815 f  candidate_lanes[1].lane_pe/codec/mode_reg[5]_i_14/O
                         net (fo=1, routed)           0.200     3.015    candidate_lanes[1].lane_pe/codec/mode_reg[5]_i_14_n_0
    SLICE_X32Y214        LUT6 (Prop_C6LUT_SLICEM_I0_O)
                                                      0.220     3.235 f  candidate_lanes[1].lane_pe/codec/mode_reg[5]_i_4/O
                         net (fo=7, routed)           0.405     3.641    candidate_lanes[1].lane_pe/codec/mode_reg[5]_i_4_n_0
    SLICE_X32Y208        LUT6 (Prop_F6LUT_SLICEM_I5_O)
                                                      0.149     3.790 f  candidate_lanes[1].lane_pe/codec/mode_reg[5]_i_1/O
                         net (fo=130, routed)         0.120     3.909    candidate_lanes[1].lane_pe/codec/launched_count_reg[1]_0
    SLICE_X32Y209        LUT5 (Prop_E6LUT_SLICEM_I0_O)
                                                      0.187     4.096 r  candidate_lanes[1].lane_pe/codec/angular_temporary1__14_i_9/O
                         net (fo=110, routed)         0.270     4.366    candidate_lanes[1].lane_pe/codec/angular_temporary1_i_49_n_0
    SLICE_X31Y207        LUT5 (Prop_H6LUT_SLICEM_I3_O)
                                                      0.154     4.520 r  candidate_lanes[1].lane_pe/codec/angular_temporary1_i_45/O
                         net (fo=1, routed)           0.145     4.665    candidate_lanes[1].lane_pe/codec/angular_temporary1_i_45_n_0
    SLICE_X31Y207        CARRY8 (Prop_CARRY8_SLICEM_DI[5]_CO[6])
                                                      0.120     4.785 r  candidate_lanes[1].lane_pe/codec/angular_temporary1_i_16/CO[6]
                         net (fo=144, routed)         0.185     4.970    candidate_lanes[1].lane_pe/codec/angular_temporary1_i_16_n_1
    SLICE_X31Y206        LUT5 (Prop_E6LUT_SLICEM_I0_O)
                                                      0.057     5.027 r  candidate_lanes[1].lane_pe/codec/angular_temporary3__3_i_2/O
                         net (fo=77, routed)          0.296     5.322    candidate_lanes[1].lane_pe/codec/angular_temporary3__3_i_2_n_0
    SLICE_X31Y203        LUT2 (Prop_A6LUT_SLICEM_I0_O)
                                                      0.138     5.460 r  candidate_lanes[1].lane_pe/codec/angular_temporary1__5_i_89/O
                         net (fo=1, routed)           0.017     5.477    candidate_lanes[1].lane_pe/codec/angular_temporary1__5_i_89_n_0
    SLICE_X31Y203        CARRY8 (Prop_CARRY8_SLICEM_S[0]_CO[7])
                                                      0.281     5.758 r  candidate_lanes[1].lane_pe/codec/angular_temporary1__5_i_50/CO[7]
                         net (fo=1, routed)           0.030     5.788    candidate_lanes[1].lane_pe/codec/angular_temporary1__5_i_50_n_0
    SLICE_X31Y204        CARRY8 (Prop_CARRY8_SLICEM_CI_CO[7])
                                                      0.073     5.861 r  candidate_lanes[1].lane_pe/codec/angular_temporary1__5_i_31/CO[7]
                         net (fo=58, routed)          0.607     6.468    candidate_lanes[1].lane_pe/codec/angular_temporary1__5_i_31_n_0
    SLICE_X41Y192        LUT6 (Prop_D6LUT_SLICEM_I0_O)
                                                      0.151     6.619 r  candidate_lanes[1].lane_pe/codec/angular_temporary1__9_i_119/O
                         net (fo=1, routed)           0.297     6.916    candidate_lanes[1].lane_pe/codec/angular_temporary1__9_i_119_n_0
    SLICE_X41Y193        CARRY8 (Prop_CARRY8_SLICEM_DI[0]_CO[7])
                                                      0.196     7.112 r  candidate_lanes[1].lane_pe/codec/angular_temporary1__9_i_65/CO[7]
                         net (fo=1, routed)           0.030     7.142    candidate_lanes[1].lane_pe/codec/angular_temporary1__9_i_65_n_0
    SLICE_X41Y194        CARRY8 (Prop_CARRY8_SLICEM_CI_O[0])
                                                      0.078     7.220 r  candidate_lanes[1].lane_pe/codec/angular_temporary1__9_i_45/O[0]
                         net (fo=18, routed)          0.277     7.497    candidate_lanes[1].lane_pe/codec/angular_temporary1__9_i_45_n_15
    SLICE_X42Y193        LUT4 (Prop_F6LUT_SLICEL_I0_O)
                                                      0.136     7.633 r  candidate_lanes[1].lane_pe/codec/angular_temporary3__1_i_123/O
                         net (fo=1, routed)           0.284     7.917    candidate_lanes[1].lane_pe/codec/inverse_angle_sum[8]
    SLICE_X42Y193        CARRY8 (Prop_CARRY8_SLICEL_DI[0]_O[2])
                                                      0.156     8.073 r  candidate_lanes[1].lane_pe/codec/angular_temporary3__1_i_69/O[2]
                         net (fo=32, routed)          0.518     8.591    candidate_lanes[1].lane_pe/codec/sel0[2]
    SLICE_X44Y189        LUT6 (Prop_B6LUT_SLICEL_I2_O)
                                                      0.224     8.815 f  candidate_lanes[1].lane_pe/codec/angular_temporary3__1_i_142/O
                         net (fo=1, routed)           0.377     9.192    candidate_lanes[1].lane_pe/codec/angular_temporary3__1_i_142_n_0
    SLICE_X42Y185        LUT6 (Prop_A6LUT_SLICEL_I5_O)
                                                      0.152     9.344 f  candidate_lanes[1].lane_pe/codec/angular_temporary3__1_i_86/O
                         net (fo=1, routed)           0.113     9.457    candidate_lanes[1].lane_pe/codec/angular_temporary3__1_i_86_n_0
    SLICE_X42Y185        LUT6 (Prop_D6LUT_SLICEL_I5_O)
                                                      0.136     9.593 f  candidate_lanes[1].lane_pe/codec/angular_temporary3__1_i_44/O
                         net (fo=1, routed)           0.341     9.934    candidate_lanes[1].lane_pe/codec/angular_temporary3__1_i_44_n_0
    SLICE_X34Y180        LUT6 (Prop_G6LUT_SLICEM_I4_O)
                                                      0.137    10.071 f  candidate_lanes[1].lane_pe/codec/angular_temporary3__1_i_16/O
                         net (fo=1, routed)           0.021    10.092    candidate_lanes[1].lane_pe/codec/angular_temporary3__1_i_16_n_0
    SLICE_X34Y180        MUXF7 (Prop_F7MUX_GH_SLICEM_I1_O)
                                                      0.102    10.194 f  candidate_lanes[1].lane_pe/codec/angular_temporary3__1_i_4/O
                         net (fo=3, routed)           0.264    10.457    candidate_lanes[1].lane_pe/codec/angular_temporary3__1/A[4]
    DSP48E2_X8Y72        DSP_A_B_DATA (Prop_DSP_A_B_DATA_DSP48E2_A[4]_A2_DATA[4])
                                                      0.258    10.715 r  candidate_lanes[1].lane_pe/codec/angular_temporary3__1/DSP_A_B_DATA_INST/A2_DATA[4]
                         net (fo=1, routed)           0.000    10.715    candidate_lanes[1].lane_pe/codec/angular_temporary3__1/DSP_A_B_DATA.A2_DATA<4>
    DSP48E2_X8Y72        DSP_PREADD_DATA (Prop_DSP_PREADD_DATA_DSP48E2_A2_DATA[4]_A2A1[4])
                                                      0.114    10.829 r  candidate_lanes[1].lane_pe/codec/angular_temporary3__1/DSP_PREADD_DATA_INST/A2A1[4]
                         net (fo=1, routed)           0.000    10.829    candidate_lanes[1].lane_pe/codec/angular_temporary3__1/DSP_PREADD_DATA.A2A1<4>
    DSP48E2_X8Y72        DSP_MULTIPLIER (Prop_DSP_MULTIPLIER_DSP48E2_A2A1[4]_U[25])
                                                      0.700    11.529 f  candidate_lanes[1].lane_pe/codec/angular_temporary3__1/DSP_MULTIPLIER_INST/U[25]
                         net (fo=1, routed)           0.000    11.529    candidate_lanes[1].lane_pe/codec/angular_temporary3__1/DSP_MULTIPLIER.U<25>
    DSP48E2_X8Y72        DSP_M_DATA (Prop_DSP_M_DATA_DSP48E2_U[25]_U_DATA[25])
                                                      0.067    11.596 r  candidate_lanes[1].lane_pe/codec/angular_temporary3__1/DSP_M_DATA_INST/U_DATA[25]
                         net (fo=1, routed)           0.000    11.596    candidate_lanes[1].lane_pe/codec/angular_temporary3__1/DSP_M_DATA.U_DATA<25>
    DSP48E2_X8Y72        DSP_ALU (Prop_DSP_ALU_DSP48E2_U_DATA[25]_ALU_OUT[47])
                                                      0.727    12.323 f  candidate_lanes[1].lane_pe/codec/angular_temporary3__1/DSP_ALU_INST/ALU_OUT[47]
                         net (fo=1, routed)           0.000    12.323    candidate_lanes[1].lane_pe/codec/angular_temporary3__1/DSP_ALU.ALU_OUT<47>
    DSP48E2_X8Y72        DSP_OUTPUT (Prop_DSP_OUTPUT_DSP48E2_ALU_OUT[47]_PCOUT[47])
                                                      0.167    12.490 r  candidate_lanes[1].lane_pe/codec/angular_temporary3__1/DSP_OUTPUT_INST/PCOUT[47]
                         net (fo=1, routed)           0.014    12.504    candidate_lanes[1].lane_pe/codec/angular_temporary3__2/PCIN[47]
    DSP48E2_X8Y73        DSP_ALU (Prop_DSP_ALU_DSP48E2_PCIN[47]_ALU_OUT[14])
                                                      0.739    13.243 r  candidate_lanes[1].lane_pe/codec/angular_temporary3__2/DSP_ALU_INST/ALU_OUT[14]
                         net (fo=1, routed)           0.000    13.243    candidate_lanes[1].lane_pe/codec/angular_temporary3__2/DSP_ALU.ALU_OUT<14>
    DSP48E2_X8Y73        DSP_OUTPUT (Prop_DSP_OUTPUT_DSP48E2_ALU_OUT[14]_P[14])
                                                      0.146    13.389 f  candidate_lanes[1].lane_pe/codec/angular_temporary3__2/DSP_OUTPUT_INST/P[14]
                         net (fo=17, routed)          0.732    14.121    candidate_lanes[1].lane_pe/codec/angular_temporary1__1/A[17]
    DSP48E2_X8Y64        DSP_A_B_DATA (Prop_DSP_A_B_DATA_DSP48E2_A[17]_A_ALU[17])
                                                      0.265    14.386 r  candidate_lanes[1].lane_pe/codec/angular_temporary1__1/DSP_A_B_DATA_INST/A_ALU[17]
                         net (fo=1, routed)           0.000    14.386    candidate_lanes[1].lane_pe/codec/angular_temporary1__1/DSP_A_B_DATA.A_ALU<17>
    DSP48E2_X8Y64        DSP_ALU (Prop_DSP_ALU_DSP48E2_A_ALU[17]_ALU_OUT[47])
                                                      0.726    15.112 f  candidate_lanes[1].lane_pe/codec/angular_temporary1__1/DSP_ALU_INST/ALU_OUT[47]
                         net (fo=1, routed)           0.000    15.112    candidate_lanes[1].lane_pe/codec/angular_temporary1__1/DSP_ALU.ALU_OUT<47>
    DSP48E2_X8Y64        DSP_OUTPUT (Prop_DSP_OUTPUT_DSP48E2_ALU_OUT[47]_PCOUT[47])
                                                      0.167    15.279 r  candidate_lanes[1].lane_pe/codec/angular_temporary1__1/DSP_OUTPUT_INST/PCOUT[47]
                         net (fo=1, routed)           0.014    15.293    candidate_lanes[1].lane_pe/codec/angular_temporary1__2/PCIN[47]
    DSP48E2_X8Y65        DSP_ALU (Prop_DSP_ALU_DSP48E2_PCIN[47]_ALU_OUT[7])
                                                      0.739    16.032 f  candidate_lanes[1].lane_pe/codec/angular_temporary1__2/DSP_ALU_INST/ALU_OUT[7]
                         net (fo=1, routed)           0.000    16.032    candidate_lanes[1].lane_pe/codec/angular_temporary1__2/DSP_ALU.ALU_OUT<7>
    DSP48E2_X8Y65        DSP_OUTPUT (Prop_DSP_OUTPUT_DSP48E2_ALU_OUT[7]_P[7])
                                                      0.146    16.178 r  candidate_lanes[1].lane_pe/codec/angular_temporary1__2/DSP_OUTPUT_INST/P[7]
                         net (fo=2, routed)           0.397    16.575    candidate_lanes[1].lane_pe/codec/angular_temporary1__2_n_98
    SLICE_X33Y155        LUT3 (Prop_A6LUT_SLICEL_I0_O)
                                                      0.225    16.800 r  candidate_lanes[1].lane_pe/codec/i___1_i_267/O
                         net (fo=2, routed)           0.098    16.898    candidate_lanes[1].lane_pe/codec/i___1_i_267_n_0
    SLICE_X32Y155        LUT6 (Prop_C6LUT_SLICEM_I0_O)
                                                      0.149    17.047 r  candidate_lanes[1].lane_pe/codec/i___1_i_275/O
                         net (fo=1, routed)           0.029    17.076    candidate_lanes[1].lane_pe/codec/i___1_i_275_n_0
    SLICE_X32Y155        CARRY8 (Prop_CARRY8_SLICEM_S[2]_CO[7])
                                                      0.229    17.305 r  candidate_lanes[1].lane_pe/codec/i___1_i_191/CO[7]
                         net (fo=1, routed)           0.030    17.335    candidate_lanes[1].lane_pe/codec/i___1_i_191_n_0
    SLICE_X32Y156        CARRY8 (Prop_CARRY8_SLICEM_CI_CO[7])
                                                      0.065    17.400 r  candidate_lanes[1].lane_pe/codec/i___283_i_72/CO[7]
                         net (fo=1, routed)           0.030    17.430    candidate_lanes[1].lane_pe/codec/i___283_i_72_n_0
    SLICE_X32Y157        CARRY8 (Prop_CARRY8_SLICEM_CI_CO[7])
                                                      0.065    17.495 r  candidate_lanes[1].lane_pe/codec/i___283_i_70/CO[7]
                         net (fo=1, routed)           0.030    17.525    candidate_lanes[1].lane_pe/codec/i___283_i_70_n_0
    SLICE_X32Y158        CARRY8 (Prop_CARRY8_SLICEM_CI_O[2])
                                                      0.093    17.618 f  candidate_lanes[1].lane_pe/codec/i___111_i_30/O[2]
                         net (fo=3, routed)           0.290    17.908    candidate_lanes[1].lane_pe/codec/i___111_i_30_n_13
    SLICE_X33Y157        LUT2 (Prop_B6LUT_SLICEL_I1_O)
                                                      0.224    18.132 r  candidate_lanes[1].lane_pe/codec/i___111_i_35/O
                         net (fo=1, routed)           0.013    18.145    candidate_lanes[1].lane_pe/codec/i___111_i_35_n_0
    SLICE_X33Y157        CARRY8 (Prop_CARRY8_SLICEL_S[1]_CO[3])
                                                      0.250    18.395 r  candidate_lanes[1].lane_pe/codec/i___111_i_29/CO[3]
                         net (fo=27, routed)          0.251    18.646    candidate_lanes[1].lane_pe/codec/i___111_i_29_n_4
    SLICE_X33Y154        LUT3 (Prop_A6LUT_SLICEL_I1_O)
                                                      0.058    18.704 r  candidate_lanes[1].lane_pe/codec/i___1_i_138/O
                         net (fo=1, routed)           0.050    18.754    candidate_lanes[1].lane_pe/codec/i___1_i_138_n_0
    SLICE_X33Y154        LUT5 (Prop_B6LUT_SLICEL_I0_O)
                                                      0.138    18.892 r  candidate_lanes[1].lane_pe/codec/i___1_i_70__4/O
                         net (fo=2, routed)           0.403    19.295    candidate_lanes[1].lane_pe/codec/angular_temporary1_out[3]
    SLICE_X32Y143        LUT5 (Prop_H6LUT_SLICEM_I2_O)
                                                      0.154    19.449 r  candidate_lanes[1].lane_pe/codec/i___1_i_33__4/O
                         net (fo=2, routed)           0.514    19.963    candidate_lanes[1].lane_pe/codec/i___1_i_33__4_n_0
    SLICE_X29Y125        LUT5 (Prop_D6LUT_SLICEM_I4_O)
                                                      0.185    20.148 r  candidate_lanes[1].lane_pe/codec/i___1_i_8__6/O
                         net (fo=1, routed)           0.032    20.180    candidate_lanes[1].lane_pe/codec/i___1_i_8__6_n_0
    SLICE_X29Y125        CARRY8 (Prop_CARRY8_SLICEM_S[3]_O[5])
                                                      0.262    20.442 r  candidate_lanes[1].lane_pe/codec/i___1_i_1__0/O[5]
                         net (fo=25, routed)          0.525    20.967    candidate_lanes[1].lane_pe/codec/codec_residual[32]
    SLICE_X31Y103        LUT2 (Prop_F6LUT_SLICEM_I1_O)
                                                      0.224    21.191 r  candidate_lanes[1].lane_pe/codec/i___4/i___280/O
                         net (fo=1, routed)           0.029    21.220    candidate_lanes[1].lane_pe/codec/i___4/i___280_n_0
    SLICE_X31Y103        CARRY8 (Prop_CARRY8_SLICEM_S[5]_CO[7])
                                                      0.238    21.458 r  candidate_lanes[1].lane_pe/codec/(null)[0].value4__5_i_397/CO[7]
                         net (fo=1, routed)           0.030    21.488    candidate_lanes[1].lane_pe/codec/(null)[0].value4__5_i_397_n_0
    SLICE_X31Y104        CARRY8 (Prop_CARRY8_SLICEM_CI_O[0])
                                                      0.078    21.566 r  candidate_lanes[1].lane_pe/codec/(null)[0].value4__5_i_715/O[0]
                         net (fo=3, routed)           0.228    21.794    candidate_lanes[1].lane_pe/codec/(null)[0].value4__5_i_715_n_15
    SLICE_X30Y102        LUT4 (Prop_D6LUT_SLICEL_I3_O)
                                                      0.185    21.979 r  candidate_lanes[1].lane_pe/codec/(null)[0].value4__5_i_575/O
                         net (fo=1, routed)           0.013    21.992    candidate_lanes[1].lane_pe/codec/(null)[0].value4__5_i_575_n_0
    SLICE_X30Y102        CARRY8 (Prop_CARRY8_SLICEL_S[3]_O[4])
                                                      0.208    22.200 r  candidate_lanes[1].lane_pe/codec/(null)[0].value4__5_i_393/O[4]
                         net (fo=3, routed)           0.343    22.542    candidate_lanes[1].lane_pe/codec/(null)[0].value4__5_i_393_n_11
    SLICE_X32Y103        LUT3 (Prop_E6LUT_SLICEM_I0_O)
                                                      0.138    22.680 r  candidate_lanes[1].lane_pe/codec/(null)[0].value4__5_i_693/O
                         net (fo=2, routed)           0.211    22.891    candidate_lanes[1].lane_pe/codec/(null)[0].value4__5_i_693_n_0
    SLICE_X32Y103        LUT5 (Prop_H6LUT_SLICEM_I1_O)
                                                      0.228    23.119 r  candidate_lanes[1].lane_pe/codec/(null)[0].value4__5_i_484/O
                         net (fo=2, routed)           0.466    23.586    candidate_lanes[1].lane_pe/codec/(null)[0].value4__5_i_484_n_0
    SLICE_X34Y101        LUT6 (Prop_B6LUT_SLICEM_I0_O)
                                                      0.152    23.738 r  candidate_lanes[1].lane_pe/codec/(null)[0].value4__5_i_492/O
                         net (fo=1, routed)           0.022    23.760    candidate_lanes[1].lane_pe/codec/(null)[0].value4__5_i_492_n_0
    SLICE_X34Y101        CARRY8 (Prop_CARRY8_SLICEM_S[1]_O[5])
                                                      0.333    24.093 r  candidate_lanes[1].lane_pe/codec/(null)[0].value4__5_i_377/O[5]
                         net (fo=27, routed)          1.669    25.761    candidate_lanes[1].lane_pe/codec/(null)[0].value4__5_i_377_n_10
    SLICE_X10Y56         LUT2 (Prop_E6LUT_SLICEM_I0_O)
                                                      0.223    25.984 r  candidate_lanes[1].lane_pe/codec/(null)[0].value4__1__1_i_452/O
                         net (fo=1, routed)           0.018    26.002    candidate_lanes[1].lane_pe/codec/(null)[0].value4__1__1_i_452_n_0
    SLICE_X10Y56         CARRY8 (Prop_CARRY8_SLICEM_S[4]_CO[7])
                                                      0.236    26.238 r  candidate_lanes[1].lane_pe/codec/(null)[0].value4__1__1_i_318/CO[7]
                         net (fo=1, routed)           0.030    26.268    candidate_lanes[1].lane_pe/codec/(null)[0].value4__1__1_i_318_n_0
    SLICE_X10Y57         CARRY8 (Prop_CARRY8_SLICEM_CI_O[1])
                                                      0.106    26.374 r  candidate_lanes[1].lane_pe/codec/(null)[0].value4__1__1_i_317/O[1]
                         net (fo=3, routed)           0.333    26.707    candidate_lanes[1].lane_pe/codec/(null)[0].value4__1__1_i_317_n_14
    SLICE_X9Y55          LUT4 (Prop_H6LUT_SLICEL_I2_O)
                                                      0.188    26.895 r  candidate_lanes[1].lane_pe/codec/(null)[0].value4__1__1_i_214/O
                         net (fo=1, routed)           0.015    26.910    candidate_lanes[1].lane_pe/codec/(null)[0].value4__1__1_i_214_n_0
    SLICE_X9Y55          CARRY8 (Prop_CARRY8_SLICEL_S[7]_CO[7])
                                                      0.172    27.082 r  candidate_lanes[1].lane_pe/codec/(null)[0].value4__1__1_i_90/CO[7]
                         net (fo=1, routed)           0.030    27.112    candidate_lanes[1].lane_pe/codec/(null)[0].value4__1__1_i_90_n_0
    SLICE_X9Y56          CARRY8 (Prop_CARRY8_SLICEL_CI_O[0])
                                                      0.078    27.190 r  candidate_lanes[1].lane_pe/codec/clip164__3__0_i_109/O[0]
                         net (fo=3, routed)           0.339    27.529    candidate_lanes[1].lane_pe/codec/transformed51_in__1[19]
    SLICE_X10Y54         LUT5 (Prop_G6LUT_SLICEM_I3_O)
                                                      0.137    27.666 r  candidate_lanes[1].lane_pe/codec/(null)[0].value4__1__1_i_123/O
                         net (fo=2, routed)           0.289    27.955    candidate_lanes[1].lane_pe/codec/(null)[0].value4__1__1_i_123_n_0
    SLICE_X8Y55          LUT6 (Prop_H6LUT_SLICEM_I5_O)
                                                      0.060    28.015 r  candidate_lanes[1].lane_pe/codec/(null)[0].value4__1__1_i_48/O
                         net (fo=2, routed)           0.167    28.183    candidate_lanes[1].lane_pe/codec/(null)[0].value4__1__1_i_48_n_0
    SLICE_X8Y53          LUT3 (Prop_F6LUT_SLICEM_I0_O)
                                                      0.149    28.332 r  candidate_lanes[1].lane_pe/codec/(null)[0].value4__1__1_i_56/O
                         net (fo=1, routed)           0.029    28.361    candidate_lanes[1].lane_pe/codec/(null)[0].value4__1__1_i_56_n_0
    SLICE_X8Y53          CARRY8 (Prop_CARRY8_SLICEM_S[5]_CO[7])
                                                      0.238    28.599 r  candidate_lanes[1].lane_pe/codec/(null)[0].value4__1__1_i_19/CO[7]
                         net (fo=1, routed)           0.030    28.629    candidate_lanes[1].lane_pe/codec/(null)[0].value4__1__1_i_19_n_0
    SLICE_X8Y54          CARRY8 (Prop_CARRY8_SLICEM_CI_O[0])
                                                      0.078    28.707 f  candidate_lanes[1].lane_pe/codec/clip164__3__0_i_19/O[0]
                         net (fo=2, routed)           0.500    29.206    candidate_lanes[1].lane_pe/codec/codec_transformed__0[112]
    SLICE_X9Y43          LUT1 (Prop_H6LUT_SLICEL_I0_O)
                                                      0.083    29.289 r  candidate_lanes[1].lane_pe/codec/(null)[0].value4__1__1_i_38/O
                         net (fo=1, routed)           0.015    29.304    candidate_lanes[1].lane_pe/codec/(null)[0].value4__1__1_i_38_n_0
    SLICE_X9Y43          CARRY8 (Prop_CARRY8_SLICEL_S[7]_O[7])
                                                      0.079    29.383 f  candidate_lanes[1].lane_pe/codec/i_/(null)[0].value4__1__1_i_18/O[7]
                         net (fo=1, routed)           0.228    29.611    candidate_lanes[1].lane_pe/codec/i_/(null)[0].value4__1__1_i_18_n_8
    SLICE_X10Y43         LUT3 (Prop_H6LUT_SLICEM_I0_O)
                                                      0.228    29.839 f  candidate_lanes[1].lane_pe/codec/(null)[0].value4__1__1_i_1/O
                         net (fo=1, routed)           0.388    30.227    candidate_lanes[1].lane_pe/codec/(null)[0].value4__1__1/A[16]
    DSP48E2_X3Y16        DSP_A_B_DATA (Prop_DSP_A_B_DATA_DSP48E2_A[16]_A2_DATA[16])
                                                      0.258    30.485 r  candidate_lanes[1].lane_pe/codec/(null)[0].value4__1__1/DSP_A_B_DATA_INST/A2_DATA[16]
                         net (fo=1, routed)           0.000    30.485    candidate_lanes[1].lane_pe/codec/(null)[0].value4__1__1/DSP_A_B_DATA.A2_DATA<16>
    DSP48E2_X3Y16        DSP_PREADD_DATA (Prop_DSP_PREADD_DATA_DSP48E2_A2_DATA[16]_A2A1[16])
                                                      0.114    30.599 r  candidate_lanes[1].lane_pe/codec/(null)[0].value4__1__1/DSP_PREADD_DATA_INST/A2A1[16]
                         net (fo=1, routed)           0.000    30.599    candidate_lanes[1].lane_pe/codec/(null)[0].value4__1__1/DSP_PREADD_DATA.A2A1<16>
    DSP48E2_X3Y16        DSP_MULTIPLIER (Prop_DSP_MULTIPLIER_DSP48E2_A2A1[16]_U[36])
                                                      0.700    31.299 f  candidate_lanes[1].lane_pe/codec/(null)[0].value4__1__1/DSP_MULTIPLIER_INST/U[36]
                         net (fo=1, routed)           0.000    31.299    candidate_lanes[1].lane_pe/codec/(null)[0].value4__1__1/DSP_MULTIPLIER.U<36>
    DSP48E2_X3Y16        DSP_M_DATA (Prop_DSP_M_DATA_DSP48E2_U[36]_U_DATA[36])
                                                      0.067    31.366 r  candidate_lanes[1].lane_pe/codec/(null)[0].value4__1__1/DSP_M_DATA_INST/U_DATA[36]
                         net (fo=1, routed)           0.000    31.366    candidate_lanes[1].lane_pe/codec/(null)[0].value4__1__1/DSP_M_DATA.U_DATA<36>
    DSP48E2_X3Y16        DSP_ALU (Prop_DSP_ALU_DSP48E2_U_DATA[36]_ALU_OUT[47])
                                                      0.727    32.093 f  candidate_lanes[1].lane_pe/codec/(null)[0].value4__1__1/DSP_ALU_INST/ALU_OUT[47]
                         net (fo=1, routed)           0.000    32.093    candidate_lanes[1].lane_pe/codec/(null)[0].value4__1__1/DSP_ALU.ALU_OUT<47>
    DSP48E2_X3Y16        DSP_OUTPUT (Prop_DSP_OUTPUT_DSP48E2_ALU_OUT[47]_PCOUT[47])
                                                      0.167    32.260 r  candidate_lanes[1].lane_pe/codec/(null)[0].value4__1__1/DSP_OUTPUT_INST/PCOUT[47]
                         net (fo=1, routed)           0.014    32.274    candidate_lanes[1].lane_pe/codec/(null)[0].value4__2__1/PCIN[47]
    DSP48E2_X3Y17        DSP_ALU (Prop_DSP_ALU_DSP48E2_PCIN[47]_ALU_OUT[3])
                                                      0.739    33.013 f  candidate_lanes[1].lane_pe/codec/(null)[0].value4__2__1/DSP_ALU_INST/ALU_OUT[3]
                         net (fo=1, routed)           0.000    33.013    candidate_lanes[1].lane_pe/codec/(null)[0].value4__2__1/DSP_ALU.ALU_OUT<3>
    DSP48E2_X3Y17        DSP_OUTPUT (Prop_DSP_OUTPUT_DSP48E2_ALU_OUT[3]_P[3])
                                                      0.146    33.159 r  candidate_lanes[1].lane_pe/codec/(null)[0].value4__2__1/DSP_OUTPUT_INST/P[3]
                         net (fo=2, routed)           0.373    33.532    candidate_lanes[1].lane_pe/codec/(null)[0].value4__2__1_n_102
    SLICE_X12Y42         LUT6 (Prop_E6LUT_SLICEM_I5_O)
                                                      0.223    33.755 r  candidate_lanes[1].lane_pe/codec/clip164__3__0_i_181/O
                         net (fo=1, routed)           0.018    33.773    candidate_lanes[1].lane_pe/codec/clip164__3__0_i_181_n_0
    SLICE_X12Y42         CARRY8 (Prop_CARRY8_SLICEM_S[4]_CO[7])
                                                      0.236    34.009 r  candidate_lanes[1].lane_pe/codec/i_/clip164__3__0_i_93/CO[7]
                         net (fo=1, routed)           0.030    34.039    candidate_lanes[1].lane_pe/codec/i_/clip164__3__0_i_93_n_0
    SLICE_X12Y43         CARRY8 (Prop_CARRY8_SLICEM_CI_O[1])
                                                      0.106    34.145 f  candidate_lanes[1].lane_pe/codec/i_/clip164__3__0_i_75/O[1]
                         net (fo=4, routed)           0.935    35.080    candidate_lanes[1].lane_pe/codec/i_/clip164__3__0_i_75_n_14
    SLICE_X8Y64          LUT4 (Prop_D6LUT_SLICEM_I3_O)
                                                      0.080    35.160 r  candidate_lanes[1].lane_pe/codec/clip164__3__0_i_94/O
                         net (fo=1, routed)           0.200    35.360    candidate_lanes[1].lane_pe/codec/clip164__3__0_i_94_n_0
    SLICE_X5Y64          LUT5 (Prop_D6LUT_SLICEM_I4_O)
                                                      0.220    35.580 r  candidate_lanes[1].lane_pe/codec/clip164__3__0_i_38/O
                         net (fo=2, routed)           0.304    35.884    candidate_lanes[1].lane_pe/codec/clip164__3__0_i_85_n_0
    SLICE_X4Y66          CARRY8 (Prop_CARRY8_SLICEM_S[0]_CO[7])
                                                      0.281    36.165 r  candidate_lanes[1].lane_pe/codec/i_/clip164__3__0_i_30/CO[7]
                         net (fo=1, routed)           0.030    36.195    candidate_lanes[1].lane_pe/codec/i_/clip164__3__0_i_30_n_0
    SLICE_X4Y67          CARRY8 (Prop_CARRY8_SLICEM_CI_CO[7])
                                                      0.065    36.260 r  candidate_lanes[1].lane_pe/codec/i_/clip164__3__0_i_18/CO[7]
                         net (fo=1, routed)           0.030    36.290    candidate_lanes[1].lane_pe/codec/i_/clip164__3__0_i_18_n_0
    SLICE_X4Y68          CARRY8 (Prop_CARRY8_SLICEM_CI_O[5])
                                                      0.161    36.451 f  candidate_lanes[1].lane_pe/codec/i_/clip164__4__0_i_12/O[5]
                         net (fo=1, routed)           0.154    36.605    candidate_lanes[1].lane_pe/codec/i_/clip164__4__0_i_12_n_10
    SLICE_X4Y69          LUT3 (Prop_B6LUT_SLICEM_I0_O)
                                                      0.137    36.742 f  candidate_lanes[1].lane_pe/codec/clip164__4__0_i_14/O
                         net (fo=5, routed)           0.354    37.096    candidate_lanes[1].lane_pe/codec/clip164__4__0_i_14_n_0
    SLICE_X5Y70          LUT6 (Prop_H6LUT_SLICEM_I5_O)
                                                      0.138    37.234 f  candidate_lanes[1].lane_pe/codec/clip164__3__0_i_324/O
                         net (fo=1, routed)           0.262    37.496    candidate_lanes[1].lane_pe/codec/clip164__3__0_i_324_n_0
    SLICE_X4Y70          CARRY8 (Prop_CARRY8_SLICEM_DI[4]_CO[7])
                                                      0.137    37.633 f  candidate_lanes[1].lane_pe/codec/i_/clip164__3__0_i_267/CO[7]
                         net (fo=1, routed)           0.030    37.663    candidate_lanes[1].lane_pe/codec/i_/clip164__3__0_i_267_n_0
    SLICE_X4Y71          CARRY8 (Prop_CARRY8_SLICEM_CI_CO[7])
                                                      0.065    37.728 f  candidate_lanes[1].lane_pe/codec/i_/clip164__3__0_i_143/CO[7]
                         net (fo=1, routed)           0.030    37.758    candidate_lanes[1].lane_pe/codec/i_/clip164__3__0_i_143_n_0
    SLICE_X4Y72          CARRY8 (Prop_CARRY8_SLICEM_CI_CO[7])
                                                      0.065    37.823 f  candidate_lanes[1].lane_pe/codec/i_/clip164__3__0_i_66/CO[7]
                         net (fo=1, routed)           0.030    37.853    candidate_lanes[1].lane_pe/codec/i_/clip164__3__0_i_66_n_0
    SLICE_X4Y73          CARRY8 (Prop_CARRY8_SLICEM_CI_CO[0])
                                                      0.074    37.927 f  candidate_lanes[1].lane_pe/codec/i_/clip164__3__0_i_22/CO[0]
                         net (fo=26, routed)          0.408    38.335    candidate_lanes[1].lane_pe/codec/i_/clip164__3__0_i_22_n_7
    SLICE_X4Y65          LUT5 (Prop_C6LUT_SLICEM_I3_O)
                                                      0.186    38.521 f  candidate_lanes[1].lane_pe/codec/clip164__3__0_i_11/O
                         net (fo=1, routed)           0.354    38.875    candidate_lanes[1].lane_pe/codec/clip164__3__0/A[6]
    DSP48E2_X1Y28        DSP_A_B_DATA (Prop_DSP_A_B_DATA_DSP48E2_A[6]_A2_DATA[6])
                                                      0.258    39.133 r  candidate_lanes[1].lane_pe/codec/clip164__3__0/DSP_A_B_DATA_INST/A2_DATA[6]
                         net (fo=1, routed)           0.000    39.133    candidate_lanes[1].lane_pe/codec/clip164__3__0/DSP_A_B_DATA.A2_DATA<6>
    DSP48E2_X1Y28        DSP_PREADD_DATA (Prop_DSP_PREADD_DATA_DSP48E2_A2_DATA[6]_A2A1[6])
                                                      0.114    39.247 r  candidate_lanes[1].lane_pe/codec/clip164__3__0/DSP_PREADD_DATA_INST/A2A1[6]
                         net (fo=1, routed)           0.000    39.247    candidate_lanes[1].lane_pe/codec/clip164__3__0/DSP_PREADD_DATA.A2A1<6>
    DSP48E2_X1Y28        DSP_MULTIPLIER (Prop_DSP_MULTIPLIER_DSP48E2_A2A1[6]_U[27])
                                                      0.700    39.947 f  candidate_lanes[1].lane_pe/codec/clip164__3__0/DSP_MULTIPLIER_INST/U[27]
                         net (fo=1, routed)           0.000    39.947    candidate_lanes[1].lane_pe/codec/clip164__3__0/DSP_MULTIPLIER.U<27>
    DSP48E2_X1Y28        DSP_M_DATA (Prop_DSP_M_DATA_DSP48E2_U[27]_U_DATA[27])
                                                      0.067    40.014 r  candidate_lanes[1].lane_pe/codec/clip164__3__0/DSP_M_DATA_INST/U_DATA[27]
                         net (fo=1, routed)           0.000    40.014    candidate_lanes[1].lane_pe/codec/clip164__3__0/DSP_M_DATA.U_DATA<27>
    DSP48E2_X1Y28        DSP_ALU (Prop_DSP_ALU_DSP48E2_U_DATA[27]_ALU_OUT[47])
                                                      0.727    40.741 f  candidate_lanes[1].lane_pe/codec/clip164__3__0/DSP_ALU_INST/ALU_OUT[47]
                         net (fo=1, routed)           0.000    40.741    candidate_lanes[1].lane_pe/codec/clip164__3__0/DSP_ALU.ALU_OUT<47>
    DSP48E2_X1Y28        DSP_OUTPUT (Prop_DSP_OUTPUT_DSP48E2_ALU_OUT[47]_PCOUT[47])
                                                      0.167    40.908 r  candidate_lanes[1].lane_pe/codec/clip164__3__0/DSP_OUTPUT_INST/PCOUT[47]
                         net (fo=1, routed)           0.014    40.922    candidate_lanes[1].lane_pe/codec/clip164__4__0/PCIN[47]
    DSP48E2_X1Y29        DSP_ALU (Prop_DSP_ALU_DSP48E2_PCIN[47]_ALU_OUT[5])
                                                      0.739    41.661 r  candidate_lanes[1].lane_pe/codec/clip164__4__0/DSP_ALU_INST/ALU_OUT[5]
                         net (fo=1, routed)           0.000    41.661    candidate_lanes[1].lane_pe/codec/clip164__4__0/DSP_ALU.ALU_OUT<5>
    DSP48E2_X1Y29        DSP_OUTPUT (Prop_DSP_OUTPUT_DSP48E2_ALU_OUT[5]_P[5])
                                                      0.146    41.807 f  candidate_lanes[1].lane_pe/codec/clip164__4__0/DSP_OUTPUT_INST/P[5]
                         net (fo=4, routed)           0.538    42.345    candidate_lanes[1].lane_pe/codec/clip164__4__0_n_100
    SLICE_X3Y73          LUT6 (Prop_B6LUT_SLICEL_I1_O)
                                                      0.152    42.497 f  candidate_lanes[1].lane_pe/codec/i___96_i_148/O
                         net (fo=7, routed)           0.243    42.740    candidate_lanes[1].lane_pe/codec/i___96_i_148_n_0
    SLICE_X4Y75          LUT2 (Prop_F6LUT_SLICEM_I1_O)
                                                      0.224    42.964 r  candidate_lanes[1].lane_pe/codec/i___16_i_721/O
                         net (fo=1, routed)           0.029    42.993    candidate_lanes[1].lane_pe/codec/i___16_i_721_n_0
    SLICE_X4Y75          CARRY8 (Prop_CARRY8_SLICEM_S[5]_CO[7])
                                                      0.238    43.231 r  candidate_lanes[1].lane_pe/codec/i___16_i_543/CO[7]
                         net (fo=1, routed)           0.030    43.261    candidate_lanes[1].lane_pe/codec/i___16_i_543_n_0
    SLICE_X4Y76          CARRY8 (Prop_CARRY8_SLICEM_CI_CO[7])
                                                      0.065    43.326 r  candidate_lanes[1].lane_pe/codec/i___16_i_392/CO[7]
                         net (fo=1, routed)           0.030    43.356    candidate_lanes[1].lane_pe/codec/i___16_i_392_n_0
    SLICE_X4Y77          CARRY8 (Prop_CARRY8_SLICEM_CI_CO[7])
                                                      0.065    43.421 r  candidate_lanes[1].lane_pe/codec/i___16_i_238/CO[7]
                         net (fo=1, routed)           0.030    43.451    candidate_lanes[1].lane_pe/codec/i___16_i_238_n_0
    SLICE_X4Y78          CARRY8 (Prop_CARRY8_SLICEM_CI_CO[0])
                                                      0.074    43.525 r  candidate_lanes[1].lane_pe/codec/i___16_i_109/CO[0]
                         net (fo=250, routed)         0.760    44.285    candidate_lanes[1].lane_pe/codec/clip161__2__0
    SLICE_X3Y104         LUT5 (Prop_F6LUT_SLICEL_I3_O)
                                                      0.187    44.472 r  candidate_lanes[1].lane_pe/codec/i___286_i_78__0/O
                         net (fo=25, routed)          0.285    44.757    candidate_lanes[1].lane_pe/codec/codec_dequantized__1[59]
    SLICE_X5Y102         LUT3 (Prop_A5LUT_SLICEM_I2_O)
                                                      0.225    44.982 r  candidate_lanes[1].lane_pe/codec/i_/i___218_i_69/O
                         net (fo=2, routed)           0.463    45.445    candidate_lanes[1].lane_pe/codec/i_/i___218_i_69_n_0
    SLICE_X5Y102         LUT4 (Prop_B6LUT_SLICEM_I3_O)
                                                      0.152    45.597 r  candidate_lanes[1].lane_pe/codec/i_/i___218_i_77/O
                         net (fo=1, routed)           0.022    45.619    candidate_lanes[1].lane_pe/codec/i_/i___218_i_77_n_0
    SLICE_X5Y102         CARRY8 (Prop_CARRY8_SLICEM_S[1]_O[7])
                                                      0.334    45.953 r  candidate_lanes[1].lane_pe/codec/i_/i___218_i_24/O[7]
                         net (fo=2, routed)           0.613    46.566    candidate_lanes[1].lane_pe/codec/(null)[0].value40_in__0__0[20]
    SLICE_X15Y104        LUT5 (Prop_C6LUT_SLICEL_I0_O)
                                                      0.136    46.702 r  candidate_lanes[1].lane_pe/codec/i___218_i_6__1/O
                         net (fo=2, routed)           0.450    47.152    candidate_lanes[1].lane_pe/codec/i___218_i_6__1_n_0
    SLICE_X14Y102        LUT6 (Prop_E6LUT_SLICEL_I0_O)
                                                      0.223    47.375 r  candidate_lanes[1].lane_pe/codec/i_/i___218_i_14/O
                         net (fo=1, routed)           0.011    47.386    candidate_lanes[1].lane_pe/codec/i_/i___218_i_14_n_0
    SLICE_X14Y102        CARRY8 (Prop_CARRY8_SLICEL_S[4]_CO[7])
                                                      0.232    47.618 r  candidate_lanes[1].lane_pe/codec/i_/i___218_i_2/CO[7]
                         net (fo=1, routed)           0.030    47.648    candidate_lanes[1].lane_pe/codec/i_/i___218_i_2_n_0
    SLICE_X14Y103        CARRY8 (Prop_CARRY8_SLICEL_CI_O[1])
                                                      0.106    47.754 r  candidate_lanes[1].lane_pe/codec/i_/i___221_i_5/O[1]
                         net (fo=1, routed)           0.454    48.208    candidate_lanes[1].lane_pe/codec/i_/i___221_i_5_n_14
    SLICE_X17Y103        CARRY8 (Prop_CARRY8_SLICEM_S[5]_CO[7])
                                                      0.238    48.446 r  candidate_lanes[1].lane_pe/codec/i_/i___218_i_1/CO[7]
                         net (fo=1, routed)           0.030    48.476    candidate_lanes[1].lane_pe/codec/i_/i___218_i_1_n_0
    SLICE_X17Y104        CARRY8 (Prop_CARRY8_SLICEM_CI_CO[3])
                                                      0.082    48.558 r  candidate_lanes[1].lane_pe/codec/i_/i___221_i_2/CO[3]
                         net (fo=103, routed)         0.623    49.181    candidate_lanes[1].lane_pe/codec/i_/i___221_i_2_n_4
    SLICE_X22Y121        LUT2 (Prop_F6LUT_SLICEL_I0_O)
                                                      0.187    49.368 r  candidate_lanes[1].lane_pe/codec/i___221_i_81__0/O
                         net (fo=1, routed)           0.015    49.383    candidate_lanes[1].lane_pe/codec/i___221_i_81__0_n_0
    SLICE_X22Y121        CARRY8 (Prop_CARRY8_SLICEL_S[5]_CO[7])
                                                      0.232    49.615 f  candidate_lanes[1].lane_pe/codec/i_/i___221_i_39/CO[7]
                         net (fo=1, routed)           0.030    49.645    candidate_lanes[1].lane_pe/codec/i_/i___221_i_39_n_0
    SLICE_X22Y122        CARRY8 (Prop_CARRY8_SLICEL_CI_CO[7])
                                                      0.065    49.710 f  candidate_lanes[1].lane_pe/codec/i_/i___221_i_8/CO[7]
                         net (fo=1, routed)           0.030    49.740    candidate_lanes[1].lane_pe/codec/i_/i___221_i_8_n_0
    SLICE_X22Y123        CARRY8 (Prop_CARRY8_SLICEL_CI_CO[7])
                                                      0.065    49.805 f  candidate_lanes[1].lane_pe/codec/i_/i___221_i_4/CO[7]
                         net (fo=1, routed)           0.030    49.835    candidate_lanes[1].lane_pe/codec/i_/i___221_i_4_n_0
    SLICE_X22Y124        CARRY8 (Prop_CARRY8_SLICEL_CI_CO[0])
                                                      0.074    49.909 f  candidate_lanes[1].lane_pe/codec/i_/i___221_i_1/CO[0]
                         net (fo=402, routed)         0.950    50.859    candidate_lanes[1].lane_pe/codec/i_/i___221_i_1_n_7
    SLICE_X23Y138        LUT3 (Prop_B6LUT_SLICEL_I0_O)
                                                      0.138    50.997 r  candidate_lanes[1].lane_pe/codec/i___174_i_2__2/O
                         net (fo=12, routed)          0.199    51.197    candidate_lanes[1].lane_pe/codec/i___91_i_22__0_n_0
    SLICE_X23Y138        LUT4 (Prop_D6LUT_SLICEL_I3_O)
                                                      0.221    51.418 r  candidate_lanes[1].lane_pe/codec/i___1/i___178/O
                         net (fo=1, routed)           0.013    51.431    candidate_lanes[1].lane_pe/codec/i___1/i___178_n_0
    SLICE_X23Y138        CARRY8 (Prop_CARRY8_SLICEL_S[3]_CO[7])
                                                      0.220    51.651 r  candidate_lanes[1].lane_pe/codec/i___91_i_3__0/CO[7]
                         net (fo=1, routed)           0.030    51.681    candidate_lanes[1].lane_pe/codec/i___91_i_3__0_n_0
    SLICE_X23Y139        CARRY8 (Prop_CARRY8_SLICEL_CI_O[3])
                                                      0.114    51.795 r  candidate_lanes[1].lane_pe/codec/i___193_i_1__1/O[3]
                         net (fo=3, routed)           0.410    52.205    candidate_lanes[1].lane_pe/codec/i___193_i_1__1_n_12
    SLICE_X23Y142        LUT6 (Prop_G6LUT_SLICEL_I5_O)
                                                      0.226    52.431 r  candidate_lanes[1].lane_pe/codec/i___223_i_239__0/O
                         net (fo=1, routed)           0.012    52.443    candidate_lanes[1].lane_pe/codec/i___223_i_239__0_n_0
    SLICE_X23Y142        CARRY8 (Prop_CARRY8_SLICEL_S[6]_CO[7])
                                                      0.171    52.614 r  candidate_lanes[1].lane_pe/codec/i___223_i_162__0/CO[7]
                         net (fo=1, routed)           0.030    52.644    candidate_lanes[1].lane_pe/codec/i___223_i_162__0_n_0
    SLICE_X23Y143        CARRY8 (Prop_CARRY8_SLICEL_CI_CO[7])
                                                      0.065    52.709 r  candidate_lanes[1].lane_pe/codec/i___223_i_74__0/CO[7]
                         net (fo=1, routed)           0.030    52.739    candidate_lanes[1].lane_pe/codec/i___223_i_74__0_n_0
    SLICE_X23Y144        CARRY8 (Prop_CARRY8_SLICEL_CI_O[3])
                                                      0.114    52.853 r  candidate_lanes[1].lane_pe/codec/i___223_i_39__1/O[3]
                         net (fo=3, routed)           0.944    53.797    candidate_lanes[1].lane_pe/codec/i___223_i_39__1_n_12
    SLICE_X17Y147        LUT3 (Prop_E6LUT_SLICEM_I0_O)
                                                      0.138    53.935 r  candidate_lanes[1].lane_pe/codec/i___223_i_48__1/O
                         net (fo=2, routed)           0.058    53.993    candidate_lanes[1].lane_pe/codec/i___223_i_48__1_n_0
    SLICE_X17Y147        LUT5 (Prop_D6LUT_SLICEM_I1_O)
                                                      0.134    54.127 r  candidate_lanes[1].lane_pe/codec/i___223_i_11__1/O
                         net (fo=2, routed)           0.278    54.405    candidate_lanes[1].lane_pe/codec/i___223_i_11__1_n_0
    SLICE_X18Y148        LUT6 (Prop_A6LUT_SLICEM_I0_O)
                                                      0.152    54.557 r  candidate_lanes[1].lane_pe/codec/i___223_i_18__1/O
                         net (fo=1, routed)           0.017    54.574    candidate_lanes[1].lane_pe/codec/i___223_i_18__1_n_0
    SLICE_X18Y148        CARRY8 (Prop_CARRY8_SLICEM_S[0]_O[2])
                                                      0.187    54.761 r  candidate_lanes[1].lane_pe/codec/i___223_i_3__0/O[2]
                         net (fo=1, routed)           0.466    55.227    candidate_lanes[1].lane_pe/codec/matrix_sum[27]
    SLICE_X19Y145        CARRY8 (Prop_CARRY8_SLICEL_S[1]_O[4])
                                                      0.279    55.506 r  candidate_lanes[1].lane_pe/codec/i___223_i_1__0/O[4]
                         net (fo=5, routed)           0.819    56.325    candidate_lanes[1].lane_pe/codec/i___223_i_1__0_n_11
    SLICE_X26Y142        LUT2 (Prop_C6LUT_SLICEL_I0_O)
                                                      0.187    56.512 r  candidate_lanes[1].lane_pe/codec/i___4_i_76__1/O
                         net (fo=1, routed)           0.015    56.527    candidate_lanes[1].lane_pe/codec/i___4_i_76__1_n_0
    SLICE_X26Y142        CARRY8 (Prop_CARRY8_SLICEL_S[2]_CO[7])
                                                      0.219    56.746 r  candidate_lanes[1].lane_pe/codec/i___4_i_52__0/CO[7]
                         net (fo=1, routed)           0.030    56.776    candidate_lanes[1].lane_pe/codec/i___4_i_52__0_n_0
    SLICE_X26Y143        CARRY8 (Prop_CARRY8_SLICEL_CI_CO[7])
                                                      0.065    56.841 r  candidate_lanes[1].lane_pe/codec/i___4_i_34__0/CO[7]
                         net (fo=1, routed)           0.030    56.871    candidate_lanes[1].lane_pe/codec/i___4_i_34__0_n_0
    SLICE_X26Y144        CARRY8 (Prop_CARRY8_SLICEL_CI_CO[7])
                                                      0.065    56.936 r  candidate_lanes[1].lane_pe/codec/i___4_i_31__1/CO[7]
                         net (fo=1, routed)           0.030    56.966    candidate_lanes[1].lane_pe/codec/i___4_i_31__1_n_0
    SLICE_X26Y145        CARRY8 (Prop_CARRY8_SLICEL_CI_CO[0])
                                                      0.074    57.040 r  candidate_lanes[1].lane_pe/codec/i___4_i_21__0/CO[0]
                         net (fo=32, routed)          0.340    57.380    candidate_lanes[1].lane_pe/codec/i___4_i_21__0_n_7
    SLICE_X27Y143        LUT4 (Prop_A6LUT_SLICEL_I2_O)
                                                      0.225    57.605 r  candidate_lanes[1].lane_pe/codec/i___211_i_9__0/O
                         net (fo=1, routed)           0.014    57.619    candidate_lanes[1].lane_pe/codec/i___211_i_9__0_n_0
    SLICE_X27Y143        CARRY8 (Prop_CARRY8_SLICEL_S[0]_CO[7])
                                                      0.278    57.897 r  candidate_lanes[1].lane_pe/codec/i___5/i___211_i_1/CO[7]
                         net (fo=1, routed)           0.030    57.927    candidate_lanes[1].lane_pe/codec/i___5/i___211_i_1_n_0
    SLICE_X27Y144        CARRY8 (Prop_CARRY8_SLICEL_CI_CO[7])
                                                      0.065    57.992 r  candidate_lanes[1].lane_pe/codec/i___5/i___110_i_1/CO[7]
                         net (fo=1, routed)           0.030    58.022    candidate_lanes[1].lane_pe/codec/i___5/i___110_i_1_n_0
    SLICE_X27Y145        CARRY8 (Prop_CARRY8_SLICEL_CI_CO[7])
                                                      0.065    58.087 r  candidate_lanes[1].lane_pe/codec/i___5/i___106_i_1/CO[7]
                         net (fo=1, routed)           0.030    58.117    candidate_lanes[1].lane_pe/codec/i___5/i___106_i_1_n_0
    SLICE_X27Y146        CARRY8 (Prop_CARRY8_SLICEL_CI_O[0])
                                                      0.078    58.195 f  candidate_lanes[1].lane_pe/codec/i___5/i___4_i_1__0/O[0]
                         net (fo=3, routed)           0.807    59.002    candidate_lanes[1].lane_pe/codec/i___5/i___4_i_1__0_n_15
    SLICE_X22Y146        LUT2 (Prop_A6LUT_SLICEL_I0_O)
                                                      0.188    59.190 r  candidate_lanes[1].lane_pe/codec/i___5/i___105/O
                         net (fo=1, routed)           0.014    59.204    candidate_lanes[1].lane_pe/codec/i___5/i___105_n_0
    SLICE_X22Y146        CARRY8 (Prop_CARRY8_SLICEL_S[0]_CO[3])
                                                      0.263    59.467 r  candidate_lanes[1].lane_pe/codec/i___5/i___4_i_2/CO[3]
                         net (fo=31, routed)          0.863    60.330    candidate_lanes[1].lane_pe/codec/i___5/i___4_i_2_n_4
    SLICE_X28Y142        LUT4 (Prop_A6LUT_SLICEM_I3_O)
                                                      0.138    60.468 r  candidate_lanes[1].lane_pe/codec/i___5/i___218/O
                         net (fo=1, routed)           0.017    60.485    candidate_lanes[1].lane_pe/codec/i___5/i___218_n_0
    SLICE_X28Y142        CARRY8 (Prop_CARRY8_SLICEM_S[0]_CO[7])
                                                      0.281    60.766 r  candidate_lanes[1].lane_pe/codec/i___5/distortion1_i_4/CO[7]
                         net (fo=1, routed)           0.030    60.796    candidate_lanes[1].lane_pe/codec/i___5/distortion1_i_4_n_0
    SLICE_X28Y143        CARRY8 (Prop_CARRY8_SLICEM_CI_O[7])
                                                      0.171    60.967 f  candidate_lanes[1].lane_pe/codec/i___5/distortion1_i_3/O[7]
                         net (fo=4, routed)           0.693    61.660    candidate_lanes[1].lane_pe/codec/distortion1__0/B[15]
    DSP48E2_X6Y60        DSP_A_B_DATA (Prop_DSP_A_B_DATA_DSP48E2_B[15]_B2_DATA[15])
                                                      0.216    61.876 r  candidate_lanes[1].lane_pe/codec/distortion1__0/DSP_A_B_DATA_INST/B2_DATA[15]
                         net (fo=1, routed)           0.000    61.876    candidate_lanes[1].lane_pe/codec/distortion1__0/DSP_A_B_DATA.B2_DATA<15>
    DSP48E2_X6Y60        DSP_PREADD_DATA (Prop_DSP_PREADD_DATA_DSP48E2_B2_DATA[15]_B2B1[15])
                                                      0.097    61.973 r  candidate_lanes[1].lane_pe/codec/distortion1__0/DSP_PREADD_DATA_INST/B2B1[15]
                         net (fo=1, routed)           0.000    61.973    candidate_lanes[1].lane_pe/codec/distortion1__0/DSP_PREADD_DATA.B2B1<15>
    DSP48E2_X6Y60        DSP_MULTIPLIER (Prop_DSP_MULTIPLIER_DSP48E2_B2B1[15]_U[43])
                                                      0.773    62.746 f  candidate_lanes[1].lane_pe/codec/distortion1__0/DSP_MULTIPLIER_INST/U[43]
                         net (fo=1, routed)           0.000    62.746    candidate_lanes[1].lane_pe/codec/distortion1__0/DSP_MULTIPLIER.U<43>
    DSP48E2_X6Y60        DSP_M_DATA (Prop_DSP_M_DATA_DSP48E2_U[43]_U_DATA[43])
                                                      0.067    62.813 r  candidate_lanes[1].lane_pe/codec/distortion1__0/DSP_M_DATA_INST/U_DATA[43]
                         net (fo=1, routed)           0.000    62.813    candidate_lanes[1].lane_pe/codec/distortion1__0/DSP_M_DATA.U_DATA<43>
    DSP48E2_X6Y60        DSP_ALU (Prop_DSP_ALU_DSP48E2_U_DATA[43]_ALU_OUT[47])
                                                      0.727    63.540 f  candidate_lanes[1].lane_pe/codec/distortion1__0/DSP_ALU_INST/ALU_OUT[47]
                         net (fo=1, routed)           0.000    63.540    candidate_lanes[1].lane_pe/codec/distortion1__0/DSP_ALU.ALU_OUT<47>
    DSP48E2_X6Y60        DSP_OUTPUT (Prop_DSP_OUTPUT_DSP48E2_ALU_OUT[47]_PCOUT[47])
                                                      0.167    63.707 r  candidate_lanes[1].lane_pe/codec/distortion1__0/DSP_OUTPUT_INST/PCOUT[47]
                         net (fo=1, routed)           0.014    63.721    candidate_lanes[1].lane_pe/codec/distortion1__1/PCIN[47]
    DSP48E2_X6Y61        DSP_ALU (Prop_DSP_ALU_DSP48E2_PCIN[47]_ALU_OUT[0])
                                                      0.739    64.460 f  candidate_lanes[1].lane_pe/codec/distortion1__1/DSP_ALU_INST/ALU_OUT[0]
                         net (fo=1, routed)           0.000    64.460    candidate_lanes[1].lane_pe/codec/distortion1__1/DSP_ALU.ALU_OUT<0>
    DSP48E2_X6Y61        DSP_OUTPUT (Prop_DSP_OUTPUT_DSP48E2_ALU_OUT[0]_P[0])
                                                      0.146    64.606 r  candidate_lanes[1].lane_pe/codec/distortion1__1/DSP_OUTPUT_INST/P[0]
                         net (fo=2, routed)           0.725    65.331    candidate_lanes[1].lane_pe/codec/distortion1__1_n_105
    SLICE_X21Y151        LUT2 (Prop_B6LUT_SLICEM_I0_O)
                                                      0.057    65.388 r  candidate_lanes[1].lane_pe/codec/out_distortion[31]_i_524/O
                         net (fo=1, routed)           0.022    65.410    candidate_lanes[1].lane_pe/codec/out_distortion[31]_i_524_n_0
    SLICE_X21Y151        CARRY8 (Prop_CARRY8_SLICEM_S[1]_O[2])
                                                      0.179    65.589 r  candidate_lanes[1].lane_pe/codec/out_distortion_reg[31]_i_440/O[2]
                         net (fo=3, routed)           0.431    66.020    candidate_lanes[1].lane_pe/codec/out_distortion_reg[31]_i_440_n_13
    SLICE_X21Y165        LUT3 (Prop_A6LUT_SLICEM_I1_O)
                                                      0.058    66.078 r  candidate_lanes[1].lane_pe/codec/out_distortion[31]_i_379/O
                         net (fo=1, routed)           0.393    66.471    candidate_lanes[1].lane_pe/codec/out_distortion[31]_i_379_n_0
    SLICE_X21Y174        CARRY8 (Prop_CARRY8_SLICEM_DI[3]_O[5])
                                                      0.268    66.739 r  candidate_lanes[1].lane_pe/codec/out_distortion_reg[31]_i_182/O[5]
                         net (fo=3, routed)           0.592    67.331    candidate_lanes[1].lane_pe/codec/out_distortion_reg[31]_i_182_n_10
    SLICE_X20Y191        LUT6 (Prop_F6LUT_SLICEM_I3_O)
                                                      0.186    67.517 r  candidate_lanes[1].lane_pe/codec/out_distortion[31]_i_138/O
                         net (fo=1, routed)           0.029    67.546    candidate_lanes[1].lane_pe/codec/out_distortion[31]_i_138_n_0
    SLICE_X20Y191        CARRY8 (Prop_CARRY8_SLICEM_S[5]_O[5])
                                                      0.084    67.630 r  candidate_lanes[1].lane_pe/codec/out_distortion_reg[31]_i_30/O[5]
                         net (fo=3, routed)           0.385    68.015    candidate_lanes[1].lane_pe/codec/out_distortion_reg[31]_i_30_n_10
    SLICE_X21Y207        LUT3 (Prop_E5LUT_SLICEM_I1_O)
                                                      0.225    68.240 r  candidate_lanes[1].lane_pe/codec/out_distortion[23]_i_19/O
                         net (fo=2, routed)           0.156    68.396    candidate_lanes[1].lane_pe/codec/out_distortion[23]_i_19_n_0
    SLICE_X22Y207        LUT5 (Prop_H6LUT_SLICEL_I1_O)
                                                      0.188    68.584 r  candidate_lanes[1].lane_pe/codec/out_distortion[23]_i_3/O
                         net (fo=2, routed)           0.124    68.708    candidate_lanes[1].lane_pe/codec/out_distortion[23]_i_3_n_0
    SLICE_X22Y205        LUT6 (Prop_G6LUT_SLICEL_I0_O)
                                                      0.186    68.894 r  candidate_lanes[1].lane_pe/codec/out_distortion[23]_i_11/O
                         net (fo=1, routed)           0.012    68.906    candidate_lanes[1].lane_pe/codec/out_distortion[23]_i_11_n_0
    SLICE_X22Y205        CARRY8 (Prop_CARRY8_SLICEL_S[6]_CO[7])
                                                      0.171    69.076 r  candidate_lanes[1].lane_pe/codec/out_distortion_reg[23]_i_1/CO[7]
                         net (fo=1, routed)           0.030    69.106    candidate_lanes[1].lane_pe/codec/out_distortion_reg[23]_i_1_n_0
    SLICE_X22Y206        CARRY8 (Prop_CARRY8_SLICEL_CI_O[2])
                                                      0.093    69.200 r  candidate_lanes[1].lane_pe/codec/out_distortion_reg[31]_i_2/O[2]
                         net (fo=1, routed)           0.034    69.233    candidate_lanes[1].lane_pe/codec_distortion[26]
    SLICE_X22Y206        FDRE                                         r  candidate_lanes[1].lane_pe/out_distortion_reg[26]/D
  -------------------------------------------------------------------    -------------------

                         (clock chia_rdo_clk rise edge)
                                                      5.000     5.000 r  
                                                      0.000     5.000 r  clk (IN)
                         net (fo=1936, unset)         0.029     5.029    candidate_lanes[1].lane_pe/clk
    SLICE_X22Y206        FDRE                                         r  candidate_lanes[1].lane_pe/out_distortion_reg[26]/C
                         clock pessimism              0.000     5.029    
                         clock uncertainty           -0.035     4.994    
    SLICE_X22Y206        FDRE (Setup_CFF_SLICEL_C_D)
                                                      0.044     5.038    candidate_lanes[1].lane_pe/out_distortion_reg[26]
  -------------------------------------------------------------------
                         required time                          5.038    
                         arrival time                         -69.234    
  -------------------------------------------------------------------
                         slack                                -64.196    

Slack (VIOLATED) :        -64.179ns  (required time - arrival time)
  Source:                 launched_count_reg[1]_replica_10/C
                            (rising edge-triggered cell FDRE clocked by chia_rdo_clk  {rise@0.000ns fall@2.500ns period=5.000ns})
  Destination:            candidate_lanes[1].lane_pe/out_distortion_reg[24]/D
                            (rising edge-triggered cell FDRE clocked by chia_rdo_clk  {rise@0.000ns fall@2.500ns period=5.000ns})
  Path Group:             chia_rdo_clk
  Path Type:              Setup (Max at Slow Process Corner)
  Requirement:            5.000ns  (chia_rdo_clk rise@5.000ns - chia_rdo_clk rise@0.000ns)
  Data Path Delay:        69.174ns  (logic 35.540ns (51.378%)  route 33.634ns (48.622%))
  Logic Levels:           174  (CARRY8=69 DSP_A_B_DATA=5 DSP_ALU=10 DSP_M_DATA=4 DSP_MULTIPLIER=4 DSP_OUTPUT=10 DSP_PREADD_DATA=4 LUT1=1 LUT2=9 LUT3=12 LUT4=8 LUT5=15 LUT6=22 MUXF7=1)
  Clock Path Skew:        -0.014ns (DCD - SCD + CPR)
    Destination Clock Delay (DCD):    0.029ns = ( 5.029 - 5.000 ) 
    Source Clock Delay      (SCD):    0.043ns
    Clock Pessimism Removal (CPR):    0.000ns
  Clock Uncertainty:      0.035ns  ((TSJ^2 + TIJ^2)^1/2 + DJ) / 2 + PE
    Total System Jitter     (TSJ):    0.071ns
    Total Input Jitter      (TIJ):    0.000ns
    Discrete Jitter          (DJ):    0.000ns
    Phase Error              (PE):    0.000ns

    Location             Delay type                Incr(ns)  Path(ns)    Netlist Resource(s)
  -------------------------------------------------------------------    -------------------
                         (clock chia_rdo_clk rise edge)
                                                      0.000     0.000 r  
                                                      0.000     0.000 r  clk (IN)
                         net (fo=1936, unset)         0.043     0.043    clk
    SLICE_X31Y208        FDRE                                         r  launched_count_reg[1]_replica_10/C
  -------------------------------------------------------------------    -------------------
    SLICE_X31Y208        FDRE (Prop_GFF_SLICEM_C_Q)
                                                      0.116     0.159 r  launched_count_reg[1]_replica_10/Q
                         net (fo=6, routed)           0.133     0.292    candidate_lanes[1].lane_pe/rd_cost/p_4_in[1]_repN_10_alias
    SLICE_X31Y209        LUT3 (Prop_B6LUT_SLICEM_I1_O)
                                                      0.188     0.480 r  candidate_lanes[1].lane_pe/rd_cost/multi_stage.rate_stage00_i_237__0/O
                         net (fo=6, routed)           0.242     0.722    candidate_lanes[1].lane_pe/rd_cost/launched_count_reg[2]_0
    SLICE_X31Y208        LUT6 (Prop_G6LUT_SLICEM_I2_O)
                                                      0.152     0.874 f  candidate_lanes[1].lane_pe/rd_cost/multi_stage.rate_stage00_i_88/O
                         net (fo=1, routed)           0.141     1.015    candidate_lanes[1].lane_pe/rd_cost/multi_stage.rate_stage00_i_88_n_0
    SLICE_X31Y208        CARRY8 (Prop_CARRY8_SLICEM_DI[2]_CO[3])
                                                      0.190     1.205 f  candidate_lanes[1].lane_pe/rd_cost/multi_stage.rate_stage00_i_26__0/CO[3]
                         net (fo=53, routed)          0.313     1.518    candidate_lanes[1].lane_pe/codec/mode_reg_reg[0][0]
    SLICE_X31Y208        LUT6 (Prop_H6LUT_SLICEM_I4_O)
                                                      0.084     1.602 r  candidate_lanes[1].lane_pe/codec/multi_stage.rate_stage00_i_240__0/O
                         net (fo=3, routed)           0.139     1.741    candidate_lanes[1].lane_pe/codec/launched_count_reg[3]_1
    SLICE_X32Y208        LUT6 (Prop_H6LUT_SLICEM_I0_O)
                                                      0.189     1.930 r  candidate_lanes[1].lane_pe/codec/multi_stage.rate_stage00_i_98/O
                         net (fo=70, routed)          0.448     2.378    candidate_lanes[1].lane_pe/codec/launched_count_reg[3]_0
    SLICE_X32Y220        LUT5 (Prop_G6LUT_SLICEM_I1_O)
                                                      0.226     2.604 f  candidate_lanes[1].lane_pe/codec/mode_reg[5]_i_33/O
                         net (fo=2, routed)           0.059     2.663    candidate_lanes[1].lane_pe/codec/mode_reg[5]_i_33_n_0
    SLICE_X32Y220        LUT6 (Prop_E6LUT_SLICEM_I0_O)
                                                      0.152     2.815 f  candidate_lanes[1].lane_pe/codec/mode_reg[5]_i_14/O
                         net (fo=1, routed)           0.200     3.015    candidate_lanes[1].lane_pe/codec/mode_reg[5]_i_14_n_0
    SLICE_X32Y214        LUT6 (Prop_C6LUT_SLICEM_I0_O)
                                                      0.220     3.235 f  candidate_lanes[1].lane_pe/codec/mode_reg[5]_i_4/O
                         net (fo=7, routed)           0.405     3.641    candidate_lanes[1].lane_pe/codec/mode_reg[5]_i_4_n_0
    SLICE_X32Y208        LUT6 (Prop_F6LUT_SLICEM_I5_O)
                                                      0.149     3.790 f  candidate_lanes[1].lane_pe/codec/mode_reg[5]_i_1/O
                         net (fo=130, routed)         0.120     3.909    candidate_lanes[1].lane_pe/codec/launched_count_reg[1]_0
    SLICE_X32Y209        LUT5 (Prop_E6LUT_SLICEM_I0_O)
                                                      0.187     4.096 r  candidate_lanes[1].lane_pe/codec/angular_temporary1__14_i_9/O
                         net (fo=110, routed)         0.270     4.366    candidate_lanes[1].lane_pe/codec/angular_temporary1_i_49_n_0
    SLICE_X31Y207        LUT5 (Prop_H6LUT_SLICEM_I3_O)
                                                      0.154     4.520 r  candidate_lanes[1].lane_pe/codec/angular_temporary1_i_45/O
                         net (fo=1, routed)           0.145     4.665    candidate_lanes[1].lane_pe/codec/angular_temporary1_i_45_n_0
    SLICE_X31Y207        CARRY8 (Prop_CARRY8_SLICEM_DI[5]_CO[6])
                                                      0.120     4.785 r  candidate_lanes[1].lane_pe/codec/angular_temporary1_i_16/CO[6]
                         net (fo=144, routed)         0.185     4.970    candidate_lanes[1].lane_pe/codec/angular_temporary1_i_16_n_1
    SLICE_X31Y206        LUT5 (Prop_E6LUT_SLICEM_I0_O)
                                                      0.057     5.027 r  candidate_lanes[1].lane_pe/codec/angular_temporary3__3_i_2/O
                         net (fo=77, routed)          0.296     5.322    candidate_lanes[1].lane_pe/codec/angular_temporary3__3_i_2_n_0
    SLICE_X31Y203        LUT2 (Prop_A6LUT_SLICEM_I0_O)
                                                      0.138     5.460 r  candidate_lanes[1].lane_pe/codec/angular_temporary1__5_i_89/O
                         net (fo=1, routed)           0.017     5.477    candidate_lanes[1].lane_pe/codec/angular_temporary1__5_i_89_n_0
    SLICE_X31Y203        CARRY8 (Prop_CARRY8_SLICEM_S[0]_CO[7])
                                                      0.281     5.758 r  candidate_lanes[1].lane_pe/codec/angular_temporary1__5_i_50/CO[7]
                         net (fo=1, routed)           0.030     5.788    candidate_lanes[1].lane_pe/codec/angular_temporary1__5_i_50_n_0
    SLICE_X31Y204        CARRY8 (Prop_CARRY8_SLICEM_CI_CO[7])
                                                      0.073     5.861 r  candidate_lanes[1].lane_pe/codec/angular_temporary1__5_i_31/CO[7]
                         net (fo=58, routed)          0.607     6.468    candidate_lanes[1].lane_pe/codec/angular_temporary1__5_i_31_n_0
    SLICE_X41Y192        LUT6 (Prop_D6LUT_SLICEM_I0_O)
                                                      0.151     6.619 r  candidate_lanes[1].lane_pe/codec/angular_temporary1__9_i_119/O
                         net (fo=1, routed)           0.297     6.916    candidate_lanes[1].lane_pe/codec/angular_temporary1__9_i_119_n_0
    SLICE_X41Y193        CARRY8 (Prop_CARRY8_SLICEM_DI[0]_CO[7])
                                                      0.196     7.112 r  candidate_lanes[1].lane_pe/codec/angular_temporary1__9_i_65/CO[7]
                         net (fo=1, routed)           0.030     7.142    candidate_lanes[1].lane_pe/codec/angular_temporary1__9_i_65_n_0
    SLICE_X41Y194        CARRY8 (Prop_CARRY8_SLICEM_CI_O[0])
                                                      0.078     7.220 r  candidate_lanes[1].lane_pe/codec/angular_temporary1__9_i_45/O[0]
                         net (fo=18, routed)          0.277     7.497    candidate_lanes[1].lane_pe/codec/angular_temporary1__9_i_45_n_15
    SLICE_X42Y193        LUT4 (Prop_F6LUT_SLICEL_I0_O)
                                                      0.136     7.633 r  candidate_lanes[1].lane_pe/codec/angular_temporary3__1_i_123/O
                         net (fo=1, routed)           0.284     7.917    candidate_lanes[1].lane_pe/codec/inverse_angle_sum[8]
    SLICE_X42Y193        CARRY8 (Prop_CARRY8_SLICEL_DI[0]_O[2])
                                                      0.156     8.073 r  candidate_lanes[1].lane_pe/codec/angular_temporary3__1_i_69/O[2]
                         net (fo=32, routed)          0.518     8.591    candidate_lanes[1].lane_pe/codec/sel0[2]
    SLICE_X44Y189        LUT6 (Prop_B6LUT_SLICEL_I2_O)
                                                      0.224     8.815 f  candidate_lanes[1].lane_pe/codec/angular_temporary3__1_i_142/O
                         net (fo=1, routed)           0.377     9.192    candidate_lanes[1].lane_pe/codec/angular_temporary3__1_i_142_n_0
    SLICE_X42Y185        LUT6 (Prop_A6LUT_SLICEL_I5_O)
                                                      0.152     9.344 f  candidate_lanes[1].lane_pe/codec/angular_temporary3__1_i_86/O
                         net (fo=1, routed)           0.113     9.457    candidate_lanes[1].lane_pe/codec/angular_temporary3__1_i_86_n_0
    SLICE_X42Y185        LUT6 (Prop_D6LUT_SLICEL_I5_O)
                                                      0.136     9.593 f  candidate_lanes[1].lane_pe/codec/angular_temporary3__1_i_44/O
                         net (fo=1, routed)           0.341     9.934    candidate_lanes[1].lane_pe/codec/angular_temporary3__1_i_44_n_0
    SLICE_X34Y180        LUT6 (Prop_G6LUT_SLICEM_I4_O)
                                                      0.137    10.071 f  candidate_lanes[1].lane_pe/codec/angular_temporary3__1_i_16/O
                         net (fo=1, routed)           0.021    10.092    candidate_lanes[1].lane_pe/codec/angular_temporary3__1_i_16_n_0
    SLICE_X34Y180        MUXF7 (Prop_F7MUX_GH_SLICEM_I1_O)
                                                      0.102    10.194 f  candidate_lanes[1].lane_pe/codec/angular_temporary3__1_i_4/O
                         net (fo=3, routed)           0.264    10.457    candidate_lanes[1].lane_pe/codec/angular_temporary3__1/A[4]
    DSP48E2_X8Y72        DSP_A_B_DATA (Prop_DSP_A_B_DATA_DSP48E2_A[4]_A2_DATA[4])
                                                      0.258    10.715 r  candidate_lanes[1].lane_pe/codec/angular_temporary3__1/DSP_A_B_DATA_INST/A2_DATA[4]
                         net (fo=1, routed)           0.000    10.715    candidate_lanes[1].lane_pe/codec/angular_temporary3__1/DSP_A_B_DATA.A2_DATA<4>
    DSP48E2_X8Y72        DSP_PREADD_DATA (Prop_DSP_PREADD_DATA_DSP48E2_A2_DATA[4]_A2A1[4])
                                                      0.114    10.829 r  candidate_lanes[1].lane_pe/codec/angular_temporary3__1/DSP_PREADD_DATA_INST/A2A1[4]
                         net (fo=1, routed)           0.000    10.829    candidate_lanes[1].lane_pe/codec/angular_temporary3__1/DSP_PREADD_DATA.A2A1<4>
    DSP48E2_X8Y72        DSP_MULTIPLIER (Prop_DSP_MULTIPLIER_DSP48E2_A2A1[4]_U[25])
                                                      0.700    11.529 f  candidate_lanes[1].lane_pe/codec/angular_temporary3__1/DSP_MULTIPLIER_INST/U[25]
                         net (fo=1, routed)           0.000    11.529    candidate_lanes[1].lane_pe/codec/angular_temporary3__1/DSP_MULTIPLIER.U<25>
    DSP48E2_X8Y72        DSP_M_DATA (Prop_DSP_M_DATA_DSP48E2_U[25]_U_DATA[25])
                                                      0.067    11.596 r  candidate_lanes[1].lane_pe/codec/angular_temporary3__1/DSP_M_DATA_INST/U_DATA[25]
                         net (fo=1, routed)           0.000    11.596    candidate_lanes[1].lane_pe/codec/angular_temporary3__1/DSP_M_DATA.U_DATA<25>
    DSP48E2_X8Y72        DSP_ALU (Prop_DSP_ALU_DSP48E2_U_DATA[25]_ALU_OUT[47])
                                                      0.727    12.323 f  candidate_lanes[1].lane_pe/codec/angular_temporary3__1/DSP_ALU_INST/ALU_OUT[47]
                         net (fo=1, routed)           0.000    12.323    candidate_lanes[1].lane_pe/codec/angular_temporary3__1/DSP_ALU.ALU_OUT<47>
    DSP48E2_X8Y72        DSP_OUTPUT (Prop_DSP_OUTPUT_DSP48E2_ALU_OUT[47]_PCOUT[47])
                                                      0.167    12.490 r  candidate_lanes[1].lane_pe/codec/angular_temporary3__1/DSP_OUTPUT_INST/PCOUT[47]
                         net (fo=1, routed)           0.014    12.504    candidate_lanes[1].lane_pe/codec/angular_temporary3__2/PCIN[47]
    DSP48E2_X8Y73        DSP_ALU (Prop_DSP_ALU_DSP48E2_PCIN[47]_ALU_OUT[14])
                                                      0.739    13.243 r  candidate_lanes[1].lane_pe/codec/angular_temporary3__2/DSP_ALU_INST/ALU_OUT[14]
                         net (fo=1, routed)           0.000    13.243    candidate_lanes[1].lane_pe/codec/angular_temporary3__2/DSP_ALU.ALU_OUT<14>
    DSP48E2_X8Y73        DSP_OUTPUT (Prop_DSP_OUTPUT_DSP48E2_ALU_OUT[14]_P[14])
                                                      0.146    13.389 f  candidate_lanes[1].lane_pe/codec/angular_temporary3__2/DSP_OUTPUT_INST/P[14]
                         net (fo=17, routed)          0.732    14.121    candidate_lanes[1].lane_pe/codec/angular_temporary1__1/A[17]
    DSP48E2_X8Y64        DSP_A_B_DATA (Prop_DSP_A_B_DATA_DSP48E2_A[17]_A_ALU[17])
                                                      0.265    14.386 r  candidate_lanes[1].lane_pe/codec/angular_temporary1__1/DSP_A_B_DATA_INST/A_ALU[17]
                         net (fo=1, routed)           0.000    14.386    candidate_lanes[1].lane_pe/codec/angular_temporary1__1/DSP_A_B_DATA.A_ALU<17>
    DSP48E2_X8Y64        DSP_ALU (Prop_DSP_ALU_DSP48E2_A_ALU[17]_ALU_OUT[47])
                                                      0.726    15.112 f  candidate_lanes[1].lane_pe/codec/angular_temporary1__1/DSP_ALU_INST/ALU_OUT[47]
                         net (fo=1, routed)           0.000    15.112    candidate_lanes[1].lane_pe/codec/angular_temporary1__1/DSP_ALU.ALU_OUT<47>
    DSP48E2_X8Y64        DSP_OUTPUT (Prop_DSP_OUTPUT_DSP48E2_ALU_OUT[47]_PCOUT[47])
                                                      0.167    15.279 r  candidate_lanes[1].lane_pe/codec/angular_temporary1__1/DSP_OUTPUT_INST/PCOUT[47]
                         net (fo=1, routed)           0.014    15.293    candidate_lanes[1].lane_pe/codec/angular_temporary1__2/PCIN[47]
    DSP48E2_X8Y65        DSP_ALU (Prop_DSP_ALU_DSP48E2_PCIN[47]_ALU_OUT[7])
                                                      0.739    16.032 f  candidate_lanes[1].lane_pe/codec/angular_temporary1__2/DSP_ALU_INST/ALU_OUT[7]
                         net (fo=1, routed)           0.000    16.032    candidate_lanes[1].lane_pe/codec/angular_temporary1__2/DSP_ALU.ALU_OUT<7>
    DSP48E2_X8Y65        DSP_OUTPUT (Prop_DSP_OUTPUT_DSP48E2_ALU_OUT[7]_P[7])
                                                      0.146    16.178 r  candidate_lanes[1].lane_pe/codec/angular_temporary1__2/DSP_OUTPUT_INST/P[7]
                         net (fo=2, routed)           0.397    16.575    candidate_lanes[1].lane_pe/codec/angular_temporary1__2_n_98
    SLICE_X33Y155        LUT3 (Prop_A6LUT_SLICEL_I0_O)
                                                      0.225    16.800 r  candidate_lanes[1].lane_pe/codec/i___1_i_267/O
                         net (fo=2, routed)           0.098    16.898    candidate_lanes[1].lane_pe/codec/i___1_i_267_n_0
    SLICE_X32Y155        LUT6 (Prop_C6LUT_SLICEM_I0_O)
                                                      0.149    17.047 r  candidate_lanes[1].lane_pe/codec/i___1_i_275/O
                         net (fo=1, routed)           0.029    17.076    candidate_lanes[1].lane_pe/codec/i___1_i_275_n_0
    SLICE_X32Y155        CARRY8 (Prop_CARRY8_SLICEM_S[2]_CO[7])
                                                      0.229    17.305 r  candidate_lanes[1].lane_pe/codec/i___1_i_191/CO[7]
                         net (fo=1, routed)           0.030    17.335    candidate_lanes[1].lane_pe/codec/i___1_i_191_n_0
    SLICE_X32Y156        CARRY8 (Prop_CARRY8_SLICEM_CI_CO[7])
                                                      0.065    17.400 r  candidate_lanes[1].lane_pe/codec/i___283_i_72/CO[7]
                         net (fo=1, routed)           0.030    17.430    candidate_lanes[1].lane_pe/codec/i___283_i_72_n_0
    SLICE_X32Y157        CARRY8 (Prop_CARRY8_SLICEM_CI_CO[7])
                                                      0.065    17.495 r  candidate_lanes[1].lane_pe/codec/i___283_i_70/CO[7]
                         net (fo=1, routed)           0.030    17.525    candidate_lanes[1].lane_pe/codec/i___283_i_70_n_0
    SLICE_X32Y158        CARRY8 (Prop_CARRY8_SLICEM_CI_O[2])
                                                      0.093    17.618 f  candidate_lanes[1].lane_pe/codec/i___111_i_30/O[2]
                         net (fo=3, routed)           0.290    17.908    candidate_lanes[1].lane_pe/codec/i___111_i_30_n_13
    SLICE_X33Y157        LUT2 (Prop_B6LUT_SLICEL_I1_O)
                                                      0.224    18.132 r  candidate_lanes[1].lane_pe/codec/i___111_i_35/O
                         net (fo=1, routed)           0.013    18.145    candidate_lanes[1].lane_pe/codec/i___111_i_35_n_0
    SLICE_X33Y157        CARRY8 (Prop_CARRY8_SLICEL_S[1]_CO[3])
                                                      0.250    18.395 r  candidate_lanes[1].lane_pe/codec/i___111_i_29/CO[3]
                         net (fo=27, routed)          0.251    18.646    candidate_lanes[1].lane_pe/codec/i___111_i_29_n_4
    SLICE_X33Y154        LUT3 (Prop_A6LUT_SLICEL_I1_O)
                                                      0.058    18.704 r  candidate_lanes[1].lane_pe/codec/i___1_i_138/O
                         net (fo=1, routed)           0.050    18.754    candidate_lanes[1].lane_pe/codec/i___1_i_138_n_0
    SLICE_X33Y154        LUT5 (Prop_B6LUT_SLICEL_I0_O)
                                                      0.138    18.892 r  candidate_lanes[1].lane_pe/codec/i___1_i_70__4/O
                         net (fo=2, routed)           0.403    19.295    candidate_lanes[1].lane_pe/codec/angular_temporary1_out[3]
    SLICE_X32Y143        LUT5 (Prop_H6LUT_SLICEM_I2_O)
                                                      0.154    19.449 r  candidate_lanes[1].lane_pe/codec/i___1_i_33__4/O
                         net (fo=2, routed)           0.514    19.963    candidate_lanes[1].lane_pe/codec/i___1_i_33__4_n_0
    SLICE_X29Y125        LUT5 (Prop_D6LUT_SLICEM_I4_O)
                                                      0.185    20.148 r  candidate_lanes[1].lane_pe/codec/i___1_i_8__6/O
                         net (fo=1, routed)           0.032    20.180    candidate_lanes[1].lane_pe/codec/i___1_i_8__6_n_0
    SLICE_X29Y125        CARRY8 (Prop_CARRY8_SLICEM_S[3]_O[5])
                                                      0.262    20.442 r  candidate_lanes[1].lane_pe/codec/i___1_i_1__0/O[5]
                         net (fo=25, routed)          0.525    20.967    candidate_lanes[1].lane_pe/codec/codec_residual[32]
    SLICE_X31Y103        LUT2 (Prop_F6LUT_SLICEM_I1_O)
                                                      0.224    21.191 r  candidate_lanes[1].lane_pe/codec/i___4/i___280/O
                         net (fo=1, routed)           0.029    21.220    candidate_lanes[1].lane_pe/codec/i___4/i___280_n_0
    SLICE_X31Y103        CARRY8 (Prop_CARRY8_SLICEM_S[5]_CO[7])
                                                      0.238    21.458 r  candidate_lanes[1].lane_pe/codec/(null)[0].value4__5_i_397/CO[7]
                         net (fo=1, routed)           0.030    21.488    candidate_lanes[1].lane_pe/codec/(null)[0].value4__5_i_397_n_0
    SLICE_X31Y104        CARRY8 (Prop_CARRY8_SLICEM_CI_O[0])
                                                      0.078    21.566 r  candidate_lanes[1].lane_pe/codec/(null)[0].value4__5_i_715/O[0]
                         net (fo=3, routed)           0.228    21.794    candidate_lanes[1].lane_pe/codec/(null)[0].value4__5_i_715_n_15
    SLICE_X30Y102        LUT4 (Prop_D6LUT_SLICEL_I3_O)
                                                      0.185    21.979 r  candidate_lanes[1].lane_pe/codec/(null)[0].value4__5_i_575/O
                         net (fo=1, routed)           0.013    21.992    candidate_lanes[1].lane_pe/codec/(null)[0].value4__5_i_575_n_0
    SLICE_X30Y102        CARRY8 (Prop_CARRY8_SLICEL_S[3]_O[4])
                                                      0.208    22.200 r  candidate_lanes[1].lane_pe/codec/(null)[0].value4__5_i_393/O[4]
                         net (fo=3, routed)           0.343    22.542    candidate_lanes[1].lane_pe/codec/(null)[0].value4__5_i_393_n_11
    SLICE_X32Y103        LUT3 (Prop_E6LUT_SLICEM_I0_O)
                                                      0.138    22.680 r  candidate_lanes[1].lane_pe/codec/(null)[0].value4__5_i_693/O
                         net (fo=2, routed)           0.211    22.891    candidate_lanes[1].lane_pe/codec/(null)[0].value4__5_i_693_n_0
    SLICE_X32Y103        LUT5 (Prop_H6LUT_SLICEM_I1_O)
                                                      0.228    23.119 r  candidate_lanes[1].lane_pe/codec/(null)[0].value4__5_i_484/O
                         net (fo=2, routed)           0.466    23.586    candidate_lanes[1].lane_pe/codec/(null)[0].value4__5_i_484_n_0
    SLICE_X34Y101        LUT6 (Prop_B6LUT_SLICEM_I0_O)
                                                      0.152    23.738 r  candidate_lanes[1].lane_pe/codec/(null)[0].value4__5_i_492/O
                         net (fo=1, routed)           0.022    23.760    candidate_lanes[1].lane_pe/codec/(null)[0].value4__5_i_492_n_0
    SLICE_X34Y101        CARRY8 (Prop_CARRY8_SLICEM_S[1]_O[5])
                                                      0.333    24.093 r  candidate_lanes[1].lane_pe/codec/(null)[0].value4__5_i_377/O[5]
                         net (fo=27, routed)          1.669    25.761    candidate_lanes[1].lane_pe/codec/(null)[0].value4__5_i_377_n_10
    SLICE_X10Y56         LUT2 (Prop_E6LUT_SLICEM_I0_O)
                                                      0.223    25.984 r  candidate_lanes[1].lane_pe/codec/(null)[0].value4__1__1_i_452/O
                         net (fo=1, routed)           0.018    26.002    candidate_lanes[1].lane_pe/codec/(null)[0].value4__1__1_i_452_n_0
    SLICE_X10Y56         CARRY8 (Prop_CARRY8_SLICEM_S[4]_CO[7])
                                                      0.236    26.238 r  candidate_lanes[1].lane_pe/codec/(null)[0].value4__1__1_i_318/CO[7]
                         net (fo=1, routed)           0.030    26.268    candidate_lanes[1].lane_pe/codec/(null)[0].value4__1__1_i_318_n_0
    SLICE_X10Y57         CARRY8 (Prop_CARRY8_SLICEM_CI_O[1])
                                                      0.106    26.374 r  candidate_lanes[1].lane_pe/codec/(null)[0].value4__1__1_i_317/O[1]
                         net (fo=3, routed)           0.333    26.707    candidate_lanes[1].lane_pe/codec/(null)[0].value4__1__1_i_317_n_14
    SLICE_X9Y55          LUT4 (Prop_H6LUT_SLICEL_I2_O)
                                                      0.188    26.895 r  candidate_lanes[1].lane_pe/codec/(null)[0].value4__1__1_i_214/O
                         net (fo=1, routed)           0.015    26.910    candidate_lanes[1].lane_pe/codec/(null)[0].value4__1__1_i_214_n_0
    SLICE_X9Y55          CARRY8 (Prop_CARRY8_SLICEL_S[7]_CO[7])
                                                      0.172    27.082 r  candidate_lanes[1].lane_pe/codec/(null)[0].value4__1__1_i_90/CO[7]
                         net (fo=1, routed)           0.030    27.112    candidate_lanes[1].lane_pe/codec/(null)[0].value4__1__1_i_90_n_0
    SLICE_X9Y56          CARRY8 (Prop_CARRY8_SLICEL_CI_O[0])
                                                      0.078    27.190 r  candidate_lanes[1].lane_pe/codec/clip164__3__0_i_109/O[0]
                         net (fo=3, routed)           0.339    27.529    candidate_lanes[1].lane_pe/codec/transformed51_in__1[19]
    SLICE_X10Y54         LUT5 (Prop_G6LUT_SLICEM_I3_O)
                                                      0.137    27.666 r  candidate_lanes[1].lane_pe/codec/(null)[0].value4__1__1_i_123/O
                         net (fo=2, routed)           0.289    27.955    candidate_lanes[1].lane_pe/codec/(null)[0].value4__1__1_i_123_n_0
    SLICE_X8Y55          LUT6 (Prop_H6LUT_SLICEM_I5_O)
                                                      0.060    28.015 r  candidate_lanes[1].lane_pe/codec/(null)[0].value4__1__1_i_48/O
                         net (fo=2, routed)           0.167    28.183    candidate_lanes[1].lane_pe/codec/(null)[0].value4__1__1_i_48_n_0
    SLICE_X8Y53          LUT3 (Prop_F6LUT_SLICEM_I0_O)
                                                      0.149    28.332 r  candidate_lanes[1].lane_pe/codec/(null)[0].value4__1__1_i_56/O
                         net (fo=1, routed)           0.029    28.361    candidate_lanes[1].lane_pe/codec/(null)[0].value4__1__1_i_56_n_0
    SLICE_X8Y53          CARRY8 (Prop_CARRY8_SLICEM_S[5]_CO[7])
                                                      0.238    28.599 r  candidate_lanes[1].lane_pe/codec/(null)[0].value4__1__1_i_19/CO[7]
                         net (fo=1, routed)           0.030    28.629    candidate_lanes[1].lane_pe/codec/(null)[0].value4__1__1_i_19_n_0
    SLICE_X8Y54          CARRY8 (Prop_CARRY8_SLICEM_CI_O[0])
                                                      0.078    28.707 f  candidate_lanes[1].lane_pe/codec/clip164__3__0_i_19/O[0]
                         net (fo=2, routed)           0.500    29.206    candidate_lanes[1].lane_pe/codec/codec_transformed__0[112]
    SLICE_X9Y43          LUT1 (Prop_H6LUT_SLICEL_I0_O)
                                                      0.083    29.289 r  candidate_lanes[1].lane_pe/codec/(null)[0].value4__1__1_i_38/O
                         net (fo=1, routed)           0.015    29.304    candidate_lanes[1].lane_pe/codec/(null)[0].value4__1__1_i_38_n_0
    SLICE_X9Y43          CARRY8 (Prop_CARRY8_SLICEL_S[7]_O[7])
                                                      0.079    29.383 f  candidate_lanes[1].lane_pe/codec/i_/(null)[0].value4__1__1_i_18/O[7]
                         net (fo=1, routed)           0.228    29.611    candidate_lanes[1].lane_pe/codec/i_/(null)[0].value4__1__1_i_18_n_8
    SLICE_X10Y43         LUT3 (Prop_H6LUT_SLICEM_I0_O)
                                                      0.228    29.839 f  candidate_lanes[1].lane_pe/codec/(null)[0].value4__1__1_i_1/O
                         net (fo=1, routed)           0.388    30.227    candidate_lanes[1].lane_pe/codec/(null)[0].value4__1__1/A[16]
    DSP48E2_X3Y16        DSP_A_B_DATA (Prop_DSP_A_B_DATA_DSP48E2_A[16]_A2_DATA[16])
                                                      0.258    30.485 r  candidate_lanes[1].lane_pe/codec/(null)[0].value4__1__1/DSP_A_B_DATA_INST/A2_DATA[16]
                         net (fo=1, routed)           0.000    30.485    candidate_lanes[1].lane_pe/codec/(null)[0].value4__1__1/DSP_A_B_DATA.A2_DATA<16>
    DSP48E2_X3Y16        DSP_PREADD_DATA (Prop_DSP_PREADD_DATA_DSP48E2_A2_DATA[16]_A2A1[16])
                                                      0.114    30.599 r  candidate_lanes[1].lane_pe/codec/(null)[0].value4__1__1/DSP_PREADD_DATA_INST/A2A1[16]
                         net (fo=1, routed)           0.000    30.599    candidate_lanes[1].lane_pe/codec/(null)[0].value4__1__1/DSP_PREADD_DATA.A2A1<16>
    DSP48E2_X3Y16        DSP_MULTIPLIER (Prop_DSP_MULTIPLIER_DSP48E2_A2A1[16]_U[36])
                                                      0.700    31.299 f  candidate_lanes[1].lane_pe/codec/(null)[0].value4__1__1/DSP_MULTIPLIER_INST/U[36]
                         net (fo=1, routed)           0.000    31.299    candidate_lanes[1].lane_pe/codec/(null)[0].value4__1__1/DSP_MULTIPLIER.U<36>
    DSP48E2_X3Y16        DSP_M_DATA (Prop_DSP_M_DATA_DSP48E2_U[36]_U_DATA[36])
                                                      0.067    31.366 r  candidate_lanes[1].lane_pe/codec/(null)[0].value4__1__1/DSP_M_DATA_INST/U_DATA[36]
                         net (fo=1, routed)           0.000    31.366    candidate_lanes[1].lane_pe/codec/(null)[0].value4__1__1/DSP_M_DATA.U_DATA<36>
    DSP48E2_X3Y16        DSP_ALU (Prop_DSP_ALU_DSP48E2_U_DATA[36]_ALU_OUT[47])
                                                      0.727    32.093 f  candidate_lanes[1].lane_pe/codec/(null)[0].value4__1__1/DSP_ALU_INST/ALU_OUT[47]
                         net (fo=1, routed)           0.000    32.093    candidate_lanes[1].lane_pe/codec/(null)[0].value4__1__1/DSP_ALU.ALU_OUT<47>
    DSP48E2_X3Y16        DSP_OUTPUT (Prop_DSP_OUTPUT_DSP48E2_ALU_OUT[47]_PCOUT[47])
                                                      0.167    32.260 r  candidate_lanes[1].lane_pe/codec/(null)[0].value4__1__1/DSP_OUTPUT_INST/PCOUT[47]
                         net (fo=1, routed)           0.014    32.274    candidate_lanes[1].lane_pe/codec/(null)[0].value4__2__1/PCIN[47]
    DSP48E2_X3Y17        DSP_ALU (Prop_DSP_ALU_DSP48E2_PCIN[47]_ALU_OUT[3])
                                                      0.739    33.013 f  candidate_lanes[1].lane_pe/codec/(null)[0].value4__2__1/DSP_ALU_INST/ALU_OUT[3]
                         net (fo=1, routed)           0.000    33.013    candidate_lanes[1].lane_pe/codec/(null)[0].value4__2__1/DSP_ALU.ALU_OUT<3>
    DSP48E2_X3Y17        DSP_OUTPUT (Prop_DSP_OUTPUT_DSP48E2_ALU_OUT[3]_P[3])
                                                      0.146    33.159 r  candidate_lanes[1].lane_pe/codec/(null)[0].value4__2__1/DSP_OUTPUT_INST/P[3]
                         net (fo=2, routed)           0.373    33.532    candidate_lanes[1].lane_pe/codec/(null)[0].value4__2__1_n_102
    SLICE_X12Y42         LUT6 (Prop_E6LUT_SLICEM_I5_O)
                                                      0.223    33.755 r  candidate_lanes[1].lane_pe/codec/clip164__3__0_i_181/O
                         net (fo=1, routed)           0.018    33.773    candidate_lanes[1].lane_pe/codec/clip164__3__0_i_181_n_0
    SLICE_X12Y42         CARRY8 (Prop_CARRY8_SLICEM_S[4]_CO[7])
                                                      0.236    34.009 r  candidate_lanes[1].lane_pe/codec/i_/clip164__3__0_i_93/CO[7]
                         net (fo=1, routed)           0.030    34.039    candidate_lanes[1].lane_pe/codec/i_/clip164__3__0_i_93_n_0
    SLICE_X12Y43         CARRY8 (Prop_CARRY8_SLICEM_CI_O[1])
                                                      0.106    34.145 f  candidate_lanes[1].lane_pe/codec/i_/clip164__3__0_i_75/O[1]
                         net (fo=4, routed)           0.935    35.080    candidate_lanes[1].lane_pe/codec/i_/clip164__3__0_i_75_n_14
    SLICE_X8Y64          LUT4 (Prop_D6LUT_SLICEM_I3_O)
                                                      0.080    35.160 r  candidate_lanes[1].lane_pe/codec/clip164__3__0_i_94/O
                         net (fo=1, routed)           0.200    35.360    candidate_lanes[1].lane_pe/codec/clip164__3__0_i_94_n_0
    SLICE_X5Y64          LUT5 (Prop_D6LUT_SLICEM_I4_O)
                                                      0.220    35.580 r  candidate_lanes[1].lane_pe/codec/clip164__3__0_i_38/O
                         net (fo=2, routed)           0.304    35.884    candidate_lanes[1].lane_pe/codec/clip164__3__0_i_85_n_0
    SLICE_X4Y66          CARRY8 (Prop_CARRY8_SLICEM_S[0]_CO[7])
                                                      0.281    36.165 r  candidate_lanes[1].lane_pe/codec/i_/clip164__3__0_i_30/CO[7]
                         net (fo=1, routed)           0.030    36.195    candidate_lanes[1].lane_pe/codec/i_/clip164__3__0_i_30_n_0
    SLICE_X4Y67          CARRY8 (Prop_CARRY8_SLICEM_CI_CO[7])
                                                      0.065    36.260 r  candidate_lanes[1].lane_pe/codec/i_/clip164__3__0_i_18/CO[7]
                         net (fo=1, routed)           0.030    36.290    candidate_lanes[1].lane_pe/codec/i_/clip164__3__0_i_18_n_0
    SLICE_X4Y68          CARRY8 (Prop_CARRY8_SLICEM_CI_O[5])
                                                      0.161    36.451 f  candidate_lanes[1].lane_pe/codec/i_/clip164__4__0_i_12/O[5]
                         net (fo=1, routed)           0.154    36.605    candidate_lanes[1].lane_pe/codec/i_/clip164__4__0_i_12_n_10
    SLICE_X4Y69          LUT3 (Prop_B6LUT_SLICEM_I0_O)
                                                      0.137    36.742 f  candidate_lanes[1].lane_pe/codec/clip164__4__0_i_14/O
                         net (fo=5, routed)           0.354    37.096    candidate_lanes[1].lane_pe/codec/clip164__4__0_i_14_n_0
    SLICE_X5Y70          LUT6 (Prop_H6LUT_SLICEM_I5_O)
                                                      0.138    37.234 f  candidate_lanes[1].lane_pe/codec/clip164__3__0_i_324/O
                         net (fo=1, routed)           0.262    37.496    candidate_lanes[1].lane_pe/codec/clip164__3__0_i_324_n_0
    SLICE_X4Y70          CARRY8 (Prop_CARRY8_SLICEM_DI[4]_CO[7])
                                                      0.137    37.633 f  candidate_lanes[1].lane_pe/codec/i_/clip164__3__0_i_267/CO[7]
                         net (fo=1, routed)           0.030    37.663    candidate_lanes[1].lane_pe/codec/i_/clip164__3__0_i_267_n_0
    SLICE_X4Y71          CARRY8 (Prop_CARRY8_SLICEM_CI_CO[7])
                                                      0.065    37.728 f  candidate_lanes[1].lane_pe/codec/i_/clip164__3__0_i_143/CO[7]
                         net (fo=1, routed)           0.030    37.758    candidate_lanes[1].lane_pe/codec/i_/clip164__3__0_i_143_n_0
    SLICE_X4Y72          CARRY8 (Prop_CARRY8_SLICEM_CI_CO[7])
                                                      0.065    37.823 f  candidate_lanes[1].lane_pe/codec/i_/clip164__3__0_i_66/CO[7]
                         net (fo=1, routed)           0.030    37.853    candidate_lanes[1].lane_pe/codec/i_/clip164__3__0_i_66_n_0
    SLICE_X4Y73          CARRY8 (Prop_CARRY8_SLICEM_CI_CO[0])
                                                      0.074    37.927 f  candidate_lanes[1].lane_pe/codec/i_/clip164__3__0_i_22/CO[0]
                         net (fo=26, routed)          0.408    38.335    candidate_lanes[1].lane_pe/codec/i_/clip164__3__0_i_22_n_7
    SLICE_X4Y65          LUT5 (Prop_C6LUT_SLICEM_I3_O)
                                                      0.186    38.521 f  candidate_lanes[1].lane_pe/codec/clip164__3__0_i_11/O
                         net (fo=1, routed)           0.354    38.875    candidate_lanes[1].lane_pe/codec/clip164__3__0/A[6]
    DSP48E2_X1Y28        DSP_A_B_DATA (Prop_DSP_A_B_DATA_DSP48E2_A[6]_A2_DATA[6])
                                                      0.258    39.133 r  candidate_lanes[1].lane_pe/codec/clip164__3__0/DSP_A_B_DATA_INST/A2_DATA[6]
                         net (fo=1, routed)           0.000    39.133    candidate_lanes[1].lane_pe/codec/clip164__3__0/DSP_A_B_DATA.A2_DATA<6>
    DSP48E2_X1Y28        DSP_PREADD_DATA (Prop_DSP_PREADD_DATA_DSP48E2_A2_DATA[6]_A2A1[6])
                                                      0.114    39.247 r  candidate_lanes[1].lane_pe/codec/clip164__3__0/DSP_PREADD_DATA_INST/A2A1[6]
                         net (fo=1, routed)           0.000    39.247    candidate_lanes[1].lane_pe/codec/clip164__3__0/DSP_PREADD_DATA.A2A1<6>
    DSP48E2_X1Y28        DSP_MULTIPLIER (Prop_DSP_MULTIPLIER_DSP48E2_A2A1[6]_U[27])
                                                      0.700    39.947 f  candidate_lanes[1].lane_pe/codec/clip164__3__0/DSP_MULTIPLIER_INST/U[27]
                         net (fo=1, routed)           0.000    39.947    candidate_lanes[1].lane_pe/codec/clip164__3__0/DSP_MULTIPLIER.U<27>
    DSP48E2_X1Y28        DSP_M_DATA (Prop_DSP_M_DATA_DSP48E2_U[27]_U_DATA[27])
                                                      0.067    40.014 r  candidate_lanes[1].lane_pe/codec/clip164__3__0/DSP_M_DATA_INST/U_DATA[27]
                         net (fo=1, routed)           0.000    40.014    candidate_lanes[1].lane_pe/codec/clip164__3__0/DSP_M_DATA.U_DATA<27>
    DSP48E2_X1Y28        DSP_ALU (Prop_DSP_ALU_DSP48E2_U_DATA[27]_ALU_OUT[47])
                                                      0.727    40.741 f  candidate_lanes[1].lane_pe/codec/clip164__3__0/DSP_ALU_INST/ALU_OUT[47]
                         net (fo=1, routed)           0.000    40.741    candidate_lanes[1].lane_pe/codec/clip164__3__0/DSP_ALU.ALU_OUT<47>
    DSP48E2_X1Y28        DSP_OUTPUT (Prop_DSP_OUTPUT_DSP48E2_ALU_OUT[47]_PCOUT[47])
                                                      0.167    40.908 r  candidate_lanes[1].lane_pe/codec/clip164__3__0/DSP_OUTPUT_INST/PCOUT[47]
                         net (fo=1, routed)           0.014    40.922    candidate_lanes[1].lane_pe/codec/clip164__4__0/PCIN[47]
    DSP48E2_X1Y29        DSP_ALU (Prop_DSP_ALU_DSP48E2_PCIN[47]_ALU_OUT[5])
                                                      0.739    41.661 r  candidate_lanes[1].lane_pe/codec/clip164__4__0/DSP_ALU_INST/ALU_OUT[5]
                         net (fo=1, routed)           0.000    41.661    candidate_lanes[1].lane_pe/codec/clip164__4__0/DSP_ALU.ALU_OUT<5>
    DSP48E2_X1Y29        DSP_OUTPUT (Prop_DSP_OUTPUT_DSP48E2_ALU_OUT[5]_P[5])
                                                      0.146    41.807 f  candidate_lanes[1].lane_pe/codec/clip164__4__0/DSP_OUTPUT_INST/P[5]
                         net (fo=4, routed)           0.538    42.345    candidate_lanes[1].lane_pe/codec/clip164__4__0_n_100
    SLICE_X3Y73          LUT6 (Prop_B6LUT_SLICEL_I1_O)
                                                      0.152    42.497 f  candidate_lanes[1].lane_pe/codec/i___96_i_148/O
                         net (fo=7, routed)           0.243    42.740    candidate_lanes[1].lane_pe/codec/i___96_i_148_n_0
    SLICE_X4Y75          LUT2 (Prop_F6LUT_SLICEM_I1_O)
                                                      0.224    42.964 r  candidate_lanes[1].lane_pe/codec/i___16_i_721/O
                         net (fo=1, routed)           0.029    42.993    candidate_lanes[1].lane_pe/codec/i___16_i_721_n_0
    SLICE_X4Y75          CARRY8 (Prop_CARRY8_SLICEM_S[5]_CO[7])
                                                      0.238    43.231 r  candidate_lanes[1].lane_pe/codec/i___16_i_543/CO[7]
                         net (fo=1, routed)           0.030    43.261    candidate_lanes[1].lane_pe/codec/i___16_i_543_n_0
    SLICE_X4Y76          CARRY8 (Prop_CARRY8_SLICEM_CI_CO[7])
                                                      0.065    43.326 r  candidate_lanes[1].lane_pe/codec/i___16_i_392/CO[7]
                         net (fo=1, routed)           0.030    43.356    candidate_lanes[1].lane_pe/codec/i___16_i_392_n_0
    SLICE_X4Y77          CARRY8 (Prop_CARRY8_SLICEM_CI_CO[7])
                                                      0.065    43.421 r  candidate_lanes[1].lane_pe/codec/i___16_i_238/CO[7]
                         net (fo=1, routed)           0.030    43.451    candidate_lanes[1].lane_pe/codec/i___16_i_238_n_0
    SLICE_X4Y78          CARRY8 (Prop_CARRY8_SLICEM_CI_CO[0])
                                                      0.074    43.525 r  candidate_lanes[1].lane_pe/codec/i___16_i_109/CO[0]
                         net (fo=250, routed)         0.760    44.285    candidate_lanes[1].lane_pe/codec/clip161__2__0
    SLICE_X3Y104         LUT5 (Prop_F6LUT_SLICEL_I3_O)
                                                      0.187    44.472 r  candidate_lanes[1].lane_pe/codec/i___286_i_78__0/O
                         net (fo=25, routed)          0.285    44.757    candidate_lanes[1].lane_pe/codec/codec_dequantized__1[59]
    SLICE_X5Y102         LUT3 (Prop_A5LUT_SLICEM_I2_O)
                                                      0.225    44.982 r  candidate_lanes[1].lane_pe/codec/i_/i___218_i_69/O
                         net (fo=2, routed)           0.463    45.445    candidate_lanes[1].lane_pe/codec/i_/i___218_i_69_n_0
    SLICE_X5Y102         LUT4 (Prop_B6LUT_SLICEM_I3_O)
                                                      0.152    45.597 r  candidate_lanes[1].lane_pe/codec/i_/i___218_i_77/O
                         net (fo=1, routed)           0.022    45.619    candidate_lanes[1].lane_pe/codec/i_/i___218_i_77_n_0
    SLICE_X5Y102         CARRY8 (Prop_CARRY8_SLICEM_S[1]_O[7])
                                                      0.334    45.953 r  candidate_lanes[1].lane_pe/codec/i_/i___218_i_24/O[7]
                         net (fo=2, routed)           0.613    46.566    candidate_lanes[1].lane_pe/codec/(null)[0].value40_in__0__0[20]
    SLICE_X15Y104        LUT5 (Prop_C6LUT_SLICEL_I0_O)
                                                      0.136    46.702 r  candidate_lanes[1].lane_pe/codec/i___218_i_6__1/O
                         net (fo=2, routed)           0.450    47.152    candidate_lanes[1].lane_pe/codec/i___218_i_6__1_n_0
    SLICE_X14Y102        LUT6 (Prop_E6LUT_SLICEL_I0_O)
                                                      0.223    47.375 r  candidate_lanes[1].lane_pe/codec/i_/i___218_i_14/O
                         net (fo=1, routed)           0.011    47.386    candidate_lanes[1].lane_pe/codec/i_/i___218_i_14_n_0
    SLICE_X14Y102        CARRY8 (Prop_CARRY8_SLICEL_S[4]_CO[7])
                                                      0.232    47.618 r  candidate_lanes[1].lane_pe/codec/i_/i___218_i_2/CO[7]
                         net (fo=1, routed)           0.030    47.648    candidate_lanes[1].lane_pe/codec/i_/i___218_i_2_n_0
    SLICE_X14Y103        CARRY8 (Prop_CARRY8_SLICEL_CI_O[1])
                                                      0.106    47.754 r  candidate_lanes[1].lane_pe/codec/i_/i___221_i_5/O[1]
                         net (fo=1, routed)           0.454    48.208    candidate_lanes[1].lane_pe/codec/i_/i___221_i_5_n_14
    SLICE_X17Y103        CARRY8 (Prop_CARRY8_SLICEM_S[5]_CO[7])
                                                      0.238    48.446 r  candidate_lanes[1].lane_pe/codec/i_/i___218_i_1/CO[7]
                         net (fo=1, routed)           0.030    48.476    candidate_lanes[1].lane_pe/codec/i_/i___218_i_1_n_0
    SLICE_X17Y104        CARRY8 (Prop_CARRY8_SLICEM_CI_CO[3])
                                                      0.082    48.558 r  candidate_lanes[1].lane_pe/codec/i_/i___221_i_2/CO[3]
                         net (fo=103, routed)         0.623    49.181    candidate_lanes[1].lane_pe/codec/i_/i___221_i_2_n_4
    SLICE_X22Y121        LUT2 (Prop_F6LUT_SLICEL_I0_O)
                                                      0.187    49.368 r  candidate_lanes[1].lane_pe/codec/i___221_i_81__0/O
                         net (fo=1, routed)           0.015    49.383    candidate_lanes[1].lane_pe/codec/i___221_i_81__0_n_0
    SLICE_X22Y121        CARRY8 (Prop_CARRY8_SLICEL_S[5]_CO[7])
                                                      0.232    49.615 f  candidate_lanes[1].lane_pe/codec/i_/i___221_i_39/CO[7]
                         net (fo=1, routed)           0.030    49.645    candidate_lanes[1].lane_pe/codec/i_/i___221_i_39_n_0
    SLICE_X22Y122        CARRY8 (Prop_CARRY8_SLICEL_CI_CO[7])
                                                      0.065    49.710 f  candidate_lanes[1].lane_pe/codec/i_/i___221_i_8/CO[7]
                         net (fo=1, routed)           0.030    49.740    candidate_lanes[1].lane_pe/codec/i_/i___221_i_8_n_0
    SLICE_X22Y123        CARRY8 (Prop_CARRY8_SLICEL_CI_CO[7])
                                                      0.065    49.805 f  candidate_lanes[1].lane_pe/codec/i_/i___221_i_4/CO[7]
                         net (fo=1, routed)           0.030    49.835    candidate_lanes[1].lane_pe/codec/i_/i___221_i_4_n_0
    SLICE_X22Y124        CARRY8 (Prop_CARRY8_SLICEL_CI_CO[0])
                                                      0.074    49.909 f  candidate_lanes[1].lane_pe/codec/i_/i___221_i_1/CO[0]
                         net (fo=402, routed)         0.950    50.859    candidate_lanes[1].lane_pe/codec/i_/i___221_i_1_n_7
    SLICE_X23Y138        LUT3 (Prop_B6LUT_SLICEL_I0_O)
                                                      0.138    50.997 r  candidate_lanes[1].lane_pe/codec/i___174_i_2__2/O
                         net (fo=12, routed)          0.199    51.197    candidate_lanes[1].lane_pe/codec/i___91_i_22__0_n_0
    SLICE_X23Y138        LUT4 (Prop_D6LUT_SLICEL_I3_O)
                                                      0.221    51.418 r  candidate_lanes[1].lane_pe/codec/i___1/i___178/O
                         net (fo=1, routed)           0.013    51.431    candidate_lanes[1].lane_pe/codec/i___1/i___178_n_0
    SLICE_X23Y138        CARRY8 (Prop_CARRY8_SLICEL_S[3]_CO[7])
                                                      0.220    51.651 r  candidate_lanes[1].lane_pe/codec/i___91_i_3__0/CO[7]
                         net (fo=1, routed)           0.030    51.681    candidate_lanes[1].lane_pe/codec/i___91_i_3__0_n_0
    SLICE_X23Y139        CARRY8 (Prop_CARRY8_SLICEL_CI_O[3])
                                                      0.114    51.795 r  candidate_lanes[1].lane_pe/codec/i___193_i_1__1/O[3]
                         net (fo=3, routed)           0.410    52.205    candidate_lanes[1].lane_pe/codec/i___193_i_1__1_n_12
    SLICE_X23Y142        LUT6 (Prop_G6LUT_SLICEL_I5_O)
                                                      0.226    52.431 r  candidate_lanes[1].lane_pe/codec/i___223_i_239__0/O
                         net (fo=1, routed)           0.012    52.443    candidate_lanes[1].lane_pe/codec/i___223_i_239__0_n_0
    SLICE_X23Y142        CARRY8 (Prop_CARRY8_SLICEL_S[6]_CO[7])
                                                      0.171    52.614 r  candidate_lanes[1].lane_pe/codec/i___223_i_162__0/CO[7]
                         net (fo=1, routed)           0.030    52.644    candidate_lanes[1].lane_pe/codec/i___223_i_162__0_n_0
    SLICE_X23Y143        CARRY8 (Prop_CARRY8_SLICEL_CI_CO[7])
                                                      0.065    52.709 r  candidate_lanes[1].lane_pe/codec/i___223_i_74__0/CO[7]
                         net (fo=1, routed)           0.030    52.739    candidate_lanes[1].lane_pe/codec/i___223_i_74__0_n_0
    SLICE_X23Y144        CARRY8 (Prop_CARRY8_SLICEL_CI_O[3])
                                                      0.114    52.853 r  candidate_lanes[1].lane_pe/codec/i___223_i_39__1/O[3]
                         net (fo=3, routed)           0.944    53.797    candidate_lanes[1].lane_pe/codec/i___223_i_39__1_n_12
    SLICE_X17Y147        LUT3 (Prop_E6LUT_SLICEM_I0_O)
                                                      0.138    53.935 r  candidate_lanes[1].lane_pe/codec/i___223_i_48__1/O
                         net (fo=2, routed)           0.058    53.993    candidate_lanes[1].lane_pe/codec/i___223_i_48__1_n_0
    SLICE_X17Y147        LUT5 (Prop_D6LUT_SLICEM_I1_O)
                                                      0.134    54.127 r  candidate_lanes[1].lane_pe/codec/i___223_i_11__1/O
                         net (fo=2, routed)           0.278    54.405    candidate_lanes[1].lane_pe/codec/i___223_i_11__1_n_0
    SLICE_X18Y148        LUT6 (Prop_A6LUT_SLICEM_I0_O)
                                                      0.152    54.557 r  candidate_lanes[1].lane_pe/codec/i___223_i_18__1/O
                         net (fo=1, routed)           0.017    54.574    candidate_lanes[1].lane_pe/codec/i___223_i_18__1_n_0
    SLICE_X18Y148        CARRY8 (Prop_CARRY8_SLICEM_S[0]_O[2])
                                                      0.187    54.761 r  candidate_lanes[1].lane_pe/codec/i___223_i_3__0/O[2]
                         net (fo=1, routed)           0.466    55.227    candidate_lanes[1].lane_pe/codec/matrix_sum[27]
    SLICE_X19Y145        CARRY8 (Prop_CARRY8_SLICEL_S[1]_O[4])
                                                      0.279    55.506 r  candidate_lanes[1].lane_pe/codec/i___223_i_1__0/O[4]
                         net (fo=5, routed)           0.819    56.325    candidate_lanes[1].lane_pe/codec/i___223_i_1__0_n_11
    SLICE_X26Y142        LUT2 (Prop_C6LUT_SLICEL_I0_O)
                                                      0.187    56.512 r  candidate_lanes[1].lane_pe/codec/i___4_i_76__1/O
                         net (fo=1, routed)           0.015    56.527    candidate_lanes[1].lane_pe/codec/i___4_i_76__1_n_0
    SLICE_X26Y142        CARRY8 (Prop_CARRY8_SLICEL_S[2]_CO[7])
                                                      0.219    56.746 r  candidate_lanes[1].lane_pe/codec/i___4_i_52__0/CO[7]
                         net (fo=1, routed)           0.030    56.776    candidate_lanes[1].lane_pe/codec/i___4_i_52__0_n_0
    SLICE_X26Y143        CARRY8 (Prop_CARRY8_SLICEL_CI_CO[7])
                                                      0.065    56.841 r  candidate_lanes[1].lane_pe/codec/i___4_i_34__0/CO[7]
                         net (fo=1, routed)           0.030    56.871    candidate_lanes[1].lane_pe/codec/i___4_i_34__0_n_0
    SLICE_X26Y144        CARRY8 (Prop_CARRY8_SLICEL_CI_CO[7])
                                                      0.065    56.936 r  candidate_lanes[1].lane_pe/codec/i___4_i_31__1/CO[7]
                         net (fo=1, routed)           0.030    56.966    candidate_lanes[1].lane_pe/codec/i___4_i_31__1_n_0
    SLICE_X26Y145        CARRY8 (Prop_CARRY8_SLICEL_CI_CO[0])
                                                      0.074    57.040 r  candidate_lanes[1].lane_pe/codec/i___4_i_21__0/CO[0]
                         net (fo=32, routed)          0.340    57.380    candidate_lanes[1].lane_pe/codec/i___4_i_21__0_n_7
    SLICE_X27Y143        LUT4 (Prop_A6LUT_SLICEL_I2_O)
                                                      0.225    57.605 r  candidate_lanes[1].lane_pe/codec/i___211_i_9__0/O
                         net (fo=1, routed)           0.014    57.619    candidate_lanes[1].lane_pe/codec/i___211_i_9__0_n_0
    SLICE_X27Y143        CARRY8 (Prop_CARRY8_SLICEL_S[0]_CO[7])
                                                      0.278    57.897 r  candidate_lanes[1].lane_pe/codec/i___5/i___211_i_1/CO[7]
                         net (fo=1, routed)           0.030    57.927    candidate_lanes[1].lane_pe/codec/i___5/i___211_i_1_n_0
    SLICE_X27Y144        CARRY8 (Prop_CARRY8_SLICEL_CI_CO[7])
                                                      0.065    57.992 r  candidate_lanes[1].lane_pe/codec/i___5/i___110_i_1/CO[7]
                         net (fo=1, routed)           0.030    58.022    candidate_lanes[1].lane_pe/codec/i___5/i___110_i_1_n_0
    SLICE_X27Y145        CARRY8 (Prop_CARRY8_SLICEL_CI_CO[7])
                                                      0.065    58.087 r  candidate_lanes[1].lane_pe/codec/i___5/i___106_i_1/CO[7]
                         net (fo=1, routed)           0.030    58.117    candidate_lanes[1].lane_pe/codec/i___5/i___106_i_1_n_0
    SLICE_X27Y146        CARRY8 (Prop_CARRY8_SLICEL_CI_O[0])
                                                      0.078    58.195 f  candidate_lanes[1].lane_pe/codec/i___5/i___4_i_1__0/O[0]
                         net (fo=3, routed)           0.807    59.002    candidate_lanes[1].lane_pe/codec/i___5/i___4_i_1__0_n_15
    SLICE_X22Y146        LUT2 (Prop_A6LUT_SLICEL_I0_O)
                                                      0.188    59.190 r  candidate_lanes[1].lane_pe/codec/i___5/i___105/O
                         net (fo=1, routed)           0.014    59.204    candidate_lanes[1].lane_pe/codec/i___5/i___105_n_0
    SLICE_X22Y146        CARRY8 (Prop_CARRY8_SLICEL_S[0]_CO[3])
                                                      0.263    59.467 r  candidate_lanes[1].lane_pe/codec/i___5/i___4_i_2/CO[3]
                         net (fo=31, routed)          0.863    60.330    candidate_lanes[1].lane_pe/codec/i___5/i___4_i_2_n_4
    SLICE_X28Y142        LUT4 (Prop_A6LUT_SLICEM_I3_O)
                                                      0.138    60.468 r  candidate_lanes[1].lane_pe/codec/i___5/i___218/O
                         net (fo=1, routed)           0.017    60.485    candidate_lanes[1].lane_pe/codec/i___5/i___218_n_0
    SLICE_X28Y142        CARRY8 (Prop_CARRY8_SLICEM_S[0]_CO[7])
                                                      0.281    60.766 r  candidate_lanes[1].lane_pe/codec/i___5/distortion1_i_4/CO[7]
                         net (fo=1, routed)           0.030    60.796    candidate_lanes[1].lane_pe/codec/i___5/distortion1_i_4_n_0
    SLICE_X28Y143        CARRY8 (Prop_CARRY8_SLICEM_CI_O[7])
                                                      0.171    60.967 f  candidate_lanes[1].lane_pe/codec/i___5/distortion1_i_3/O[7]
                         net (fo=4, routed)           0.693    61.660    candidate_lanes[1].lane_pe/codec/distortion1__0/B[15]
    DSP48E2_X6Y60        DSP_A_B_DATA (Prop_DSP_A_B_DATA_DSP48E2_B[15]_B2_DATA[15])
                                                      0.216    61.876 r  candidate_lanes[1].lane_pe/codec/distortion1__0/DSP_A_B_DATA_INST/B2_DATA[15]
                         net (fo=1, routed)           0.000    61.876    candidate_lanes[1].lane_pe/codec/distortion1__0/DSP_A_B_DATA.B2_DATA<15>
    DSP48E2_X6Y60        DSP_PREADD_DATA (Prop_DSP_PREADD_DATA_DSP48E2_B2_DATA[15]_B2B1[15])
                                                      0.097    61.973 r  candidate_lanes[1].lane_pe/codec/distortion1__0/DSP_PREADD_DATA_INST/B2B1[15]
                         net (fo=1, routed)           0.000    61.973    candidate_lanes[1].lane_pe/codec/distortion1__0/DSP_PREADD_DATA.B2B1<15>
    DSP48E2_X6Y60        DSP_MULTIPLIER (Prop_DSP_MULTIPLIER_DSP48E2_B2B1[15]_U[43])
                                                      0.773    62.746 f  candidate_lanes[1].lane_pe/codec/distortion1__0/DSP_MULTIPLIER_INST/U[43]
                         net (fo=1, routed)           0.000    62.746    candidate_lanes[1].lane_pe/codec/distortion1__0/DSP_MULTIPLIER.U<43>
    DSP48E2_X6Y60        DSP_M_DATA (Prop_DSP_M_DATA_DSP48E2_U[43]_U_DATA[43])
                                                      0.067    62.813 r  candidate_lanes[1].lane_pe/codec/distortion1__0/DSP_M_DATA_INST/U_DATA[43]
                         net (fo=1, routed)           0.000    62.813    candidate_lanes[1].lane_pe/codec/distortion1__0/DSP_M_DATA.U_DATA<43>
    DSP48E2_X6Y60        DSP_ALU (Prop_DSP_ALU_DSP48E2_U_DATA[43]_ALU_OUT[47])
                                                      0.727    63.540 f  candidate_lanes[1].lane_pe/codec/distortion1__0/DSP_ALU_INST/ALU_OUT[47]
                         net (fo=1, routed)           0.000    63.540    candidate_lanes[1].lane_pe/codec/distortion1__0/DSP_ALU.ALU_OUT<47>
    DSP48E2_X6Y60        DSP_OUTPUT (Prop_DSP_OUTPUT_DSP48E2_ALU_OUT[47]_PCOUT[47])
                                                      0.167    63.707 r  candidate_lanes[1].lane_pe/codec/distortion1__0/DSP_OUTPUT_INST/PCOUT[47]
                         net (fo=1, routed)           0.014    63.721    candidate_lanes[1].lane_pe/codec/distortion1__1/PCIN[47]
    DSP48E2_X6Y61        DSP_ALU (Prop_DSP_ALU_DSP48E2_PCIN[47]_ALU_OUT[0])
                                                      0.739    64.460 f  candidate_lanes[1].lane_pe/codec/distortion1__1/DSP_ALU_INST/ALU_OUT[0]
                         net (fo=1, routed)           0.000    64.460    candidate_lanes[1].lane_pe/codec/distortion1__1/DSP_ALU.ALU_OUT<0>
    DSP48E2_X6Y61        DSP_OUTPUT (Prop_DSP_OUTPUT_DSP48E2_ALU_OUT[0]_P[0])
                                                      0.146    64.606 r  candidate_lanes[1].lane_pe/codec/distortion1__1/DSP_OUTPUT_INST/P[0]
                         net (fo=2, routed)           0.725    65.331    candidate_lanes[1].lane_pe/codec/distortion1__1_n_105
    SLICE_X21Y151        LUT2 (Prop_B6LUT_SLICEM_I0_O)
                                                      0.057    65.388 r  candidate_lanes[1].lane_pe/codec/out_distortion[31]_i_524/O
                         net (fo=1, routed)           0.022    65.410    candidate_lanes[1].lane_pe/codec/out_distortion[31]_i_524_n_0
    SLICE_X21Y151        CARRY8 (Prop_CARRY8_SLICEM_S[1]_O[2])
                                                      0.179    65.589 r  candidate_lanes[1].lane_pe/codec/out_distortion_reg[31]_i_440/O[2]
                         net (fo=3, routed)           0.431    66.020    candidate_lanes[1].lane_pe/codec/out_distortion_reg[31]_i_440_n_13
    SLICE_X21Y165        LUT3 (Prop_A6LUT_SLICEM_I1_O)
                                                      0.058    66.078 r  candidate_lanes[1].lane_pe/codec/out_distortion[31]_i_379/O
                         net (fo=1, routed)           0.393    66.471    candidate_lanes[1].lane_pe/codec/out_distortion[31]_i_379_n_0
    SLICE_X21Y174        CARRY8 (Prop_CARRY8_SLICEM_DI[3]_O[5])
                                                      0.268    66.739 r  candidate_lanes[1].lane_pe/codec/out_distortion_reg[31]_i_182/O[5]
                         net (fo=3, routed)           0.592    67.331    candidate_lanes[1].lane_pe/codec/out_distortion_reg[31]_i_182_n_10
    SLICE_X20Y191        LUT6 (Prop_F6LUT_SLICEM_I3_O)
                                                      0.186    67.517 r  candidate_lanes[1].lane_pe/codec/out_distortion[31]_i_138/O
                         net (fo=1, routed)           0.029    67.546    candidate_lanes[1].lane_pe/codec/out_distortion[31]_i_138_n_0
    SLICE_X20Y191        CARRY8 (Prop_CARRY8_SLICEM_S[5]_O[5])
                                                      0.084    67.630 r  candidate_lanes[1].lane_pe/codec/out_distortion_reg[31]_i_30/O[5]
                         net (fo=3, routed)           0.385    68.015    candidate_lanes[1].lane_pe/codec/out_distortion_reg[31]_i_30_n_10
    SLICE_X21Y207        LUT3 (Prop_E5LUT_SLICEM_I1_O)
                                                      0.225    68.240 r  candidate_lanes[1].lane_pe/codec/out_distortion[23]_i_19/O
                         net (fo=2, routed)           0.156    68.396    candidate_lanes[1].lane_pe/codec/out_distortion[23]_i_19_n_0
    SLICE_X22Y207        LUT5 (Prop_H6LUT_SLICEL_I1_O)
                                                      0.188    68.584 r  candidate_lanes[1].lane_pe/codec/out_distortion[23]_i_3/O
                         net (fo=2, routed)           0.124    68.708    candidate_lanes[1].lane_pe/codec/out_distortion[23]_i_3_n_0
    SLICE_X22Y205        LUT6 (Prop_G6LUT_SLICEL_I0_O)
                                                      0.186    68.894 r  candidate_lanes[1].lane_pe/codec/out_distortion[23]_i_11/O
                         net (fo=1, routed)           0.012    68.906    candidate_lanes[1].lane_pe/codec/out_distortion[23]_i_11_n_0
    SLICE_X22Y205        CARRY8 (Prop_CARRY8_SLICEL_S[6]_CO[7])
                                                      0.171    69.076 r  candidate_lanes[1].lane_pe/codec/out_distortion_reg[23]_i_1/CO[7]
                         net (fo=1, routed)           0.030    69.106    candidate_lanes[1].lane_pe/codec/out_distortion_reg[23]_i_1_n_0
    SLICE_X22Y206        CARRY8 (Prop_CARRY8_SLICEL_CI_O[0])
                                                      0.078    69.185 r  candidate_lanes[1].lane_pe/codec/out_distortion_reg[31]_i_2/O[0]
                         net (fo=1, routed)           0.032    69.216    candidate_lanes[1].lane_pe/codec_distortion[24]
    SLICE_X22Y206        FDRE                                         r  candidate_lanes[1].lane_pe/out_distortion_reg[24]/D
  -------------------------------------------------------------------    -------------------

                         (clock chia_rdo_clk rise edge)
                                                      5.000     5.000 r  
                                                      0.000     5.000 r  clk (IN)
                         net (fo=1936, unset)         0.029     5.029    candidate_lanes[1].lane_pe/clk
    SLICE_X22Y206        FDRE                                         r  candidate_lanes[1].lane_pe/out_distortion_reg[24]/C
                         clock pessimism              0.000     5.029    
                         clock uncertainty           -0.035     4.994    
    SLICE_X22Y206        FDRE (Setup_AFF_SLICEL_C_D)
                                                      0.044     5.038    candidate_lanes[1].lane_pe/out_distortion_reg[24]
  -------------------------------------------------------------------
                         required time                          5.038    
                         arrival time                         -69.217    
  -------------------------------------------------------------------
                         slack                                -64.179    

Slack (VIOLATED) :        -64.074ns  (required time - arrival time)
  Source:                 launched_count_reg[3]_replica/C
                            (rising edge-triggered cell FDRE clocked by chia_rdo_clk  {rise@0.000ns fall@2.500ns period=5.000ns})
  Destination:            candidate_lanes[0].lane_pe/out_distortion_reg[31]/D
                            (rising edge-triggered cell FDRE clocked by chia_rdo_clk  {rise@0.000ns fall@2.500ns period=5.000ns})
  Path Group:             chia_rdo_clk
  Path Type:              Setup (Max at Slow Process Corner)
  Requirement:            5.000ns  (chia_rdo_clk rise@5.000ns - chia_rdo_clk rise@0.000ns)
  Data Path Delay:        69.070ns  (logic 35.192ns (50.951%)  route 33.878ns (49.049%))
  Logic Levels:           175  (CARRY8=71 DSP_A_B_DATA=5 DSP_ALU=10 DSP_M_DATA=4 DSP_MULTIPLIER=4 DSP_OUTPUT=10 DSP_PREADD_DATA=4 LUT1=1 LUT2=11 LUT3=10 LUT4=9 LUT5=15 LUT6=17 MUXF7=3 MUXF8=1)
  Clock Path Skew:        -0.012ns (DCD - SCD + CPR)
    Destination Clock Delay (DCD):    0.031ns = ( 5.031 - 5.000 ) 
    Source Clock Delay      (SCD):    0.043ns
    Clock Pessimism Removal (CPR):    0.000ns
  Clock Uncertainty:      0.035ns  ((TSJ^2 + TIJ^2)^1/2 + DJ) / 2 + PE
    Total System Jitter     (TSJ):    0.071ns
    Total Input Jitter      (TIJ):    0.000ns
    Discrete Jitter          (DJ):    0.000ns
    Phase Error              (PE):    0.000ns

    Location             Delay type                Incr(ns)  Path(ns)    Netlist Resource(s)
  -------------------------------------------------------------------    -------------------
                         (clock chia_rdo_clk rise edge)
                                                      0.000     0.000 r  
                                                      0.000     0.000 r  clk (IN)
                         net (fo=1936, unset)         0.043     0.043    clk
    SLICE_X31Y209        FDRE                                         r  launched_count_reg[3]_replica/C
  -------------------------------------------------------------------    -------------------
    SLICE_X31Y209        FDRE (Prop_FFF2_SLICEM_C_Q)
                                                      0.116     0.159 r  launched_count_reg[3]_replica/Q
                         net (fo=16, routed)          0.301     0.460    candidate_lanes[0].lane_pe/rd_cost/p_4_in[3]_repN_alias
    SLICE_X32Y209        LUT4 (Prop_B6LUT_SLICEM_I2_O)
                                                      0.152     0.612 r  candidate_lanes[0].lane_pe/rd_cost/lane_rank[0][5]_i_16/O
                         net (fo=1, routed)           0.022     0.634    candidate_lanes[0].lane_pe/rd_cost/lane_rank[0][5]_i_16_n_0
    SLICE_X32Y209        CARRY8 (Prop_CARRY8_SLICEM_S[1]_CO[3])
                                                      0.257     0.891 r  candidate_lanes[0].lane_pe/rd_cost/lane_rank_reg[0][5]_i_3/CO[3]
                         net (fo=59, routed)          0.231     1.122    candidate_lanes[0].lane_pe/codec/mode_reg_reg[5][0]
    SLICE_X32Y208        LUT6 (Prop_D6LUT_SLICEM_I1_O)
                                                      0.056     1.178 r  candidate_lanes[0].lane_pe/codec/multi_stage.rate_stage00_i_232__0/O
                         net (fo=4, routed)           0.063     1.241    candidate_lanes[0].lane_pe/codec/launched_count_reg[2]
    SLICE_X32Y208        LUT5 (Prop_G6LUT_SLICEM_I4_O)
                                                      0.152     1.393 r  candidate_lanes[0].lane_pe/codec/multi_stage.rate_stage00_i_91/O
                         net (fo=72, routed)          0.423     1.815    candidate_lanes[0].lane_pe/codec/launched_count_reg[4]
    SLICE_X33Y212        LUT5 (Prop_G6LUT_SLICEL_I4_O)
                                                      0.186     2.001 r  candidate_lanes[0].lane_pe/codec/mode_reg[5]_i_37/O
                         net (fo=1, routed)           0.012     2.013    candidate_lanes[0].lane_pe/codec/mode_reg[5]_i_37_n_0
    SLICE_X33Y212        MUXF7 (Prop_F7MUX_GH_SLICEL_I1_O)
                                                      0.087     2.100 r  candidate_lanes[0].lane_pe/codec/mode_reg_reg[5]_i_21/O
                         net (fo=1, routed)           0.000     2.100    candidate_lanes[0].lane_pe/codec/mode_reg_reg[5]_i_21_n_0
    SLICE_X33Y212        MUXF8 (Prop_F8MUX_TOP_SLICEL_I0_O)
                                                      0.031     2.131 r  candidate_lanes[0].lane_pe/codec/mode_reg_reg[5]_i_9__0/O
                         net (fo=2, routed)           0.650     2.781    candidate_lanes[0].lane_pe/codec/mode_reg_reg[5]_i_9__0_n_0
    SLICE_X35Y189        LUT5 (Prop_F6LUT_SLICEM_I0_O)
                                                      0.186     2.967 r  candidate_lanes[0].lane_pe/codec/mode_reg[3]_i_2__0/O
                         net (fo=2, routed)           0.399     3.367    candidate_lanes[0].lane_pe/codec/mode_reg[3]_i_2__0_n_0
    SLICE_X34Y178        LUT6 (Prop_A6LUT_SLICEM_I4_O)
                                                      0.226     3.593 r  candidate_lanes[0].lane_pe/codec/mode_reg[3]_i_1__0/O
                         net (fo=33, routed)          0.491     4.083    candidate_lanes[0].lane_pe/codec/D[0]
    SLICE_X41Y178        LUT5 (Prop_D6LUT_SLICEM_I2_O)
                                                      0.134     4.217 r  candidate_lanes[0].lane_pe/codec/angular_temporary1__14_i_9__0/O
                         net (fo=182, routed)         0.148     4.366    candidate_lanes[0].lane_pe/codec/angular_temporary1__14_i_9__0_n_0
    SLICE_X42Y178        LUT2 (Prop_B6LUT_SLICEL_I1_O)
                                                      0.224     4.590 r  candidate_lanes[0].lane_pe/codec/angular_temporary1_i_55__0/O
                         net (fo=1, routed)           0.013     4.603    candidate_lanes[0].lane_pe/codec/angular_temporary1_i_55__0_n_0
    SLICE_X42Y178        CARRY8 (Prop_CARRY8_SLICEL_S[1]_CO[6])
                                                      0.294     4.897 r  candidate_lanes[0].lane_pe/codec/angular_temporary1_i_16/CO[6]
                         net (fo=144, routed)         0.256     5.153    candidate_lanes[0].lane_pe/codec/angular_temporary1_i_16_n_1
    SLICE_X43Y177        LUT5 (Prop_G6LUT_SLICEM_I0_O)
                                                      0.152     5.305 r  candidate_lanes[0].lane_pe/codec/angular_temporary1__0_i_1/O
                         net (fo=117, routed)         0.355     5.659    candidate_lanes[0].lane_pe/codec/angular_temporary1__0_i_1_n_0
    SLICE_X44Y175        LUT2 (Prop_A6LUT_SLICEL_I1_O)
                                                      0.082     5.741 r  candidate_lanes[0].lane_pe/codec/angular_temporary1__5_i_89__0/O
                         net (fo=1, routed)           0.014     5.755    candidate_lanes[0].lane_pe/codec/angular_temporary1__5_i_89__0_n_0
    SLICE_X44Y175        CARRY8 (Prop_CARRY8_SLICEL_S[0]_CO[7])
                                                      0.278     6.033 r  candidate_lanes[0].lane_pe/codec/angular_temporary1__5_i_50/CO[7]
                         net (fo=1, routed)           0.030     6.063    candidate_lanes[0].lane_pe/codec/angular_temporary1__5_i_50_n_0
    SLICE_X44Y176        CARRY8 (Prop_CARRY8_SLICEL_CI_CO[7])
                                                      0.073     6.136 r  candidate_lanes[0].lane_pe/codec/angular_temporary1__5_i_31/CO[7]
                         net (fo=50, routed)          0.308     6.445    candidate_lanes[0].lane_pe/codec/angular_temporary1__5_i_31_n_0
    SLICE_X45Y176        LUT6 (Prop_H6LUT_SLICEM_I0_O)
                                                      0.228     6.673 r  candidate_lanes[0].lane_pe/codec/angular_temporary1__9_i_117__0/O
                         net (fo=2, routed)           0.236     6.909    candidate_lanes[0].lane_pe/codec/angular_temporary1__9_i_117__0_n_0
    SLICE_X45Y175        CARRY8 (Prop_CARRY8_SLICEM_DI[2]_O[4])
                                                      0.240     7.149 r  candidate_lanes[0].lane_pe/codec/angular_temporary1__9_i_65/O[4]
                         net (fo=2, routed)           0.412     7.561    candidate_lanes[0].lane_pe/codec/angular_temporary1__9_i_65_n_11
    SLICE_X47Y176        LUT4 (Prop_E6LUT_SLICEL_I2_O)
                                                      0.138     7.699 r  candidate_lanes[0].lane_pe/codec/angular_temporary3__1_i_130/O
                         net (fo=1, routed)           0.011     7.710    candidate_lanes[0].lane_pe/codec/angular_temporary3__1_i_130_n_0
    SLICE_X47Y176        CARRY8 (Prop_CARRY8_SLICEL_S[4]_CO[7])
                                                      0.232     7.942 r  candidate_lanes[0].lane_pe/codec/angular_temporary3__1_i_70/CO[7]
                         net (fo=1, routed)           0.030     7.972    candidate_lanes[0].lane_pe/codec/angular_temporary3__1_i_70_n_0
    SLICE_X47Y177        CARRY8 (Prop_CARRY8_SLICEL_CI_O[2])
                                                      0.093     8.065 r  candidate_lanes[0].lane_pe/codec/angular_temporary3__1_i_51/O[2]
                         net (fo=32, routed)          0.659     8.724    candidate_lanes[0].lane_pe/codec/sel0[2]
    SLICE_X49Y177        LUT6 (Prop_B6LUT_SLICEL_I2_O)
                                                      0.224     8.948 f  candidate_lanes[0].lane_pe/codec/angular_temporary3__1_i_99__0/O
                         net (fo=1, routed)           0.013     8.961    candidate_lanes[0].lane_pe/codec/angular_temporary3__1_i_99__0_n_0
    SLICE_X49Y177        MUXF7 (Prop_F7MUX_AB_SLICEL_I0_O)
                                                      0.096     9.057 f  candidate_lanes[0].lane_pe/codec/angular_temporary3__1_i_58__0/O
                         net (fo=1, routed)           0.304     9.361    candidate_lanes[0].lane_pe/codec/angular_temporary3__1_i_58__0_n_0
    SLICE_X49Y170        LUT6 (Prop_A6LUT_SLICEL_I1_O)
                                                      0.188     9.549 f  candidate_lanes[0].lane_pe/codec/angular_temporary3__1_i_36__0/O
                         net (fo=1, routed)           0.144     9.693    candidate_lanes[0].lane_pe/codec/angular_temporary3__1_i_36__0_n_0
    SLICE_X49Y169        LUT6 (Prop_A6LUT_SLICEL_I5_O)
                                                      0.225     9.918 f  candidate_lanes[0].lane_pe/codec/angular_temporary3__1_i_16__0/O
                         net (fo=1, routed)           0.014     9.932    candidate_lanes[0].lane_pe/codec/angular_temporary3__1_i_16__0_n_0
    SLICE_X49Y169        MUXF7 (Prop_F7MUX_AB_SLICEL_I1_O)
                                                      0.096    10.028 f  candidate_lanes[0].lane_pe/codec/angular_temporary3__1_i_4__0/O
                         net (fo=3, routed)           0.389    10.417    candidate_lanes[0].lane_pe/codec/angular_temporary3__1/A[4]
    DSP48E2_X12Y66       DSP_A_B_DATA (Prop_DSP_A_B_DATA_DSP48E2_A[4]_A2_DATA[4])
                                                      0.258    10.675 r  candidate_lanes[0].lane_pe/codec/angular_temporary3__1/DSP_A_B_DATA_INST/A2_DATA[4]
                         net (fo=1, routed)           0.000    10.675    candidate_lanes[0].lane_pe/codec/angular_temporary3__1/DSP_A_B_DATA.A2_DATA<4>
    DSP48E2_X12Y66       DSP_PREADD_DATA (Prop_DSP_PREADD_DATA_DSP48E2_A2_DATA[4]_A2A1[4])
                                                      0.114    10.789 r  candidate_lanes[0].lane_pe/codec/angular_temporary3__1/DSP_PREADD_DATA_INST/A2A1[4]
                         net (fo=1, routed)           0.000    10.789    candidate_lanes[0].lane_pe/codec/angular_temporary3__1/DSP_PREADD_DATA.A2A1<4>
    DSP48E2_X12Y66       DSP_MULTIPLIER (Prop_DSP_MULTIPLIER_DSP48E2_A2A1[4]_U[25])
                                                      0.700    11.489 f  candidate_lanes[0].lane_pe/codec/angular_temporary3__1/DSP_MULTIPLIER_INST/U[25]
                         net (fo=1, routed)           0.000    11.489    candidate_lanes[0].lane_pe/codec/angular_temporary3__1/DSP_MULTIPLIER.U<25>
    DSP48E2_X12Y66       DSP_M_DATA (Prop_DSP_M_DATA_DSP48E2_U[25]_U_DATA[25])
                                                      0.067    11.556 r  candidate_lanes[0].lane_pe/codec/angular_temporary3__1/DSP_M_DATA_INST/U_DATA[25]
                         net (fo=1, routed)           0.000    11.556    candidate_lanes[0].lane_pe/codec/angular_temporary3__1/DSP_M_DATA.U_DATA<25>
    DSP48E2_X12Y66       DSP_ALU (Prop_DSP_ALU_DSP48E2_U_DATA[25]_ALU_OUT[47])
                                                      0.727    12.283 f  candidate_lanes[0].lane_pe/codec/angular_temporary3__1/DSP_ALU_INST/ALU_OUT[47]
                         net (fo=1, routed)           0.000    12.283    candidate_lanes[0].lane_pe/codec/angular_temporary3__1/DSP_ALU.ALU_OUT<47>
    DSP48E2_X12Y66       DSP_OUTPUT (Prop_DSP_OUTPUT_DSP48E2_ALU_OUT[47]_PCOUT[47])
                                                      0.167    12.450 r  candidate_lanes[0].lane_pe/codec/angular_temporary3__1/DSP_OUTPUT_INST/PCOUT[47]
                         net (fo=1, routed)           0.014    12.464    candidate_lanes[0].lane_pe/codec/angular_temporary3__2/PCIN[47]
    DSP48E2_X12Y67       DSP_ALU (Prop_DSP_ALU_DSP48E2_PCIN[47]_ALU_OUT[14])
                                                      0.739    13.203 r  candidate_lanes[0].lane_pe/codec/angular_temporary3__2/DSP_ALU_INST/ALU_OUT[14]
                         net (fo=1, routed)           0.000    13.203    candidate_lanes[0].lane_pe/codec/angular_temporary3__2/DSP_ALU.ALU_OUT<14>
    DSP48E2_X12Y67       DSP_OUTPUT (Prop_DSP_OUTPUT_DSP48E2_ALU_OUT[14]_P[14])
                                                      0.146    13.349 f  candidate_lanes[0].lane_pe/codec/angular_temporary3__2/DSP_OUTPUT_INST/P[14]
                         net (fo=17, routed)          0.768    14.117    candidate_lanes[0].lane_pe/codec/angular_temporary1__1/A[25]
    DSP48E2_X12Y54       DSP_A_B_DATA (Prop_DSP_A_B_DATA_DSP48E2_A[25]_A_ALU[25])
                                                      0.265    14.382 r  candidate_lanes[0].lane_pe/codec/angular_temporary1__1/DSP_A_B_DATA_INST/A_ALU[25]
                         net (fo=1, routed)           0.000    14.382    candidate_lanes[0].lane_pe/codec/angular_temporary1__1/DSP_A_B_DATA.A_ALU<25>
    DSP48E2_X12Y54       DSP_ALU (Prop_DSP_ALU_DSP48E2_A_ALU[25]_ALU_OUT[47])
                                                      0.726    15.108 f  candidate_lanes[0].lane_pe/codec/angular_temporary1__1/DSP_ALU_INST/ALU_OUT[47]
                         net (fo=1, routed)           0.000    15.108    candidate_lanes[0].lane_pe/codec/angular_temporary1__1/DSP_ALU.ALU_OUT<47>
    DSP48E2_X12Y54       DSP_OUTPUT (Prop_DSP_OUTPUT_DSP48E2_ALU_OUT[47]_PCOUT[47])
                                                      0.167    15.275 r  candidate_lanes[0].lane_pe/codec/angular_temporary1__1/DSP_OUTPUT_INST/PCOUT[47]
                         net (fo=1, routed)           0.014    15.289    candidate_lanes[0].lane_pe/codec/angular_temporary1__2/PCIN[47]
    DSP48E2_X12Y55       DSP_ALU (Prop_DSP_ALU_DSP48E2_PCIN[47]_ALU_OUT[8])
                                                      0.739    16.028 f  candidate_lanes[0].lane_pe/codec/angular_temporary1__2/DSP_ALU_INST/ALU_OUT[8]
                         net (fo=1, routed)           0.000    16.028    candidate_lanes[0].lane_pe/codec/angular_temporary1__2/DSP_ALU.ALU_OUT<8>
    DSP48E2_X12Y55       DSP_OUTPUT (Prop_DSP_OUTPUT_DSP48E2_ALU_OUT[8]_P[8])
                                                      0.146    16.174 r  candidate_lanes[0].lane_pe/codec/angular_temporary1__2/DSP_OUTPUT_INST/P[8]
                         net (fo=2, routed)           0.466    16.640    candidate_lanes[0].lane_pe/codec/angular_temporary1__2_n_97
    SLICE_X50Y131        LUT3 (Prop_E6LUT_SLICEL_I0_O)
                                                      0.223    16.863 r  candidate_lanes[0].lane_pe/codec/i___1_i_273/O
                         net (fo=2, routed)           0.147    17.010    candidate_lanes[0].lane_pe/codec/i___1_i_273_n_0
    SLICE_X50Y132        LUT6 (Prop_D6LUT_SLICEL_I0_O)
                                                      0.136    17.146 r  candidate_lanes[0].lane_pe/codec/i___1_i_281/O
                         net (fo=1, routed)           0.013    17.159    candidate_lanes[0].lane_pe/codec/i___1_i_281_n_0
    SLICE_X50Y132        CARRY8 (Prop_CARRY8_SLICEL_S[3]_CO[7])
                                                      0.220    17.379 r  candidate_lanes[0].lane_pe/codec/i___1_i_193/CO[7]
                         net (fo=1, routed)           0.030    17.409    candidate_lanes[0].lane_pe/codec/i___1_i_193_n_0
    SLICE_X50Y133        CARRY8 (Prop_CARRY8_SLICEL_CI_CO[7])
                                                      0.065    17.474 r  candidate_lanes[0].lane_pe/codec/i___272_i_72/CO[7]
                         net (fo=1, routed)           0.030    17.504    candidate_lanes[0].lane_pe/codec/i___272_i_72_n_0
    SLICE_X50Y134        CARRY8 (Prop_CARRY8_SLICEL_CI_O[5])
                                                      0.161    17.665 f  candidate_lanes[0].lane_pe/codec/i___272_i_70/O[5]
                         net (fo=3, routed)           0.193    17.859    candidate_lanes[0].lane_pe/codec/i___272_i_70_n_10
    SLICE_X50Y136        LUT2 (Prop_G6LUT_SLICEL_I1_O)
                                                      0.226    18.085 r  candidate_lanes[0].lane_pe/codec/i___100_i_51__0/O
                         net (fo=1, routed)           0.012    18.097    candidate_lanes[0].lane_pe/codec/i___100_i_51__0_n_0
    SLICE_X50Y136        CARRY8 (Prop_CARRY8_SLICEL_S[6]_CO[7])
                                                      0.171    18.268 r  candidate_lanes[0].lane_pe/codec/i___100_i_30/CO[7]
                         net (fo=1, routed)           0.030    18.298    candidate_lanes[0].lane_pe/codec/i___100_i_30_n_0
    SLICE_X50Y137        CARRY8 (Prop_CARRY8_SLICEL_CI_CO[3])
                                                      0.082    18.380 r  candidate_lanes[0].lane_pe/codec/i___100_i_28/CO[3]
                         net (fo=27, routed)          0.785    19.165    candidate_lanes[0].lane_pe/codec/i___100_i_28_n_4
    SLICE_X48Y133        LUT3 (Prop_A6LUT_SLICEL_I1_O)
                                                      0.058    19.223 r  candidate_lanes[0].lane_pe/codec/i___1_i_143/O
                         net (fo=1, routed)           0.219    19.442    candidate_lanes[0].lane_pe/codec/i___1_i_143_n_0
    SLICE_X45Y134        LUT5 (Prop_C6LUT_SLICEM_I0_O)
                                                      0.149    19.591 r  candidate_lanes[0].lane_pe/codec/i___1_i_80__4/O
                         net (fo=2, routed)           0.121    19.712    candidate_lanes[0].lane_pe/codec/angular_temporary1_out[0]
    SLICE_X45Y133        LUT5 (Prop_G6LUT_SLICEM_I0_O)
                                                      0.186    19.898 r  candidate_lanes[0].lane_pe/codec/i__i_25__3/O
                         net (fo=3, routed)           0.763    20.661    candidate_lanes[0].lane_pe/codec/data4[0]
    SLICE_X45Y79         LUT5 (Prop_A6LUT_SLICEM_I4_O)
                                                      0.083    20.744 r  candidate_lanes[0].lane_pe/codec/i__i_9__6/O
                         net (fo=1, routed)           0.017    20.761    candidate_lanes[0].lane_pe/codec/i__i_9__6_n_0
    SLICE_X45Y79         CARRY8 (Prop_CARRY8_SLICEM_S[0]_O[7])
                                                      0.336    21.097 r  candidate_lanes[0].lane_pe/codec/i__i_1__1__0/O[7]
                         net (fo=27, routed)          0.938    22.034    candidate_lanes[0].lane_pe/codec/codec_residual[115]
    SLICE_X43Y52         LUT2 (Prop_G6LUT_SLICEM_I0_O)
                                                      0.137    22.171 r  candidate_lanes[0].lane_pe/codec/i___5/i___90_i_11/O
                         net (fo=1, routed)           0.021    22.192    candidate_lanes[0].lane_pe/codec/i___5/i___90_i_11_n_0
    SLICE_X43Y52         CARRY8 (Prop_CARRY8_SLICEM_S[6]_O[6])
                                                      0.082    22.274 r  candidate_lanes[0].lane_pe/codec/i___5/i___90_i_2/O[6]
                         net (fo=3, routed)           0.379    22.654    candidate_lanes[0].lane_pe/codec/i___5/i___90_i_2_n_9
    SLICE_X40Y53         LUT4 (Prop_E6LUT_SLICEM_I3_O)
                                                      0.187    22.841 r  candidate_lanes[0].lane_pe/codec/i___5/i___4_i_37/O
                         net (fo=1, routed)           0.018    22.859    candidate_lanes[0].lane_pe/codec/i___5/i___4_i_37_n_0
    SLICE_X40Y53         CARRY8 (Prop_CARRY8_SLICEM_S[4]_O[4])
                                                      0.079    22.938 r  candidate_lanes[0].lane_pe/codec/i___5/i___4_i_18/O[4]
                         net (fo=2, routed)           0.434    23.372    candidate_lanes[0].lane_pe/codec/i___5/i___4_i_18_n_11
    SLICE_X39Y33         LUT5 (Prop_A6LUT_SLICEL_I0_O)
                                                      0.225    23.597 r  candidate_lanes[0].lane_pe/codec/i___40_i_9/O
                         net (fo=2, routed)           0.494    24.091    candidate_lanes[0].lane_pe/codec/i___40_i_9_n_0
    SLICE_X25Y31         LUT6 (Prop_A6LUT_SLICEM_I0_O)
                                                      0.152    24.243 r  candidate_lanes[0].lane_pe/codec/i___5/i___40_i_17/O
                         net (fo=1, routed)           0.017    24.260    candidate_lanes[0].lane_pe/codec/i___5/i___40_i_17_n_0
    SLICE_X25Y31         CARRY8 (Prop_CARRY8_SLICEM_S[0]_O[4])
                                                      0.288    24.548 r  candidate_lanes[0].lane_pe/codec/i___5/i___40_i_1/O[4]
                         net (fo=25, routed)          0.543    25.091    candidate_lanes[0].lane_pe/codec/i___5/i___40_i_1_n_11
    SLICE_X24Y16         LUT2 (Prop_D6LUT_SLICEM_I1_O)
                                                      0.185    25.276 r  candidate_lanes[0].lane_pe/codec/i___4/i__rep__34/O
                         net (fo=1, routed)           0.032    25.308    candidate_lanes[0].lane_pe/codec/i___4/i__rep__34_n_0
    SLICE_X24Y16         CARRY8 (Prop_CARRY8_SLICEM_S[3]_O[4])
                                                      0.215    25.523 r  candidate_lanes[0].lane_pe/codec/i___4/i___7_i_53/O[4]
                         net (fo=2, routed)           0.173    25.696    candidate_lanes[0].lane_pe/codec/i___4/i___7_i_53_n_11
    SLICE_X24Y14         LUT3 (Prop_A6LUT_SLICEM_I1_O)
                                                      0.226    25.922 r  candidate_lanes[0].lane_pe/codec/(null)[0].value4__8_i_113/O
                         net (fo=2, routed)           0.657    26.579    candidate_lanes[0].lane_pe/codec/(null)[0].value4__8_i_113_n_0
    SLICE_X22Y16         LUT4 (Prop_B6LUT_SLICEL_I3_O)
                                                      0.083    26.662 r  candidate_lanes[0].lane_pe/codec/(null)[0].value4__8_i_121/O
                         net (fo=1, routed)           0.013    26.675    candidate_lanes[0].lane_pe/codec/(null)[0].value4__8_i_121_n_0
    SLICE_X22Y16         CARRY8 (Prop_CARRY8_SLICEL_S[1]_O[1])
                                                      0.080    26.755 r  candidate_lanes[0].lane_pe/codec/i___4/(null)[0].value4__8_i_88/O[1]
                         net (fo=4, routed)           0.430    27.184    candidate_lanes[0].lane_pe/codec/i___4/(null)[0].value4__8_i_88_n_14
    SLICE_X22Y9          LUT6 (Prop_C6LUT_SLICEL_I5_O)
                                                      0.187    27.371 r  candidate_lanes[0].lane_pe/codec/(null)[0].value4__8_i_63/O
                         net (fo=2, routed)           0.183    27.554    candidate_lanes[0].lane_pe/codec/(null)[0].value4__8_i_63_n_0
    SLICE_X21Y8          LUT5 (Prop_F6LUT_SLICEM_I0_O)
                                                      0.224    27.778 r  candidate_lanes[0].lane_pe/codec/(null)[0].value4__8_i_71/O
                         net (fo=1, routed)           0.029    27.807    candidate_lanes[0].lane_pe/codec/(null)[0].value4__8_i_71_n_0
    SLICE_X21Y8          CARRY8 (Prop_CARRY8_SLICEM_S[5]_CO[7])
                                                      0.238    28.045 r  candidate_lanes[0].lane_pe/codec/i___4/(null)[0].value4__8_i_20/CO[7]
                         net (fo=1, routed)           0.030    28.075    candidate_lanes[0].lane_pe/codec/i___4/(null)[0].value4__8_i_20_n_0
    SLICE_X21Y9          CARRY8 (Prop_CARRY8_SLICEM_CI_O[2])
                                                      0.093    28.168 f  candidate_lanes[0].lane_pe/codec/i___4/(null)[0].value4__8_i_19/O[2]
                         net (fo=2, routed)           0.663    28.832    candidate_lanes[0].lane_pe/codec/codec_transformed[140]
    SLICE_X23Y4          LUT1 (Prop_D6LUT_SLICEL_I0_O)
                                                      0.185    29.017 r  candidate_lanes[0].lane_pe/codec/(null)[0].value4__8_i_41__0/O
                         net (fo=1, routed)           0.013    29.030    candidate_lanes[0].lane_pe/codec/(null)[0].value4__8_i_41__0_n_0
    SLICE_X23Y4          CARRY8 (Prop_CARRY8_SLICEL_S[3]_O[7])
                                                      0.259    29.289 f  candidate_lanes[0].lane_pe/codec/i_/(null)[0].value4__8_i_18/O[7]
                         net (fo=1, routed)           0.262    29.551    candidate_lanes[0].lane_pe/codec/(null)[0].value6[16]
    SLICE_X24Y7          LUT3 (Prop_E5LUT_SLICEM_I0_O)
                                                      0.195    29.746 f  candidate_lanes[0].lane_pe/codec/(null)[0].value4__8_i_1/O
                         net (fo=1, routed)           0.334    30.080    candidate_lanes[0].lane_pe/codec/(null)[0].value4__8/A[16]
    DSP48E2_X6Y2         DSP_A_B_DATA (Prop_DSP_A_B_DATA_DSP48E2_A[16]_A2_DATA[16])
                                                      0.258    30.338 r  candidate_lanes[0].lane_pe/codec/(null)[0].value4__8/DSP_A_B_DATA_INST/A2_DATA[16]
                         net (fo=1, routed)           0.000    30.338    candidate_lanes[0].lane_pe/codec/(null)[0].value4__8/DSP_A_B_DATA.A2_DATA<16>
    DSP48E2_X6Y2         DSP_PREADD_DATA (Prop_DSP_PREADD_DATA_DSP48E2_A2_DATA[16]_A2A1[16])
                                                      0.114    30.452 r  candidate_lanes[0].lane_pe/codec/(null)[0].value4__8/DSP_PREADD_DATA_INST/A2A1[16]
                         net (fo=1, routed)           0.000    30.452    candidate_lanes[0].lane_pe/codec/(null)[0].value4__8/DSP_PREADD_DATA.A2A1<16>
    DSP48E2_X6Y2         DSP_MULTIPLIER (Prop_DSP_MULTIPLIER_DSP48E2_A2A1[16]_U[36])
                                                      0.700    31.152 f  candidate_lanes[0].lane_pe/codec/(null)[0].value4__8/DSP_MULTIPLIER_INST/U[36]
                         net (fo=1, routed)           0.000    31.152    candidate_lanes[0].lane_pe/codec/(null)[0].value4__8/DSP_MULTIPLIER.U<36>
    DSP48E2_X6Y2         DSP_M_DATA (Prop_DSP_M_DATA_DSP48E2_U[36]_U_DATA[36])
                                                      0.067    31.219 r  candidate_lanes[0].lane_pe/codec/(null)[0].value4__8/DSP_M_DATA_INST/U_DATA[36]
                         net (fo=1, routed)           0.000    31.219    candidate_lanes[0].lane_pe/codec/(null)[0].value4__8/DSP_M_DATA.U_DATA<36>
    DSP48E2_X6Y2         DSP_ALU (Prop_DSP_ALU_DSP48E2_U_DATA[36]_ALU_OUT[47])
                                                      0.727    31.946 f  candidate_lanes[0].lane_pe/codec/(null)[0].value4__8/DSP_ALU_INST/ALU_OUT[47]
                         net (fo=1, routed)           0.000    31.946    candidate_lanes[0].lane_pe/codec/(null)[0].value4__8/DSP_ALU.ALU_OUT<47>
    DSP48E2_X6Y2         DSP_OUTPUT (Prop_DSP_OUTPUT_DSP48E2_ALU_OUT[47]_PCOUT[47])
                                                      0.167    32.113 r  candidate_lanes[0].lane_pe/codec/(null)[0].value4__8/DSP_OUTPUT_INST/PCOUT[47]
                         net (fo=1, routed)           0.014    32.127    candidate_lanes[0].lane_pe/codec/(null)[0].value4__0__1/PCIN[47]
    DSP48E2_X6Y3         DSP_ALU (Prop_DSP_ALU_DSP48E2_PCIN[47]_ALU_OUT[6])
                                                      0.739    32.866 f  candidate_lanes[0].lane_pe/codec/(null)[0].value4__0__1/DSP_ALU_INST/ALU_OUT[6]
                         net (fo=1, routed)           0.000    32.866    candidate_lanes[0].lane_pe/codec/(null)[0].value4__0__1/DSP_ALU.ALU_OUT<6>
    DSP48E2_X6Y3         DSP_OUTPUT (Prop_DSP_OUTPUT_DSP48E2_ALU_OUT[6]_P[6])
                                                      0.146    33.012 r  candidate_lanes[0].lane_pe/codec/(null)[0].value4__0__1/DSP_OUTPUT_INST/P[6]
                         net (fo=2, routed)           0.476    33.488    candidate_lanes[1].lane_pe/codec/i_/clip164__9__0_i_65_0[6]
    SLICE_X24Y5          LUT6 (Prop_H6LUT_SLICEM_I5_O)
                                                      0.060    33.548 r  candidate_lanes[1].lane_pe/codec/clip164__9__0_i_155__0/O
                         net (fo=1, routed)           0.021    33.569    candidate_lanes[0].lane_pe/codec/clip164__9__0_i_90__0[7]
    SLICE_X24Y5          CARRY8 (Prop_CARRY8_SLICEM_S[7]_CO[7])
                                                      0.175    33.744 r  candidate_lanes[0].lane_pe/codec/i_/clip164__9__0_i_88/CO[7]
                         net (fo=1, routed)           0.030    33.774    candidate_lanes[0].lane_pe/codec/i_/clip164__9__0_i_88_n_0
    SLICE_X24Y6          CARRY8 (Prop_CARRY8_SLICEM_CI_CO[7])
                                                      0.065    33.839 r  candidate_lanes[0].lane_pe/codec/i_/clip164__9__0_i_71/CO[7]
                         net (fo=1, routed)           0.030    33.869    candidate_lanes[0].lane_pe/codec/i_/clip164__9__0_i_71_n_0
    SLICE_X24Y7          CARRY8 (Prop_CARRY8_SLICEM_CI_O[4])
                                                      0.119    33.988 f  candidate_lanes[0].lane_pe/codec/i_/clip164__9__0_i_65/O[4]
                         net (fo=5, routed)           0.470    34.458    candidate_lanes[0].lane_pe/codec/clip164__9__0_i_145__0[0]
    SLICE_X26Y7          LUT4 (Prop_D6LUT_SLICEL_I0_O)
                                                      0.136    34.594 r  candidate_lanes[0].lane_pe/codec/clip164__9__0_i_67/O
                         net (fo=1, routed)           0.108    34.702    candidate_lanes[0].lane_pe/codec/clip164__9__0_i_67_n_0
    SLICE_X25Y7          LUT5 (Prop_E6LUT_SLICEM_I4_O)
                                                      0.152    34.854 r  candidate_lanes[0].lane_pe/codec/clip164__9__0_i_26__0/O
                         net (fo=2, routed)           0.018    34.872    candidate_lanes[0].lane_pe/codec/clip164__9__0_i_48__0_n_0
    SLICE_X25Y7          CARRY8 (Prop_CARRY8_SLICEM_S[4]_CO[7])
                                                      0.236    35.108 r  candidate_lanes[0].lane_pe/codec/i_/clip164__9__0_i_20/CO[7]
                         net (fo=1, routed)           0.030    35.138    candidate_lanes[0].lane_pe/codec/i_/clip164__9__0_i_20_n_0
    SLICE_X25Y8          CARRY8 (Prop_CARRY8_SLICEM_CI_O[5])
                                                      0.161    35.299 f  candidate_lanes[0].lane_pe/codec/i_/clip164__10__0_i_12/O[5]
                         net (fo=1, routed)           0.209    35.508    candidate_lanes[0].lane_pe/codec/(null)[0].value0__0[22]
    SLICE_X26Y8          LUT3 (Prop_F6LUT_SLICEL_I0_O)
                                                      0.081    35.589 f  candidate_lanes[0].lane_pe/codec/clip164__10__0_i_14__0/O
                         net (fo=5, routed)           0.293    35.882    candidate_lanes[0].lane_pe/codec/clip164__10__0_i_14__0_n_0
    SLICE_X23Y6          LUT6 (Prop_E6LUT_SLICEL_I5_O)
                                                      0.138    36.020 r  candidate_lanes[0].lane_pe/codec/clip164__9__0_i_292__0/O
                         net (fo=1, routed)           0.011    36.031    candidate_lanes[0].lane_pe/codec/clip164__9__0_i_292__0_n_0
    SLICE_X23Y6          CARRY8 (Prop_CARRY8_SLICEL_S[4]_CO[7])
                                                      0.232    36.263 f  candidate_lanes[0].lane_pe/codec/i_/clip164__9__0_i_180/CO[7]
                         net (fo=1, routed)           0.030    36.293    candidate_lanes[0].lane_pe/codec/i_/clip164__9__0_i_180_n_0
    SLICE_X23Y7          CARRY8 (Prop_CARRY8_SLICEL_CI_CO[7])
                                                      0.065    36.358 f  candidate_lanes[0].lane_pe/codec/i_/clip164__9__0_i_108/CO[7]
                         net (fo=1, routed)           0.030    36.388    candidate_lanes[0].lane_pe/codec/i_/clip164__9__0_i_108_n_0
    SLICE_X23Y8          CARRY8 (Prop_CARRY8_SLICEL_CI_CO[7])
                                                      0.065    36.453 f  candidate_lanes[0].lane_pe/codec/i_/clip164__9__0_i_43/CO[7]
                         net (fo=1, routed)           0.030    36.483    candidate_lanes[0].lane_pe/codec/i_/clip164__9__0_i_43_n_0
    SLICE_X23Y9          CARRY8 (Prop_CARRY8_SLICEL_CI_CO[0])
                                                      0.074    36.557 f  candidate_lanes[0].lane_pe/codec/i_/clip164__9__0_i_19/CO[0]
                         net (fo=26, routed)          0.686    37.244    candidate_lanes[0].lane_pe/codec/i_/clip164__9__0_i_19_n_7
    SLICE_X28Y14         LUT6 (Prop_H6LUT_SLICEM_I4_O)
                                                      0.138    37.382 f  candidate_lanes[0].lane_pe/codec/clip164__9__0_i_3/O
                         net (fo=1, routed)           0.175    37.557    candidate_lanes[0].lane_pe/codec/clip164__9__0/A[14]
    DSP48E2_X7Y6         DSP_A_B_DATA (Prop_DSP_A_B_DATA_DSP48E2_A[14]_A2_DATA[14])
                                                      0.258    37.815 r  candidate_lanes[0].lane_pe/codec/clip164__9__0/DSP_A_B_DATA_INST/A2_DATA[14]
                         net (fo=1, routed)           0.000    37.815    candidate_lanes[0].lane_pe/codec/clip164__9__0/DSP_A_B_DATA.A2_DATA<14>
    DSP48E2_X7Y6         DSP_PREADD_DATA (Prop_DSP_PREADD_DATA_DSP48E2_A2_DATA[14]_A2A1[14])
                                                      0.114    37.929 r  candidate_lanes[0].lane_pe/codec/clip164__9__0/DSP_PREADD_DATA_INST/A2A1[14]
                         net (fo=1, routed)           0.000    37.929    candidate_lanes[0].lane_pe/codec/clip164__9__0/DSP_PREADD_DATA.A2A1<14>
    DSP48E2_X7Y6         DSP_MULTIPLIER (Prop_DSP_MULTIPLIER_DSP48E2_A2A1[14]_U[34])
                                                      0.700    38.629 f  candidate_lanes[0].lane_pe/codec/clip164__9__0/DSP_MULTIPLIER_INST/U[34]
                         net (fo=1, routed)           0.000    38.629    candidate_lanes[0].lane_pe/codec/clip164__9__0/DSP_MULTIPLIER.U<34>
    DSP48E2_X7Y6         DSP_M_DATA (Prop_DSP_M_DATA_DSP48E2_U[34]_U_DATA[34])
                                                      0.067    38.696 r  candidate_lanes[0].lane_pe/codec/clip164__9__0/DSP_M_DATA_INST/U_DATA[34]
                         net (fo=1, routed)           0.000    38.696    candidate_lanes[0].lane_pe/codec/clip164__9__0/DSP_M_DATA.U_DATA<34>
    DSP48E2_X7Y6         DSP_ALU (Prop_DSP_ALU_DSP48E2_U_DATA[34]_ALU_OUT[47])
                                                      0.727    39.423 f  candidate_lanes[0].lane_pe/codec/clip164__9__0/DSP_ALU_INST/ALU_OUT[47]
                         net (fo=1, routed)           0.000    39.423    candidate_lanes[0].lane_pe/codec/clip164__9__0/DSP_ALU.ALU_OUT<47>
    DSP48E2_X7Y6         DSP_OUTPUT (Prop_DSP_OUTPUT_DSP48E2_ALU_OUT[47]_PCOUT[47])
                                                      0.167    39.590 r  candidate_lanes[0].lane_pe/codec/clip164__9__0/DSP_OUTPUT_INST/PCOUT[47]
                         net (fo=1, routed)           0.014    39.604    candidate_lanes[0].lane_pe/codec/clip164__10__0/PCIN[47]
    DSP48E2_X7Y7         DSP_ALU (Prop_DSP_ALU_DSP48E2_PCIN[47]_ALU_OUT[1])
                                                      0.739    40.343 f  candidate_lanes[0].lane_pe/codec/clip164__10__0/DSP_ALU_INST/ALU_OUT[1]
                         net (fo=1, routed)           0.000    40.343    candidate_lanes[0].lane_pe/codec/clip164__10__0/DSP_ALU.ALU_OUT<1>
    DSP48E2_X7Y7         DSP_OUTPUT (Prop_DSP_OUTPUT_DSP48E2_ALU_OUT[1]_P[1])
                                                      0.146    40.489 r  candidate_lanes[0].lane_pe/codec/clip164__10__0/DSP_OUTPUT_INST/P[1]
                         net (fo=4, routed)           0.734    41.223    candidate_lanes[0].lane_pe/codec/clip164__10__0_n_104
    SLICE_X41Y16         LUT6 (Prop_G6LUT_SLICEM_I3_O)
                                                      0.082    41.305 r  candidate_lanes[0].lane_pe/codec/i___562_i_1/O
                         net (fo=17, routed)          0.703    42.008    candidate_lanes[0].lane_pe/codec/i___562_i_1_n_0
    SLICE_X40Y61         LUT2 (Prop_E6LUT_SLICEM_I0_O)
                                                      0.187    42.195 r  candidate_lanes[0].lane_pe/codec/i__rep__52_i_95__0/O
                         net (fo=1, routed)           0.018    42.213    candidate_lanes[0].lane_pe/codec/i__rep__52_i_95__0_n_0
    SLICE_X40Y61         CARRY8 (Prop_CARRY8_SLICEM_S[4]_CO[7])
                                                      0.236    42.449 r  candidate_lanes[0].lane_pe/codec/i__rep__52_i_41/CO[7]
                         net (fo=1, routed)           0.030    42.479    candidate_lanes[0].lane_pe/codec/i__rep__52_i_41_n_0
    SLICE_X40Y62         CARRY8 (Prop_CARRY8_SLICEM_CI_CO[7])
                                                      0.065    42.544 r  candidate_lanes[0].lane_pe/codec/i__rep__52_i_16/CO[7]
                         net (fo=1, routed)           0.030    42.574    candidate_lanes[0].lane_pe/codec/i__rep__52_i_16_n_0
    SLICE_X40Y63         CARRY8 (Prop_CARRY8_SLICEM_CI_CO[7])
                                                      0.065    42.639 r  candidate_lanes[0].lane_pe/codec/i__rep__52_i_6/CO[7]
                         net (fo=1, routed)           0.030    42.669    candidate_lanes[0].lane_pe/codec/i__rep__52_i_6_n_0
    SLICE_X40Y64         CARRY8 (Prop_CARRY8_SLICEM_CI_CO[0])
                                                      0.074    42.743 r  candidate_lanes[0].lane_pe/codec/i__rep__52_i_3/CO[0]
                         net (fo=187, routed)         0.997    43.740    candidate_lanes[0].lane_pe/codec/i__rep__52_i_3_n_7
    SLICE_X44Y108        LUT5 (Prop_C6LUT_SLICEL_I4_O)
                                                      0.136    43.876 r  candidate_lanes[0].lane_pe/codec/i___542_i_1/O
                         net (fo=16, routed)          0.415    44.290    candidate_lanes[0].lane_pe/codec/i___95_i_215_n_0
    SLICE_X42Y109        LUT2 (Prop_C6LUT_SLICEL_I1_O)
                                                      0.150    44.440 r  candidate_lanes[0].lane_pe/codec/i_/i___542/O
                         net (fo=1, routed)           0.015    44.455    candidate_lanes[0].lane_pe/codec/i_/i___542_n_0
    SLICE_X42Y109        CARRY8 (Prop_CARRY8_SLICEL_S[2]_O[5])
                                                      0.278    44.733 r  candidate_lanes[0].lane_pe/codec/i_/i___13_i_2/O[5]
                         net (fo=2, routed)           0.485    45.218    candidate_lanes[0].lane_pe/codec/i_/i___13_i_2_n_10
    SLICE_X45Y108        LUT3 (Prop_E5LUT_SLICEM_I1_O)
                                                      0.225    45.443 r  candidate_lanes[0].lane_pe/codec/i_/i___95_i_134/O
                         net (fo=2, routed)           0.309    45.753    candidate_lanes[0].lane_pe/codec/i_/i___95_i_134_n_0
    SLICE_X45Y108        LUT4 (Prop_F6LUT_SLICEM_I3_O)
                                                      0.135    45.888 r  candidate_lanes[0].lane_pe/codec/i_/i___95_i_141/O
                         net (fo=1, routed)           0.029    45.917    candidate_lanes[0].lane_pe/codec/i_/i___95_i_141_n_0
    SLICE_X45Y108        CARRY8 (Prop_CARRY8_SLICEM_S[5]_CO[7])
                                                      0.238    46.155 r  candidate_lanes[0].lane_pe/codec/i_/i___95_i_63/CO[7]
                         net (fo=1, routed)           0.030    46.185    candidate_lanes[0].lane_pe/codec/i_/i___95_i_63_n_0
    SLICE_X45Y109        CARRY8 (Prop_CARRY8_SLICEM_CI_O[0])
                                                      0.078    46.263 r  candidate_lanes[0].lane_pe/codec/i_/i___95_i_75/O[0]
                         net (fo=3, routed)           0.614    46.876    candidate_lanes[0].lane_pe/codec/i_/i___95_i_75_n_15
    SLICE_X46Y103        LUT3 (Prop_F6LUT_SLICEL_I1_O)
                                                      0.081    46.957 r  candidate_lanes[0].lane_pe/codec/i___95_i_77/O
                         net (fo=2, routed)           0.227    47.184    candidate_lanes[0].lane_pe/codec/i___95_i_77_n_0
    SLICE_X48Y104        LUT5 (Prop_H6LUT_SLICEL_I1_O)
                                                      0.227    47.411 r  candidate_lanes[0].lane_pe/codec/i___95_i_27/O
                         net (fo=2, routed)           0.406    47.817    candidate_lanes[0].lane_pe/codec/i___95_i_27_n_0
    SLICE_X47Y104        CARRY8 (Prop_CARRY8_SLICEL_DI[5]_CO[7])
                                                      0.108    47.925 r  candidate_lanes[0].lane_pe/codec/i_/i___95_i_5/CO[7]
                         net (fo=1, routed)           0.030    47.955    candidate_lanes[0].lane_pe/codec/i_/i___95_i_5_n_0
    SLICE_X47Y105        CARRY8 (Prop_CARRY8_SLICEL_CI_O[0])
                                                      0.078    48.033 r  candidate_lanes[0].lane_pe/codec/i_/i___171_i_3/O[0]
                         net (fo=1, routed)           0.565    48.598    candidate_lanes[0].lane_pe/codec/i_/i___171_i_3_n_15
    SLICE_X47Y109        CARRY8 (Prop_CARRY8_SLICEL_S[4]_CO[7])
                                                      0.232    48.830 r  candidate_lanes[0].lane_pe/codec/i___171_i_2/CO[7]
                         net (fo=1, routed)           0.030    48.860    candidate_lanes[0].lane_pe/codec/i___171_i_2_n_0
    SLICE_X47Y110        CARRY8 (Prop_CARRY8_SLICEL_CI_CO[7])
                                                      0.065    48.925 r  candidate_lanes[0].lane_pe/codec/i___171_i_1__0/CO[7]
                         net (fo=1, routed)           0.030    48.955    candidate_lanes[0].lane_pe/codec/i___171_i_1__0_n_0
    SLICE_X47Y111        CARRY8 (Prop_CARRY8_SLICEL_CI_O[0])
                                                      0.078    49.033 f  candidate_lanes[0].lane_pe/codec/i___92_i_1/O[0]
                         net (fo=30, routed)          0.789    49.823    candidate_lanes[0].lane_pe/codec/i___92_i_1_n_15
    SLICE_X49Y128        LUT2 (Prop_E6LUT_SLICEL_I0_O)
                                                      0.138    49.961 r  candidate_lanes[0].lane_pe/codec/i___1/i___226/O
                         net (fo=1, routed)           0.011    49.972    candidate_lanes[0].lane_pe/codec/i___1/i___226_n_0
    SLICE_X49Y128        CARRY8 (Prop_CARRY8_SLICEL_S[4]_CO[7])
                                                      0.232    50.204 r  candidate_lanes[0].lane_pe/codec/i___95_i_83/CO[7]
                         net (fo=1, routed)           0.030    50.234    candidate_lanes[0].lane_pe/codec/i___95_i_83_n_0
    SLICE_X49Y129        CARRY8 (Prop_CARRY8_SLICEL_CI_CO[7])
                                                      0.065    50.299 r  candidate_lanes[0].lane_pe/codec/i___95_i_41/CO[7]
                         net (fo=1, routed)           0.030    50.329    candidate_lanes[0].lane_pe/codec/i___95_i_41_n_0
    SLICE_X49Y130        CARRY8 (Prop_CARRY8_SLICEL_CI_CO[7])
                                                      0.065    50.394 r  candidate_lanes[0].lane_pe/codec/i___95_i_7/CO[7]
                         net (fo=1, routed)           0.030    50.424    candidate_lanes[0].lane_pe/codec/i___95_i_7_n_0
    SLICE_X49Y131        CARRY8 (Prop_CARRY8_SLICEL_CI_CO[0])
                                                      0.074    50.498 r  candidate_lanes[0].lane_pe/codec/i___95_i_2__0/CO[0]
                         net (fo=325, routed)         0.900    51.397    candidate_lanes[0].lane_pe/codec/i___95_i_2__0_n_7
    SLICE_X48Y137        LUT3 (Prop_C6LUT_SLICEL_I1_O)
                                                      0.056    51.453 r  candidate_lanes[0].lane_pe/codec/i___223_i_234/O
                         net (fo=11, routed)          0.555    52.008    candidate_lanes[0].lane_pe/codec/clip16_return__11[0]
    SLICE_X49Y138        LUT4 (Prop_C6LUT_SLICEL_I3_O)
                                                      0.136    52.144 r  candidate_lanes[0].lane_pe/codec/distortion4_i_661/O
                         net (fo=1, routed)           0.015    52.159    candidate_lanes[0].lane_pe/codec/distortion4_i_661_n_0
    SLICE_X49Y138        CARRY8 (Prop_CARRY8_SLICEL_S[2]_O[5])
                                                      0.278    52.437 r  candidate_lanes[0].lane_pe/codec/distortion4_i_508/O[5]
                         net (fo=3, routed)           0.349    52.786    candidate_lanes[0].lane_pe/codec/distortion4_i_508_n_10
    SLICE_X50Y138        LUT4 (Prop_F6LUT_SLICEL_I2_O)
                                                      0.187    52.973 r  candidate_lanes[0].lane_pe/codec/distortion4_i_511/O
                         net (fo=1, routed)           0.015    52.988    candidate_lanes[0].lane_pe/codec/distortion4_i_511_n_0
    SLICE_X50Y138        CARRY8 (Prop_CARRY8_SLICEL_S[5]_CO[7])
                                                      0.232    53.220 r  candidate_lanes[0].lane_pe/codec/distortion4_i_372/CO[7]
                         net (fo=1, routed)           0.030    53.250    candidate_lanes[0].lane_pe/codec/distortion4_i_372_n_0
    SLICE_X50Y139        CARRY8 (Prop_CARRY8_SLICEL_CI_O[2])
                                                      0.093    53.343 r  candidate_lanes[0].lane_pe/codec/distortion4_i_237/O[2]
                         net (fo=2, routed)           0.591    53.934    candidate_lanes[0].lane_pe/codec/distortion4_i_237_n_13
    SLICE_X56Y145        LUT5 (Prop_F6LUT_SLICEL_I3_O)
                                                      0.150    54.084 r  candidate_lanes[0].lane_pe/codec/distortion4_i_215/O
                         net (fo=2, routed)           0.288    54.371    candidate_lanes[0].lane_pe/codec/distortion4_i_215_n_0
    SLICE_X57Y148        LUT6 (Prop_G6LUT_SLICEL_I0_O)
                                                      0.137    54.508 r  candidate_lanes[0].lane_pe/codec/distortion4_i_223/O
                         net (fo=1, routed)           0.012    54.520    candidate_lanes[0].lane_pe/codec/distortion4_i_223_n_0
    SLICE_X57Y148        CARRY8 (Prop_CARRY8_SLICEL_S[6]_CO[7])
                                                      0.171    54.691 r  candidate_lanes[0].lane_pe/codec/distortion4_i_157/CO[7]
                         net (fo=1, routed)           0.030    54.721    candidate_lanes[0].lane_pe/codec/distortion4_i_157_n_0
    SLICE_X57Y149        CARRY8 (Prop_CARRY8_SLICEL_CI_CO[7])
                                                      0.065    54.786 r  candidate_lanes[0].lane_pe/codec/distortion4_i_123/CO[7]
                         net (fo=1, routed)           0.062    54.848    candidate_lanes[0].lane_pe/codec/distortion4_i_123_n_0
    SLICE_X57Y150        CARRY8 (Prop_CARRY8_SLICEL_CI_O[0])
                                                      0.078    54.926 r  candidate_lanes[0].lane_pe/codec/distortion4_i_118/O[0]
                         net (fo=1, routed)           0.554    55.480    candidate_lanes[0].lane_pe/codec/distortion4_i_118_n_15
    SLICE_X54Y148        CARRY8 (Prop_CARRY8_SLICEM_S[6]_CO[7])
                                                      0.175    55.655 r  candidate_lanes[0].lane_pe/codec/distortion4_i_109/CO[7]
                         net (fo=1, routed)           0.030    55.685    candidate_lanes[0].lane_pe/codec/distortion4_i_109_n_0
    SLICE_X54Y149        CARRY8 (Prop_CARRY8_SLICEM_CI_O[2])
                                                      0.093    55.778 r  candidate_lanes[0].lane_pe/codec/distortion4_i_90/O[2]
                         net (fo=5, routed)           0.507    56.285    candidate_lanes[0].lane_pe/codec/distortion4_i_90_n_13
    SLICE_X51Y149        LUT2 (Prop_B6LUT_SLICEL_I0_O)
                                                      0.188    56.473 r  candidate_lanes[0].lane_pe/codec/distortion4_i_349__0/O
                         net (fo=1, routed)           0.013    56.486    candidate_lanes[0].lane_pe/codec/distortion4_i_349__0_n_0
    SLICE_X51Y149        CARRY8 (Prop_CARRY8_SLICEL_S[1]_CO[7])
                                                      0.261    56.747 f  candidate_lanes[0].lane_pe/codec/distortion4_i_204/CO[7]
                         net (fo=1, routed)           0.062    56.809    candidate_lanes[0].lane_pe/codec/distortion4_i_204_n_0
    SLICE_X51Y150        CARRY8 (Prop_CARRY8_SLICEL_CI_CO[7])
                                                      0.065    56.874 f  candidate_lanes[0].lane_pe/codec/distortion4_i_148/CO[7]
                         net (fo=1, routed)           0.030    56.904    candidate_lanes[0].lane_pe/codec/distortion4_i_148_n_0
    SLICE_X51Y151        CARRY8 (Prop_CARRY8_SLICEL_CI_CO[7])
                                                      0.065    56.969 f  candidate_lanes[0].lane_pe/codec/distortion4_i_120/CO[7]
                         net (fo=1, routed)           0.030    56.999    candidate_lanes[0].lane_pe/codec/distortion4_i_120_n_0
    SLICE_X51Y152        CARRY8 (Prop_CARRY8_SLICEL_CI_CO[0])
                                                      0.074    57.073 f  candidate_lanes[0].lane_pe/codec/distortion4_i_92/CO[0]
                         net (fo=32, routed)          0.597    57.670    candidate_lanes[0].lane_pe/codec/clip161__0__1
    SLICE_X48Y152        LUT3 (Prop_D6LUT_SLICEL_I2_O)
                                                      0.152    57.822 r  candidate_lanes[0].lane_pe/codec/distortion4_i_116__0/O
                         net (fo=1, routed)           0.338    58.160    candidate_lanes[0].lane_pe/codec/distortion4_i_116__0_n_0
    SLICE_X44Y148        LUT5 (Prop_B6LUT_SLICEL_I4_O)
                                                      0.188    58.348 r  candidate_lanes[0].lane_pe/codec/distortion4_i_88__0/O
                         net (fo=1, routed)           0.013    58.361    candidate_lanes[0].lane_pe/codec/distortion4_i_88__0_n_0
    SLICE_X44Y148        CARRY8 (Prop_CARRY8_SLICEL_S[1]_CO[7])
                                                      0.261    58.622 r  candidate_lanes[0].lane_pe/codec/distortion4_i_40/CO[7]
                         net (fo=1, routed)           0.030    58.652    candidate_lanes[0].lane_pe/codec/distortion4_i_40_n_0
    SLICE_X44Y149        CARRY8 (Prop_CARRY8_SLICEL_CI_CO[7])
                                                      0.065    58.717 r  candidate_lanes[0].lane_pe/codec/distortion4_i_39/CO[7]
                         net (fo=1, routed)           0.062    58.779    candidate_lanes[0].lane_pe/codec/distortion4_i_39_n_0
    SLICE_X44Y150        CARRY8 (Prop_CARRY8_SLICEL_CI_O[5])
                                                      0.161    58.940 f  candidate_lanes[0].lane_pe/codec/distortion4_i_38/O[5]
                         net (fo=3, routed)           0.383    59.323    candidate_lanes[0].lane_pe/codec/(null)[0].value__0__1[21]
    SLICE_X45Y156        LUT2 (Prop_G6LUT_SLICEM_I1_O)
                                                      0.226    59.549 r  candidate_lanes[0].lane_pe/codec/distortion4_i_102__0/O
                         net (fo=1, routed)           0.021    59.570    candidate_lanes[0].lane_pe/codec/distortion4_i_102__0_n_0
    SLICE_X45Y156        CARRY8 (Prop_CARRY8_SLICEM_S[6]_CO[7])
                                                      0.175    59.745 r  candidate_lanes[0].lane_pe/codec/distortion4_i_49/CO[7]
                         net (fo=1, routed)           0.030    59.775    candidate_lanes[0].lane_pe/codec/distortion4_i_49_n_0
    SLICE_X45Y157        CARRY8 (Prop_CARRY8_SLICEM_CI_CO[3])
                                                      0.082    59.857 r  candidate_lanes[0].lane_pe/codec/distortion4_i_37/CO[3]
                         net (fo=31, routed)          0.424    60.281    candidate_lanes[0].lane_pe/codec/clip81__0__1
    SLICE_X43Y157        LUT4 (Prop_F6LUT_SLICEM_I3_O)
                                                      0.224    60.505 r  candidate_lanes[0].lane_pe/codec/distortion4_i_30__0/O
                         net (fo=1, routed)           0.029    60.534    candidate_lanes[0].lane_pe/codec/distortion4_i_30__0_n_0
    SLICE_X43Y157        CARRY8 (Prop_CARRY8_SLICEM_S[5]_CO[7])
                                                      0.238    60.772 r  candidate_lanes[0].lane_pe/codec/distortion4_i_4/CO[7]
                         net (fo=1, routed)           0.030    60.802    candidate_lanes[0].lane_pe/codec/distortion4_i_4_n_0
    SLICE_X43Y158        CARRY8 (Prop_CARRY8_SLICEM_CI_CO[7])
                                                      0.065    60.867 r  candidate_lanes[0].lane_pe/codec/distortion4_i_3/CO[7]
                         net (fo=1, routed)           0.030    60.897    candidate_lanes[0].lane_pe/codec/distortion4_i_3_n_0
    SLICE_X43Y159        CARRY8 (Prop_CARRY8_SLICEM_CI_O[0])
                                                      0.078    60.975 f  candidate_lanes[0].lane_pe/codec/distortion4_i_2/O[0]
                         net (fo=4, routed)           0.719    61.695    candidate_lanes[0].lane_pe/codec/distortion4__0/A[16]
    DSP48E2_X11Y67       DSP_A_B_DATA (Prop_DSP_A_B_DATA_DSP48E2_A[16]_A2_DATA[16])
                                                      0.258    61.953 r  candidate_lanes[0].lane_pe/codec/distortion4__0/DSP_A_B_DATA_INST/A2_DATA[16]
                         net (fo=1, routed)           0.000    61.953    candidate_lanes[0].lane_pe/codec/distortion4__0/DSP_A_B_DATA.A2_DATA<16>
    DSP48E2_X11Y67       DSP_PREADD_DATA (Prop_DSP_PREADD_DATA_DSP48E2_A2_DATA[16]_A2A1[16])
                                                      0.114    62.067 r  candidate_lanes[0].lane_pe/codec/distortion4__0/DSP_PREADD_DATA_INST/A2A1[16]
                         net (fo=1, routed)           0.000    62.067    candidate_lanes[0].lane_pe/codec/distortion4__0/DSP_PREADD_DATA.A2A1<16>
    DSP48E2_X11Y67       DSP_MULTIPLIER (Prop_DSP_MULTIPLIER_DSP48E2_A2A1[16]_U[36])
                                                      0.700    62.767 f  candidate_lanes[0].lane_pe/codec/distortion4__0/DSP_MULTIPLIER_INST/U[36]
                         net (fo=1, routed)           0.000    62.767    candidate_lanes[0].lane_pe/codec/distortion4__0/DSP_MULTIPLIER.U<36>
    DSP48E2_X11Y67       DSP_M_DATA (Prop_DSP_M_DATA_DSP48E2_U[36]_U_DATA[36])
                                                      0.067    62.834 r  candidate_lanes[0].lane_pe/codec/distortion4__0/DSP_M_DATA_INST/U_DATA[36]
                         net (fo=1, routed)           0.000    62.834    candidate_lanes[0].lane_pe/codec/distortion4__0/DSP_M_DATA.U_DATA<36>
    DSP48E2_X11Y67       DSP_ALU (Prop_DSP_ALU_DSP48E2_U_DATA[36]_ALU_OUT[47])
                                                      0.727    63.561 f  candidate_lanes[0].lane_pe/codec/distortion4__0/DSP_ALU_INST/ALU_OUT[47]
                         net (fo=1, routed)           0.000    63.561    candidate_lanes[0].lane_pe/codec/distortion4__0/DSP_ALU.ALU_OUT<47>
    DSP48E2_X11Y67       DSP_OUTPUT (Prop_DSP_OUTPUT_DSP48E2_ALU_OUT[47]_PCOUT[47])
                                                      0.167    63.728 r  candidate_lanes[0].lane_pe/codec/distortion4__0/DSP_OUTPUT_INST/PCOUT[47]
                         net (fo=1, routed)           0.038    63.766    candidate_lanes[0].lane_pe/codec/distortion4__1/PCIN[47]
    DSP48E2_X11Y68       DSP_ALU (Prop_DSP_ALU_DSP48E2_PCIN[47]_ALU_OUT[0])
                                                      0.739    64.505 f  candidate_lanes[0].lane_pe/codec/distortion4__1/DSP_ALU_INST/ALU_OUT[0]
                         net (fo=1, routed)           0.000    64.505    candidate_lanes[0].lane_pe/codec/distortion4__1/DSP_ALU.ALU_OUT<0>
    DSP48E2_X11Y68       DSP_OUTPUT (Prop_DSP_OUTPUT_DSP48E2_ALU_OUT[0]_P[0])
                                                      0.146    64.651 r  candidate_lanes[0].lane_pe/codec/distortion4__1/DSP_OUTPUT_INST/P[0]
                         net (fo=2, routed)           0.213    64.864    candidate_lanes[0].lane_pe/codec/distortion4__1_n_105
    SLICE_X42Y170        LUT2 (Prop_B6LUT_SLICEL_I0_O)
                                                      0.058    64.922 r  candidate_lanes[0].lane_pe/codec/out_distortion[28]_i_479/O
                         net (fo=1, routed)           0.013    64.935    candidate_lanes[0].lane_pe/codec/out_distortion[28]_i_479_n_0
    SLICE_X42Y170        CARRY8 (Prop_CARRY8_SLICEL_S[1]_O[2])
                                                      0.175    65.110 r  candidate_lanes[0].lane_pe/codec/out_distortion_reg[28]_i_434/O[2]
                         net (fo=3, routed)           0.625    65.735    candidate_lanes[0].lane_pe/codec/out_distortion_reg[28]_i_434_n_13
    SLICE_X45Y180        LUT3 (Prop_E6LUT_SLICEM_I1_O)
                                                      0.138    65.873 r  candidate_lanes[0].lane_pe/codec/out_distortion[28]_i_363/O
                         net (fo=1, routed)           0.285    66.158    candidate_lanes[0].lane_pe/codec/out_distortion[28]_i_363_n_0
    SLICE_X44Y182        CARRY8 (Prop_CARRY8_SLICEL_DI[3]_O[5])
                                                      0.260    66.418 r  candidate_lanes[0].lane_pe/codec/out_distortion_reg[28]_i_181/O[5]
                         net (fo=3, routed)           0.585    67.003    candidate_lanes[0].lane_pe/codec/out_distortion_reg[28]_i_181_n_10
    SLICE_X43Y202        LUT6 (Prop_F6LUT_SLICEM_I4_O)
                                                      0.224    67.227 r  candidate_lanes[0].lane_pe/codec/out_distortion[28]_i_138/O
                         net (fo=1, routed)           0.029    67.256    candidate_lanes[0].lane_pe/codec/out_distortion[28]_i_138_n_0
    SLICE_X43Y202        CARRY8 (Prop_CARRY8_SLICEM_S[5]_CO[7])
                                                      0.238    67.494 r  candidate_lanes[0].lane_pe/codec/out_distortion_reg[28]_i_30/CO[7]
                         net (fo=1, routed)           0.030    67.524    candidate_lanes[0].lane_pe/codec/out_distortion_reg[28]_i_30_n_0
    SLICE_X43Y203        CARRY8 (Prop_CARRY8_SLICEM_CI_O[0])
                                                      0.078    67.602 r  candidate_lanes[0].lane_pe/codec/out_distortion_reg[28]_i_22/O[0]
                         net (fo=4, routed)           0.267    67.869    candidate_lanes[0].lane_pe/codec/out_distortion_reg[28]_i_22_n_15
    SLICE_X41Y205        LUT6 (Prop_A6LUT_SLICEM_I3_O)
                                                      0.226    68.095 r  candidate_lanes[0].lane_pe/codec/out_distortion[28]_i_7_comp/O
                         net (fo=2, routed)           0.445    68.540    candidate_lanes[0].lane_pe/codec/out_distortion[28]_i_7_n_0
    SLICE_X40Y205        LUT6 (Prop_C6LUT_SLICEM_I3_O)
                                                      0.220    68.760 r  candidate_lanes[0].lane_pe/codec/out_distortion[28]_i_15_comp/O
                         net (fo=1, routed)           0.029    68.789    candidate_lanes[0].lane_pe/codec/out_distortion[28]_i_15_n_0
    SLICE_X40Y205        CARRY8 (Prop_CARRY8_SLICEM_S[2]_O[7])
                                                      0.290    69.079 r  candidate_lanes[0].lane_pe/codec/out_distortion_reg[28]_i_2/O[7]
                         net (fo=1, routed)           0.034    69.113    candidate_lanes[0].lane_pe/codec_distortion__0[31]
    SLICE_X40Y205        FDRE                                         r  candidate_lanes[0].lane_pe/out_distortion_reg[31]/D
  -------------------------------------------------------------------    -------------------

                         (clock chia_rdo_clk rise edge)
                                                      5.000     5.000 r  
                                                      0.000     5.000 r  clk (IN)
                         net (fo=1936, unset)         0.031     5.031    candidate_lanes[0].lane_pe/clk
    SLICE_X40Y205        FDRE                                         r  candidate_lanes[0].lane_pe/out_distortion_reg[31]/C
                         clock pessimism              0.000     5.031    
                         clock uncertainty           -0.035     4.996    
    SLICE_X40Y205        FDRE (Setup_HFF_SLICEM_C_D)
                                                      0.044     5.040    candidate_lanes[0].lane_pe/out_distortion_reg[31]
  -------------------------------------------------------------------
                         required time                          5.040    
                         arrival time                         -69.113    
  -------------------------------------------------------------------
                         slack                                -64.074    

Slack (VIOLATED) :        -64.070ns  (required time - arrival time)
  Source:                 launched_count_reg[3]_replica/C
                            (rising edge-triggered cell FDRE clocked by chia_rdo_clk  {rise@0.000ns fall@2.500ns period=5.000ns})
  Destination:            candidate_lanes[0].lane_pe/out_distortion_reg[29]/D
                            (rising edge-triggered cell FDRE clocked by chia_rdo_clk  {rise@0.000ns fall@2.500ns period=5.000ns})
  Path Group:             chia_rdo_clk
  Path Type:              Setup (Max at Slow Process Corner)
  Requirement:            5.000ns  (chia_rdo_clk rise@5.000ns - chia_rdo_clk rise@0.000ns)
  Data Path Delay:        69.065ns  (logic 35.188ns (50.949%)  route 33.877ns (49.051%))
  Logic Levels:           175  (CARRY8=71 DSP_A_B_DATA=5 DSP_ALU=10 DSP_M_DATA=4 DSP_MULTIPLIER=4 DSP_OUTPUT=10 DSP_PREADD_DATA=4 LUT1=1 LUT2=11 LUT3=10 LUT4=9 LUT5=15 LUT6=17 MUXF7=3 MUXF8=1)
  Clock Path Skew:        -0.012ns (DCD - SCD + CPR)
    Destination Clock Delay (DCD):    0.031ns = ( 5.031 - 5.000 ) 
    Source Clock Delay      (SCD):    0.043ns
    Clock Pessimism Removal (CPR):    0.000ns
  Clock Uncertainty:      0.035ns  ((TSJ^2 + TIJ^2)^1/2 + DJ) / 2 + PE
    Total System Jitter     (TSJ):    0.071ns
    Total Input Jitter      (TIJ):    0.000ns
    Discrete Jitter          (DJ):    0.000ns
    Phase Error              (PE):    0.000ns

    Location             Delay type                Incr(ns)  Path(ns)    Netlist Resource(s)
  -------------------------------------------------------------------    -------------------
                         (clock chia_rdo_clk rise edge)
                                                      0.000     0.000 r  
                                                      0.000     0.000 r  clk (IN)
                         net (fo=1936, unset)         0.043     0.043    clk
    SLICE_X31Y209        FDRE                                         r  launched_count_reg[3]_replica/C
  -------------------------------------------------------------------    -------------------
    SLICE_X31Y209        FDRE (Prop_FFF2_SLICEM_C_Q)
                                                      0.116     0.159 r  launched_count_reg[3]_replica/Q
                         net (fo=16, routed)          0.301     0.460    candidate_lanes[0].lane_pe/rd_cost/p_4_in[3]_repN_alias
    SLICE_X32Y209        LUT4 (Prop_B6LUT_SLICEM_I2_O)
                                                      0.152     0.612 r  candidate_lanes[0].lane_pe/rd_cost/lane_rank[0][5]_i_16/O
                         net (fo=1, routed)           0.022     0.634    candidate_lanes[0].lane_pe/rd_cost/lane_rank[0][5]_i_16_n_0
    SLICE_X32Y209        CARRY8 (Prop_CARRY8_SLICEM_S[1]_CO[3])
                                                      0.257     0.891 r  candidate_lanes[0].lane_pe/rd_cost/lane_rank_reg[0][5]_i_3/CO[3]
                         net (fo=59, routed)          0.231     1.122    candidate_lanes[0].lane_pe/codec/mode_reg_reg[5][0]
    SLICE_X32Y208        LUT6 (Prop_D6LUT_SLICEM_I1_O)
                                                      0.056     1.178 r  candidate_lanes[0].lane_pe/codec/multi_stage.rate_stage00_i_232__0/O
                         net (fo=4, routed)           0.063     1.241    candidate_lanes[0].lane_pe/codec/launched_count_reg[2]
    SLICE_X32Y208        LUT5 (Prop_G6LUT_SLICEM_I4_O)
                                                      0.152     1.393 r  candidate_lanes[0].lane_pe/codec/multi_stage.rate_stage00_i_91/O
                         net (fo=72, routed)          0.423     1.815    candidate_lanes[0].lane_pe/codec/launched_count_reg[4]
    SLICE_X33Y212        LUT5 (Prop_G6LUT_SLICEL_I4_O)
                                                      0.186     2.001 r  candidate_lanes[0].lane_pe/codec/mode_reg[5]_i_37/O
                         net (fo=1, routed)           0.012     2.013    candidate_lanes[0].lane_pe/codec/mode_reg[5]_i_37_n_0
    SLICE_X33Y212        MUXF7 (Prop_F7MUX_GH_SLICEL_I1_O)
                                                      0.087     2.100 r  candidate_lanes[0].lane_pe/codec/mode_reg_reg[5]_i_21/O
                         net (fo=1, routed)           0.000     2.100    candidate_lanes[0].lane_pe/codec/mode_reg_reg[5]_i_21_n_0
    SLICE_X33Y212        MUXF8 (Prop_F8MUX_TOP_SLICEL_I0_O)
                                                      0.031     2.131 r  candidate_lanes[0].lane_pe/codec/mode_reg_reg[5]_i_9__0/O
                         net (fo=2, routed)           0.650     2.781    candidate_lanes[0].lane_pe/codec/mode_reg_reg[5]_i_9__0_n_0
    SLICE_X35Y189        LUT5 (Prop_F6LUT_SLICEM_I0_O)
                                                      0.186     2.967 r  candidate_lanes[0].lane_pe/codec/mode_reg[3]_i_2__0/O
                         net (fo=2, routed)           0.399     3.367    candidate_lanes[0].lane_pe/codec/mode_reg[3]_i_2__0_n_0
    SLICE_X34Y178        LUT6 (Prop_A6LUT_SLICEM_I4_O)
                                                      0.226     3.593 r  candidate_lanes[0].lane_pe/codec/mode_reg[3]_i_1__0/O
                         net (fo=33, routed)          0.491     4.083    candidate_lanes[0].lane_pe/codec/D[0]
    SLICE_X41Y178        LUT5 (Prop_D6LUT_SLICEM_I2_O)
                                                      0.134     4.217 r  candidate_lanes[0].lane_pe/codec/angular_temporary1__14_i_9__0/O
                         net (fo=182, routed)         0.148     4.366    candidate_lanes[0].lane_pe/codec/angular_temporary1__14_i_9__0_n_0
    SLICE_X42Y178        LUT2 (Prop_B6LUT_SLICEL_I1_O)
                                                      0.224     4.590 r  candidate_lanes[0].lane_pe/codec/angular_temporary1_i_55__0/O
                         net (fo=1, routed)           0.013     4.603    candidate_lanes[0].lane_pe/codec/angular_temporary1_i_55__0_n_0
    SLICE_X42Y178        CARRY8 (Prop_CARRY8_SLICEL_S[1]_CO[6])
                                                      0.294     4.897 r  candidate_lanes[0].lane_pe/codec/angular_temporary1_i_16/CO[6]
                         net (fo=144, routed)         0.256     5.153    candidate_lanes[0].lane_pe/codec/angular_temporary1_i_16_n_1
    SLICE_X43Y177        LUT5 (Prop_G6LUT_SLICEM_I0_O)
                                                      0.152     5.305 r  candidate_lanes[0].lane_pe/codec/angular_temporary1__0_i_1/O
                         net (fo=117, routed)         0.355     5.659    candidate_lanes[0].lane_pe/codec/angular_temporary1__0_i_1_n_0
    SLICE_X44Y175        LUT2 (Prop_A6LUT_SLICEL_I1_O)
                                                      0.082     5.741 r  candidate_lanes[0].lane_pe/codec/angular_temporary1__5_i_89__0/O
                         net (fo=1, routed)           0.014     5.755    candidate_lanes[0].lane_pe/codec/angular_temporary1__5_i_89__0_n_0
    SLICE_X44Y175        CARRY8 (Prop_CARRY8_SLICEL_S[0]_CO[7])
                                                      0.278     6.033 r  candidate_lanes[0].lane_pe/codec/angular_temporary1__5_i_50/CO[7]
                         net (fo=1, routed)           0.030     6.063    candidate_lanes[0].lane_pe/codec/angular_temporary1__5_i_50_n_0
    SLICE_X44Y176        CARRY8 (Prop_CARRY8_SLICEL_CI_CO[7])
                                                      0.073     6.136 r  candidate_lanes[0].lane_pe/codec/angular_temporary1__5_i_31/CO[7]
                         net (fo=50, routed)          0.308     6.445    candidate_lanes[0].lane_pe/codec/angular_temporary1__5_i_31_n_0
    SLICE_X45Y176        LUT6 (Prop_H6LUT_SLICEM_I0_O)
                                                      0.228     6.673 r  candidate_lanes[0].lane_pe/codec/angular_temporary1__9_i_117__0/O
                         net (fo=2, routed)           0.236     6.909    candidate_lanes[0].lane_pe/codec/angular_temporary1__9_i_117__0_n_0
    SLICE_X45Y175        CARRY8 (Prop_CARRY8_SLICEM_DI[2]_O[4])
                                                      0.240     7.149 r  candidate_lanes[0].lane_pe/codec/angular_temporary1__9_i_65/O[4]
                         net (fo=2, routed)           0.412     7.561    candidate_lanes[0].lane_pe/codec/angular_temporary1__9_i_65_n_11
    SLICE_X47Y176        LUT4 (Prop_E6LUT_SLICEL_I2_O)
                                                      0.138     7.699 r  candidate_lanes[0].lane_pe/codec/angular_temporary3__1_i_130/O
                         net (fo=1, routed)           0.011     7.710    candidate_lanes[0].lane_pe/codec/angular_temporary3__1_i_130_n_0
    SLICE_X47Y176        CARRY8 (Prop_CARRY8_SLICEL_S[4]_CO[7])
                                                      0.232     7.942 r  candidate_lanes[0].lane_pe/codec/angular_temporary3__1_i_70/CO[7]
                         net (fo=1, routed)           0.030     7.972    candidate_lanes[0].lane_pe/codec/angular_temporary3__1_i_70_n_0
    SLICE_X47Y177        CARRY8 (Prop_CARRY8_SLICEL_CI_O[2])
                                                      0.093     8.065 r  candidate_lanes[0].lane_pe/codec/angular_temporary3__1_i_51/O[2]
                         net (fo=32, routed)          0.659     8.724    candidate_lanes[0].lane_pe/codec/sel0[2]
    SLICE_X49Y177        LUT6 (Prop_B6LUT_SLICEL_I2_O)
                                                      0.224     8.948 f  candidate_lanes[0].lane_pe/codec/angular_temporary3__1_i_99__0/O
                         net (fo=1, routed)           0.013     8.961    candidate_lanes[0].lane_pe/codec/angular_temporary3__1_i_99__0_n_0
    SLICE_X49Y177        MUXF7 (Prop_F7MUX_AB_SLICEL_I0_O)
                                                      0.096     9.057 f  candidate_lanes[0].lane_pe/codec/angular_temporary3__1_i_58__0/O
                         net (fo=1, routed)           0.304     9.361    candidate_lanes[0].lane_pe/codec/angular_temporary3__1_i_58__0_n_0
    SLICE_X49Y170        LUT6 (Prop_A6LUT_SLICEL_I1_O)
                                                      0.188     9.549 f  candidate_lanes[0].lane_pe/codec/angular_temporary3__1_i_36__0/O
                         net (fo=1, routed)           0.144     9.693    candidate_lanes[0].lane_pe/codec/angular_temporary3__1_i_36__0_n_0
    SLICE_X49Y169        LUT6 (Prop_A6LUT_SLICEL_I5_O)
                                                      0.225     9.918 f  candidate_lanes[0].lane_pe/codec/angular_temporary3__1_i_16__0/O
                         net (fo=1, routed)           0.014     9.932    candidate_lanes[0].lane_pe/codec/angular_temporary3__1_i_16__0_n_0
    SLICE_X49Y169        MUXF7 (Prop_F7MUX_AB_SLICEL_I1_O)
                                                      0.096    10.028 f  candidate_lanes[0].lane_pe/codec/angular_temporary3__1_i_4__0/O
                         net (fo=3, routed)           0.389    10.417    candidate_lanes[0].lane_pe/codec/angular_temporary3__1/A[4]
    DSP48E2_X12Y66       DSP_A_B_DATA (Prop_DSP_A_B_DATA_DSP48E2_A[4]_A2_DATA[4])
                                                      0.258    10.675 r  candidate_lanes[0].lane_pe/codec/angular_temporary3__1/DSP_A_B_DATA_INST/A2_DATA[4]
                         net (fo=1, routed)           0.000    10.675    candidate_lanes[0].lane_pe/codec/angular_temporary3__1/DSP_A_B_DATA.A2_DATA<4>
    DSP48E2_X12Y66       DSP_PREADD_DATA (Prop_DSP_PREADD_DATA_DSP48E2_A2_DATA[4]_A2A1[4])
                                                      0.114    10.789 r  candidate_lanes[0].lane_pe/codec/angular_temporary3__1/DSP_PREADD_DATA_INST/A2A1[4]
                         net (fo=1, routed)           0.000    10.789    candidate_lanes[0].lane_pe/codec/angular_temporary3__1/DSP_PREADD_DATA.A2A1<4>
    DSP48E2_X12Y66       DSP_MULTIPLIER (Prop_DSP_MULTIPLIER_DSP48E2_A2A1[4]_U[25])
                                                      0.700    11.489 f  candidate_lanes[0].lane_pe/codec/angular_temporary3__1/DSP_MULTIPLIER_INST/U[25]
                         net (fo=1, routed)           0.000    11.489    candidate_lanes[0].lane_pe/codec/angular_temporary3__1/DSP_MULTIPLIER.U<25>
    DSP48E2_X12Y66       DSP_M_DATA (Prop_DSP_M_DATA_DSP48E2_U[25]_U_DATA[25])
                                                      0.067    11.556 r  candidate_lanes[0].lane_pe/codec/angular_temporary3__1/DSP_M_DATA_INST/U_DATA[25]
                         net (fo=1, routed)           0.000    11.556    candidate_lanes[0].lane_pe/codec/angular_temporary3__1/DSP_M_DATA.U_DATA<25>
    DSP48E2_X12Y66       DSP_ALU (Prop_DSP_ALU_DSP48E2_U_DATA[25]_ALU_OUT[47])
                                                      0.727    12.283 f  candidate_lanes[0].lane_pe/codec/angular_temporary3__1/DSP_ALU_INST/ALU_OUT[47]
                         net (fo=1, routed)           0.000    12.283    candidate_lanes[0].lane_pe/codec/angular_temporary3__1/DSP_ALU.ALU_OUT<47>
    DSP48E2_X12Y66       DSP_OUTPUT (Prop_DSP_OUTPUT_DSP48E2_ALU_OUT[47]_PCOUT[47])
                                                      0.167    12.450 r  candidate_lanes[0].lane_pe/codec/angular_temporary3__1/DSP_OUTPUT_INST/PCOUT[47]
                         net (fo=1, routed)           0.014    12.464    candidate_lanes[0].lane_pe/codec/angular_temporary3__2/PCIN[47]
    DSP48E2_X12Y67       DSP_ALU (Prop_DSP_ALU_DSP48E2_PCIN[47]_ALU_OUT[14])
                                                      0.739    13.203 r  candidate_lanes[0].lane_pe/codec/angular_temporary3__2/DSP_ALU_INST/ALU_OUT[14]
                         net (fo=1, routed)           0.000    13.203    candidate_lanes[0].lane_pe/codec/angular_temporary3__2/DSP_ALU.ALU_OUT<14>
    DSP48E2_X12Y67       DSP_OUTPUT (Prop_DSP_OUTPUT_DSP48E2_ALU_OUT[14]_P[14])
                                                      0.146    13.349 f  candidate_lanes[0].lane_pe/codec/angular_temporary3__2/DSP_OUTPUT_INST/P[14]
                         net (fo=17, routed)          0.768    14.117    candidate_lanes[0].lane_pe/codec/angular_temporary1__1/A[25]
    DSP48E2_X12Y54       DSP_A_B_DATA (Prop_DSP_A_B_DATA_DSP48E2_A[25]_A_ALU[25])
                                                      0.265    14.382 r  candidate_lanes[0].lane_pe/codec/angular_temporary1__1/DSP_A_B_DATA_INST/A_ALU[25]
                         net (fo=1, routed)           0.000    14.382    candidate_lanes[0].lane_pe/codec/angular_temporary1__1/DSP_A_B_DATA.A_ALU<25>
    DSP48E2_X12Y54       DSP_ALU (Prop_DSP_ALU_DSP48E2_A_ALU[25]_ALU_OUT[47])
                                                      0.726    15.108 f  candidate_lanes[0].lane_pe/codec/angular_temporary1__1/DSP_ALU_INST/ALU_OUT[47]
                         net (fo=1, routed)           0.000    15.108    candidate_lanes[0].lane_pe/codec/angular_temporary1__1/DSP_ALU.ALU_OUT<47>
    DSP48E2_X12Y54       DSP_OUTPUT (Prop_DSP_OUTPUT_DSP48E2_ALU_OUT[47]_PCOUT[47])
                                                      0.167    15.275 r  candidate_lanes[0].lane_pe/codec/angular_temporary1__1/DSP_OUTPUT_INST/PCOUT[47]
                         net (fo=1, routed)           0.014    15.289    candidate_lanes[0].lane_pe/codec/angular_temporary1__2/PCIN[47]
    DSP48E2_X12Y55       DSP_ALU (Prop_DSP_ALU_DSP48E2_PCIN[47]_ALU_OUT[8])
                                                      0.739    16.028 f  candidate_lanes[0].lane_pe/codec/angular_temporary1__2/DSP_ALU_INST/ALU_OUT[8]
                         net (fo=1, routed)           0.000    16.028    candidate_lanes[0].lane_pe/codec/angular_temporary1__2/DSP_ALU.ALU_OUT<8>
    DSP48E2_X12Y55       DSP_OUTPUT (Prop_DSP_OUTPUT_DSP48E2_ALU_OUT[8]_P[8])
                                                      0.146    16.174 r  candidate_lanes[0].lane_pe/codec/angular_temporary1__2/DSP_OUTPUT_INST/P[8]
                         net (fo=2, routed)           0.466    16.640    candidate_lanes[0].lane_pe/codec/angular_temporary1__2_n_97
    SLICE_X50Y131        LUT3 (Prop_E6LUT_SLICEL_I0_O)
                                                      0.223    16.863 r  candidate_lanes[0].lane_pe/codec/i___1_i_273/O
                         net (fo=2, routed)           0.147    17.010    candidate_lanes[0].lane_pe/codec/i___1_i_273_n_0
    SLICE_X50Y132        LUT6 (Prop_D6LUT_SLICEL_I0_O)
                                                      0.136    17.146 r  candidate_lanes[0].lane_pe/codec/i___1_i_281/O
                         net (fo=1, routed)           0.013    17.159    candidate_lanes[0].lane_pe/codec/i___1_i_281_n_0
    SLICE_X50Y132        CARRY8 (Prop_CARRY8_SLICEL_S[3]_CO[7])
                                                      0.220    17.379 r  candidate_lanes[0].lane_pe/codec/i___1_i_193/CO[7]
                         net (fo=1, routed)           0.030    17.409    candidate_lanes[0].lane_pe/codec/i___1_i_193_n_0
    SLICE_X50Y133        CARRY8 (Prop_CARRY8_SLICEL_CI_CO[7])
                                                      0.065    17.474 r  candidate_lanes[0].lane_pe/codec/i___272_i_72/CO[7]
                         net (fo=1, routed)           0.030    17.504    candidate_lanes[0].lane_pe/codec/i___272_i_72_n_0
    SLICE_X50Y134        CARRY8 (Prop_CARRY8_SLICEL_CI_O[5])
                                                      0.161    17.665 f  candidate_lanes[0].lane_pe/codec/i___272_i_70/O[5]
                         net (fo=3, routed)           0.193    17.859    candidate_lanes[0].lane_pe/codec/i___272_i_70_n_10
    SLICE_X50Y136        LUT2 (Prop_G6LUT_SLICEL_I1_O)
                                                      0.226    18.085 r  candidate_lanes[0].lane_pe/codec/i___100_i_51__0/O
                         net (fo=1, routed)           0.012    18.097    candidate_lanes[0].lane_pe/codec/i___100_i_51__0_n_0
    SLICE_X50Y136        CARRY8 (Prop_CARRY8_SLICEL_S[6]_CO[7])
                                                      0.171    18.268 r  candidate_lanes[0].lane_pe/codec/i___100_i_30/CO[7]
                         net (fo=1, routed)           0.030    18.298    candidate_lanes[0].lane_pe/codec/i___100_i_30_n_0
    SLICE_X50Y137        CARRY8 (Prop_CARRY8_SLICEL_CI_CO[3])
                                                      0.082    18.380 r  candidate_lanes[0].lane_pe/codec/i___100_i_28/CO[3]
                         net (fo=27, routed)          0.785    19.165    candidate_lanes[0].lane_pe/codec/i___100_i_28_n_4
    SLICE_X48Y133        LUT3 (Prop_A6LUT_SLICEL_I1_O)
                                                      0.058    19.223 r  candidate_lanes[0].lane_pe/codec/i___1_i_143/O
                         net (fo=1, routed)           0.219    19.442    candidate_lanes[0].lane_pe/codec/i___1_i_143_n_0
    SLICE_X45Y134        LUT5 (Prop_C6LUT_SLICEM_I0_O)
                                                      0.149    19.591 r  candidate_lanes[0].lane_pe/codec/i___1_i_80__4/O
                         net (fo=2, routed)           0.121    19.712    candidate_lanes[0].lane_pe/codec/angular_temporary1_out[0]
    SLICE_X45Y133        LUT5 (Prop_G6LUT_SLICEM_I0_O)
                                                      0.186    19.898 r  candidate_lanes[0].lane_pe/codec/i__i_25__3/O
                         net (fo=3, routed)           0.763    20.661    candidate_lanes[0].lane_pe/codec/data4[0]
    SLICE_X45Y79         LUT5 (Prop_A6LUT_SLICEM_I4_O)
                                                      0.083    20.744 r  candidate_lanes[0].lane_pe/codec/i__i_9__6/O
                         net (fo=1, routed)           0.017    20.761    candidate_lanes[0].lane_pe/codec/i__i_9__6_n_0
    SLICE_X45Y79         CARRY8 (Prop_CARRY8_SLICEM_S[0]_O[7])
                                                      0.336    21.097 r  candidate_lanes[0].lane_pe/codec/i__i_1__1__0/O[7]
                         net (fo=27, routed)          0.938    22.034    candidate_lanes[0].lane_pe/codec/codec_residual[115]
    SLICE_X43Y52         LUT2 (Prop_G6LUT_SLICEM_I0_O)
                                                      0.137    22.171 r  candidate_lanes[0].lane_pe/codec/i___5/i___90_i_11/O
                         net (fo=1, routed)           0.021    22.192    candidate_lanes[0].lane_pe/codec/i___5/i___90_i_11_n_0
    SLICE_X43Y52         CARRY8 (Prop_CARRY8_SLICEM_S[6]_O[6])
                                                      0.082    22.274 r  candidate_lanes[0].lane_pe/codec/i___5/i___90_i_2/O[6]
                         net (fo=3, routed)           0.379    22.654    candidate_lanes[0].lane_pe/codec/i___5/i___90_i_2_n_9
    SLICE_X40Y53         LUT4 (Prop_E6LUT_SLICEM_I3_O)
                                                      0.187    22.841 r  candidate_lanes[0].lane_pe/codec/i___5/i___4_i_37/O
                         net (fo=1, routed)           0.018    22.859    candidate_lanes[0].lane_pe/codec/i___5/i___4_i_37_n_0
    SLICE_X40Y53         CARRY8 (Prop_CARRY8_SLICEM_S[4]_O[4])
                                                      0.079    22.938 r  candidate_lanes[0].lane_pe/codec/i___5/i___4_i_18/O[4]
                         net (fo=2, routed)           0.434    23.372    candidate_lanes[0].lane_pe/codec/i___5/i___4_i_18_n_11
    SLICE_X39Y33         LUT5 (Prop_A6LUT_SLICEL_I0_O)
                                                      0.225    23.597 r  candidate_lanes[0].lane_pe/codec/i___40_i_9/O
                         net (fo=2, routed)           0.494    24.091    candidate_lanes[0].lane_pe/codec/i___40_i_9_n_0
    SLICE_X25Y31         LUT6 (Prop_A6LUT_SLICEM_I0_O)
                                                      0.152    24.243 r  candidate_lanes[0].lane_pe/codec/i___5/i___40_i_17/O
                         net (fo=1, routed)           0.017    24.260    candidate_lanes[0].lane_pe/codec/i___5/i___40_i_17_n_0
    SLICE_X25Y31         CARRY8 (Prop_CARRY8_SLICEM_S[0]_O[4])
                                                      0.288    24.548 r  candidate_lanes[0].lane_pe/codec/i___5/i___40_i_1/O[4]
                         net (fo=25, routed)          0.543    25.091    candidate_lanes[0].lane_pe/codec/i___5/i___40_i_1_n_11
    SLICE_X24Y16         LUT2 (Prop_D6LUT_SLICEM_I1_O)
                                                      0.185    25.276 r  candidate_lanes[0].lane_pe/codec/i___4/i__rep__34/O
                         net (fo=1, routed)           0.032    25.308    candidate_lanes[0].lane_pe/codec/i___4/i__rep__34_n_0
    SLICE_X24Y16         CARRY8 (Prop_CARRY8_SLICEM_S[3]_O[4])
                                                      0.215    25.523 r  candidate_lanes[0].lane_pe/codec/i___4/i___7_i_53/O[4]
                         net (fo=2, routed)           0.173    25.696    candidate_lanes[0].lane_pe/codec/i___4/i___7_i_53_n_11
    SLICE_X24Y14         LUT3 (Prop_A6LUT_SLICEM_I1_O)
                                                      0.226    25.922 r  candidate_lanes[0].lane_pe/codec/(null)[0].value4__8_i_113/O
                         net (fo=2, routed)           0.657    26.579    candidate_lanes[0].lane_pe/codec/(null)[0].value4__8_i_113_n_0
    SLICE_X22Y16         LUT4 (Prop_B6LUT_SLICEL_I3_O)
                                                      0.083    26.662 r  candidate_lanes[0].lane_pe/codec/(null)[0].value4__8_i_121/O
                         net (fo=1, routed)           0.013    26.675    candidate_lanes[0].lane_pe/codec/(null)[0].value4__8_i_121_n_0
    SLICE_X22Y16         CARRY8 (Prop_CARRY8_SLICEL_S[1]_O[1])
                                                      0.080    26.755 r  candidate_lanes[0].lane_pe/codec/i___4/(null)[0].value4__8_i_88/O[1]
                         net (fo=4, routed)           0.430    27.184    candidate_lanes[0].lane_pe/codec/i___4/(null)[0].value4__8_i_88_n_14
    SLICE_X22Y9          LUT6 (Prop_C6LUT_SLICEL_I5_O)
                                                      0.187    27.371 r  candidate_lanes[0].lane_pe/codec/(null)[0].value4__8_i_63/O
                         net (fo=2, routed)           0.183    27.554    candidate_lanes[0].lane_pe/codec/(null)[0].value4__8_i_63_n_0
    SLICE_X21Y8          LUT5 (Prop_F6LUT_SLICEM_I0_O)
                                                      0.224    27.778 r  candidate_lanes[0].lane_pe/codec/(null)[0].value4__8_i_71/O
                         net (fo=1, routed)           0.029    27.807    candidate_lanes[0].lane_pe/codec/(null)[0].value4__8_i_71_n_0
    SLICE_X21Y8          CARRY8 (Prop_CARRY8_SLICEM_S[5]_CO[7])
                                                      0.238    28.045 r  candidate_lanes[0].lane_pe/codec/i___4/(null)[0].value4__8_i_20/CO[7]
                         net (fo=1, routed)           0.030    28.075    candidate_lanes[0].lane_pe/codec/i___4/(null)[0].value4__8_i_20_n_0
    SLICE_X21Y9          CARRY8 (Prop_CARRY8_SLICEM_CI_O[2])
                                                      0.093    28.168 f  candidate_lanes[0].lane_pe/codec/i___4/(null)[0].value4__8_i_19/O[2]
                         net (fo=2, routed)           0.663    28.832    candidate_lanes[0].lane_pe/codec/codec_transformed[140]
    SLICE_X23Y4          LUT1 (Prop_D6LUT_SLICEL_I0_O)
                                                      0.185    29.017 r  candidate_lanes[0].lane_pe/codec/(null)[0].value4__8_i_41__0/O
                         net (fo=1, routed)           0.013    29.030    candidate_lanes[0].lane_pe/codec/(null)[0].value4__8_i_41__0_n_0
    SLICE_X23Y4          CARRY8 (Prop_CARRY8_SLICEL_S[3]_O[7])
                                                      0.259    29.289 f  candidate_lanes[0].lane_pe/codec/i_/(null)[0].value4__8_i_18/O[7]
                         net (fo=1, routed)           0.262    29.551    candidate_lanes[0].lane_pe/codec/(null)[0].value6[16]
    SLICE_X24Y7          LUT3 (Prop_E5LUT_SLICEM_I0_O)
                                                      0.195    29.746 f  candidate_lanes[0].lane_pe/codec/(null)[0].value4__8_i_1/O
                         net (fo=1, routed)           0.334    30.080    candidate_lanes[0].lane_pe/codec/(null)[0].value4__8/A[16]
    DSP48E2_X6Y2         DSP_A_B_DATA (Prop_DSP_A_B_DATA_DSP48E2_A[16]_A2_DATA[16])
                                                      0.258    30.338 r  candidate_lanes[0].lane_pe/codec/(null)[0].value4__8/DSP_A_B_DATA_INST/A2_DATA[16]
                         net (fo=1, routed)           0.000    30.338    candidate_lanes[0].lane_pe/codec/(null)[0].value4__8/DSP_A_B_DATA.A2_DATA<16>
    DSP48E2_X6Y2         DSP_PREADD_DATA (Prop_DSP_PREADD_DATA_DSP48E2_A2_DATA[16]_A2A1[16])
                                                      0.114    30.452 r  candidate_lanes[0].lane_pe/codec/(null)[0].value4__8/DSP_PREADD_DATA_INST/A2A1[16]
                         net (fo=1, routed)           0.000    30.452    candidate_lanes[0].lane_pe/codec/(null)[0].value4__8/DSP_PREADD_DATA.A2A1<16>
    DSP48E2_X6Y2         DSP_MULTIPLIER (Prop_DSP_MULTIPLIER_DSP48E2_A2A1[16]_U[36])
                                                      0.700    31.152 f  candidate_lanes[0].lane_pe/codec/(null)[0].value4__8/DSP_MULTIPLIER_INST/U[36]
                         net (fo=1, routed)           0.000    31.152    candidate_lanes[0].lane_pe/codec/(null)[0].value4__8/DSP_MULTIPLIER.U<36>
    DSP48E2_X6Y2         DSP_M_DATA (Prop_DSP_M_DATA_DSP48E2_U[36]_U_DATA[36])
                                                      0.067    31.219 r  candidate_lanes[0].lane_pe/codec/(null)[0].value4__8/DSP_M_DATA_INST/U_DATA[36]
                         net (fo=1, routed)           0.000    31.219    candidate_lanes[0].lane_pe/codec/(null)[0].value4__8/DSP_M_DATA.U_DATA<36>
    DSP48E2_X6Y2         DSP_ALU (Prop_DSP_ALU_DSP48E2_U_DATA[36]_ALU_OUT[47])
                                                      0.727    31.946 f  candidate_lanes[0].lane_pe/codec/(null)[0].value4__8/DSP_ALU_INST/ALU_OUT[47]
                         net (fo=1, routed)           0.000    31.946    candidate_lanes[0].lane_pe/codec/(null)[0].value4__8/DSP_ALU.ALU_OUT<47>
    DSP48E2_X6Y2         DSP_OUTPUT (Prop_DSP_OUTPUT_DSP48E2_ALU_OUT[47]_PCOUT[47])
                                                      0.167    32.113 r  candidate_lanes[0].lane_pe/codec/(null)[0].value4__8/DSP_OUTPUT_INST/PCOUT[47]
                         net (fo=1, routed)           0.014    32.127    candidate_lanes[0].lane_pe/codec/(null)[0].value4__0__1/PCIN[47]
    DSP48E2_X6Y3         DSP_ALU (Prop_DSP_ALU_DSP48E2_PCIN[47]_ALU_OUT[6])
                                                      0.739    32.866 f  candidate_lanes[0].lane_pe/codec/(null)[0].value4__0__1/DSP_ALU_INST/ALU_OUT[6]
                         net (fo=1, routed)           0.000    32.866    candidate_lanes[0].lane_pe/codec/(null)[0].value4__0__1/DSP_ALU.ALU_OUT<6>
    DSP48E2_X6Y3         DSP_OUTPUT (Prop_DSP_OUTPUT_DSP48E2_ALU_OUT[6]_P[6])
                                                      0.146    33.012 r  candidate_lanes[0].lane_pe/codec/(null)[0].value4__0__1/DSP_OUTPUT_INST/P[6]
                         net (fo=2, routed)           0.476    33.488    candidate_lanes[1].lane_pe/codec/i_/clip164__9__0_i_65_0[6]
    SLICE_X24Y5          LUT6 (Prop_H6LUT_SLICEM_I5_O)
                                                      0.060    33.548 r  candidate_lanes[1].lane_pe/codec/clip164__9__0_i_155__0/O
                         net (fo=1, routed)           0.021    33.569    candidate_lanes[0].lane_pe/codec/clip164__9__0_i_90__0[7]
    SLICE_X24Y5          CARRY8 (Prop_CARRY8_SLICEM_S[7]_CO[7])
                                                      0.175    33.744 r  candidate_lanes[0].lane_pe/codec/i_/clip164__9__0_i_88/CO[7]
                         net (fo=1, routed)           0.030    33.774    candidate_lanes[0].lane_pe/codec/i_/clip164__9__0_i_88_n_0
    SLICE_X24Y6          CARRY8 (Prop_CARRY8_SLICEM_CI_CO[7])
                                                      0.065    33.839 r  candidate_lanes[0].lane_pe/codec/i_/clip164__9__0_i_71/CO[7]
                         net (fo=1, routed)           0.030    33.869    candidate_lanes[0].lane_pe/codec/i_/clip164__9__0_i_71_n_0
    SLICE_X24Y7          CARRY8 (Prop_CARRY8_SLICEM_CI_O[4])
                                                      0.119    33.988 f  candidate_lanes[0].lane_pe/codec/i_/clip164__9__0_i_65/O[4]
                         net (fo=5, routed)           0.470    34.458    candidate_lanes[0].lane_pe/codec/clip164__9__0_i_145__0[0]
    SLICE_X26Y7          LUT4 (Prop_D6LUT_SLICEL_I0_O)
                                                      0.136    34.594 r  candidate_lanes[0].lane_pe/codec/clip164__9__0_i_67/O
                         net (fo=1, routed)           0.108    34.702    candidate_lanes[0].lane_pe/codec/clip164__9__0_i_67_n_0
    SLICE_X25Y7          LUT5 (Prop_E6LUT_SLICEM_I4_O)
                                                      0.152    34.854 r  candidate_lanes[0].lane_pe/codec/clip164__9__0_i_26__0/O
                         net (fo=2, routed)           0.018    34.872    candidate_lanes[0].lane_pe/codec/clip164__9__0_i_48__0_n_0
    SLICE_X25Y7          CARRY8 (Prop_CARRY8_SLICEM_S[4]_CO[7])
                                                      0.236    35.108 r  candidate_lanes[0].lane_pe/codec/i_/clip164__9__0_i_20/CO[7]
                         net (fo=1, routed)           0.030    35.138    candidate_lanes[0].lane_pe/codec/i_/clip164__9__0_i_20_n_0
    SLICE_X25Y8          CARRY8 (Prop_CARRY8_SLICEM_CI_O[5])
                                                      0.161    35.299 f  candidate_lanes[0].lane_pe/codec/i_/clip164__10__0_i_12/O[5]
                         net (fo=1, routed)           0.209    35.508    candidate_lanes[0].lane_pe/codec/(null)[0].value0__0[22]
    SLICE_X26Y8          LUT3 (Prop_F6LUT_SLICEL_I0_O)
                                                      0.081    35.589 f  candidate_lanes[0].lane_pe/codec/clip164__10__0_i_14__0/O
                         net (fo=5, routed)           0.293    35.882    candidate_lanes[0].lane_pe/codec/clip164__10__0_i_14__0_n_0
    SLICE_X23Y6          LUT6 (Prop_E6LUT_SLICEL_I5_O)
                                                      0.138    36.020 r  candidate_lanes[0].lane_pe/codec/clip164__9__0_i_292__0/O
                         net (fo=1, routed)           0.011    36.031    candidate_lanes[0].lane_pe/codec/clip164__9__0_i_292__0_n_0
    SLICE_X23Y6          CARRY8 (Prop_CARRY8_SLICEL_S[4]_CO[7])
                                                      0.232    36.263 f  candidate_lanes[0].lane_pe/codec/i_/clip164__9__0_i_180/CO[7]
                         net (fo=1, routed)           0.030    36.293    candidate_lanes[0].lane_pe/codec/i_/clip164__9__0_i_180_n_0
    SLICE_X23Y7          CARRY8 (Prop_CARRY8_SLICEL_CI_CO[7])
                                                      0.065    36.358 f  candidate_lanes[0].lane_pe/codec/i_/clip164__9__0_i_108/CO[7]
                         net (fo=1, routed)           0.030    36.388    candidate_lanes[0].lane_pe/codec/i_/clip164__9__0_i_108_n_0
    SLICE_X23Y8          CARRY8 (Prop_CARRY8_SLICEL_CI_CO[7])
                                                      0.065    36.453 f  candidate_lanes[0].lane_pe/codec/i_/clip164__9__0_i_43/CO[7]
                         net (fo=1, routed)           0.030    36.483    candidate_lanes[0].lane_pe/codec/i_/clip164__9__0_i_43_n_0
    SLICE_X23Y9          CARRY8 (Prop_CARRY8_SLICEL_CI_CO[0])
                                                      0.074    36.557 f  candidate_lanes[0].lane_pe/codec/i_/clip164__9__0_i_19/CO[0]
                         net (fo=26, routed)          0.686    37.244    candidate_lanes[0].lane_pe/codec/i_/clip164__9__0_i_19_n_7
    SLICE_X28Y14         LUT6 (Prop_H6LUT_SLICEM_I4_O)
                                                      0.138    37.382 f  candidate_lanes[0].lane_pe/codec/clip164__9__0_i_3/O
                         net (fo=1, routed)           0.175    37.557    candidate_lanes[0].lane_pe/codec/clip164__9__0/A[14]
    DSP48E2_X7Y6         DSP_A_B_DATA (Prop_DSP_A_B_DATA_DSP48E2_A[14]_A2_DATA[14])
                                                      0.258    37.815 r  candidate_lanes[0].lane_pe/codec/clip164__9__0/DSP_A_B_DATA_INST/A2_DATA[14]
                         net (fo=1, routed)           0.000    37.815    candidate_lanes[0].lane_pe/codec/clip164__9__0/DSP_A_B_DATA.A2_DATA<14>
    DSP48E2_X7Y6         DSP_PREADD_DATA (Prop_DSP_PREADD_DATA_DSP48E2_A2_DATA[14]_A2A1[14])
                                                      0.114    37.929 r  candidate_lanes[0].lane_pe/codec/clip164__9__0/DSP_PREADD_DATA_INST/A2A1[14]
                         net (fo=1, routed)           0.000    37.929    candidate_lanes[0].lane_pe/codec/clip164__9__0/DSP_PREADD_DATA.A2A1<14>
    DSP48E2_X7Y6         DSP_MULTIPLIER (Prop_DSP_MULTIPLIER_DSP48E2_A2A1[14]_U[34])
                                                      0.700    38.629 f  candidate_lanes[0].lane_pe/codec/clip164__9__0/DSP_MULTIPLIER_INST/U[34]
                         net (fo=1, routed)           0.000    38.629    candidate_lanes[0].lane_pe/codec/clip164__9__0/DSP_MULTIPLIER.U<34>
    DSP48E2_X7Y6         DSP_M_DATA (Prop_DSP_M_DATA_DSP48E2_U[34]_U_DATA[34])
                                                      0.067    38.696 r  candidate_lanes[0].lane_pe/codec/clip164__9__0/DSP_M_DATA_INST/U_DATA[34]
                         net (fo=1, routed)           0.000    38.696    candidate_lanes[0].lane_pe/codec/clip164__9__0/DSP_M_DATA.U_DATA<34>
    DSP48E2_X7Y6         DSP_ALU (Prop_DSP_ALU_DSP48E2_U_DATA[34]_ALU_OUT[47])
                                                      0.727    39.423 f  candidate_lanes[0].lane_pe/codec/clip164__9__0/DSP_ALU_INST/ALU_OUT[47]
                         net (fo=1, routed)           0.000    39.423    candidate_lanes[0].lane_pe/codec/clip164__9__0/DSP_ALU.ALU_OUT<47>
    DSP48E2_X7Y6         DSP_OUTPUT (Prop_DSP_OUTPUT_DSP48E2_ALU_OUT[47]_PCOUT[47])
                                                      0.167    39.590 r  candidate_lanes[0].lane_pe/codec/clip164__9__0/DSP_OUTPUT_INST/PCOUT[47]
                         net (fo=1, routed)           0.014    39.604    candidate_lanes[0].lane_pe/codec/clip164__10__0/PCIN[47]
    DSP48E2_X7Y7         DSP_ALU (Prop_DSP_ALU_DSP48E2_PCIN[47]_ALU_OUT[1])
                                                      0.739    40.343 f  candidate_lanes[0].lane_pe/codec/clip164__10__0/DSP_ALU_INST/ALU_OUT[1]
                         net (fo=1, routed)           0.000    40.343    candidate_lanes[0].lane_pe/codec/clip164__10__0/DSP_ALU.ALU_OUT<1>
    DSP48E2_X7Y7         DSP_OUTPUT (Prop_DSP_OUTPUT_DSP48E2_ALU_OUT[1]_P[1])
                                                      0.146    40.489 r  candidate_lanes[0].lane_pe/codec/clip164__10__0/DSP_OUTPUT_INST/P[1]
                         net (fo=4, routed)           0.734    41.223    candidate_lanes[0].lane_pe/codec/clip164__10__0_n_104
    SLICE_X41Y16         LUT6 (Prop_G6LUT_SLICEM_I3_O)
                                                      0.082    41.305 r  candidate_lanes[0].lane_pe/codec/i___562_i_1/O
                         net (fo=17, routed)          0.703    42.008    candidate_lanes[0].lane_pe/codec/i___562_i_1_n_0
    SLICE_X40Y61         LUT2 (Prop_E6LUT_SLICEM_I0_O)
                                                      0.187    42.195 r  candidate_lanes[0].lane_pe/codec/i__rep__52_i_95__0/O
                         net (fo=1, routed)           0.018    42.213    candidate_lanes[0].lane_pe/codec/i__rep__52_i_95__0_n_0
    SLICE_X40Y61         CARRY8 (Prop_CARRY8_SLICEM_S[4]_CO[7])
                                                      0.236    42.449 r  candidate_lanes[0].lane_pe/codec/i__rep__52_i_41/CO[7]
                         net (fo=1, routed)           0.030    42.479    candidate_lanes[0].lane_pe/codec/i__rep__52_i_41_n_0
    SLICE_X40Y62         CARRY8 (Prop_CARRY8_SLICEM_CI_CO[7])
                                                      0.065    42.544 r  candidate_lanes[0].lane_pe/codec/i__rep__52_i_16/CO[7]
                         net (fo=1, routed)           0.030    42.574    candidate_lanes[0].lane_pe/codec/i__rep__52_i_16_n_0
    SLICE_X40Y63         CARRY8 (Prop_CARRY8_SLICEM_CI_CO[7])
                                                      0.065    42.639 r  candidate_lanes[0].lane_pe/codec/i__rep__52_i_6/CO[7]
                         net (fo=1, routed)           0.030    42.669    candidate_lanes[0].lane_pe/codec/i__rep__52_i_6_n_0
    SLICE_X40Y64         CARRY8 (Prop_CARRY8_SLICEM_CI_CO[0])
                                                      0.074    42.743 r  candidate_lanes[0].lane_pe/codec/i__rep__52_i_3/CO[0]
                         net (fo=187, routed)         0.997    43.740    candidate_lanes[0].lane_pe/codec/i__rep__52_i_3_n_7
    SLICE_X44Y108        LUT5 (Prop_C6LUT_SLICEL_I4_O)
                                                      0.136    43.876 r  candidate_lanes[0].lane_pe/codec/i___542_i_1/O
                         net (fo=16, routed)          0.415    44.290    candidate_lanes[0].lane_pe/codec/i___95_i_215_n_0
    SLICE_X42Y109        LUT2 (Prop_C6LUT_SLICEL_I1_O)
                                                      0.150    44.440 r  candidate_lanes[0].lane_pe/codec/i_/i___542/O
                         net (fo=1, routed)           0.015    44.455    candidate_lanes[0].lane_pe/codec/i_/i___542_n_0
    SLICE_X42Y109        CARRY8 (Prop_CARRY8_SLICEL_S[2]_O[5])
                                                      0.278    44.733 r  candidate_lanes[0].lane_pe/codec/i_/i___13_i_2/O[5]
                         net (fo=2, routed)           0.485    45.218    candidate_lanes[0].lane_pe/codec/i_/i___13_i_2_n_10
    SLICE_X45Y108        LUT3 (Prop_E5LUT_SLICEM_I1_O)
                                                      0.225    45.443 r  candidate_lanes[0].lane_pe/codec/i_/i___95_i_134/O
                         net (fo=2, routed)           0.309    45.753    candidate_lanes[0].lane_pe/codec/i_/i___95_i_134_n_0
    SLICE_X45Y108        LUT4 (Prop_F6LUT_SLICEM_I3_O)
                                                      0.135    45.888 r  candidate_lanes[0].lane_pe/codec/i_/i___95_i_141/O
                         net (fo=1, routed)           0.029    45.917    candidate_lanes[0].lane_pe/codec/i_/i___95_i_141_n_0
    SLICE_X45Y108        CARRY8 (Prop_CARRY8_SLICEM_S[5]_CO[7])
                                                      0.238    46.155 r  candidate_lanes[0].lane_pe/codec/i_/i___95_i_63/CO[7]
                         net (fo=1, routed)           0.030    46.185    candidate_lanes[0].lane_pe/codec/i_/i___95_i_63_n_0
    SLICE_X45Y109        CARRY8 (Prop_CARRY8_SLICEM_CI_O[0])
                                                      0.078    46.263 r  candidate_lanes[0].lane_pe/codec/i_/i___95_i_75/O[0]
                         net (fo=3, routed)           0.614    46.876    candidate_lanes[0].lane_pe/codec/i_/i___95_i_75_n_15
    SLICE_X46Y103        LUT3 (Prop_F6LUT_SLICEL_I1_O)
                                                      0.081    46.957 r  candidate_lanes[0].lane_pe/codec/i___95_i_77/O
                         net (fo=2, routed)           0.227    47.184    candidate_lanes[0].lane_pe/codec/i___95_i_77_n_0
    SLICE_X48Y104        LUT5 (Prop_H6LUT_SLICEL_I1_O)
                                                      0.227    47.411 r  candidate_lanes[0].lane_pe/codec/i___95_i_27/O
                         net (fo=2, routed)           0.406    47.817    candidate_lanes[0].lane_pe/codec/i___95_i_27_n_0
    SLICE_X47Y104        CARRY8 (Prop_CARRY8_SLICEL_DI[5]_CO[7])
                                                      0.108    47.925 r  candidate_lanes[0].lane_pe/codec/i_/i___95_i_5/CO[7]
                         net (fo=1, routed)           0.030    47.955    candidate_lanes[0].lane_pe/codec/i_/i___95_i_5_n_0
    SLICE_X47Y105        CARRY8 (Prop_CARRY8_SLICEL_CI_O[0])
                                                      0.078    48.033 r  candidate_lanes[0].lane_pe/codec/i_/i___171_i_3/O[0]
                         net (fo=1, routed)           0.565    48.598    candidate_lanes[0].lane_pe/codec/i_/i___171_i_3_n_15
    SLICE_X47Y109        CARRY8 (Prop_CARRY8_SLICEL_S[4]_CO[7])
                                                      0.232    48.830 r  candidate_lanes[0].lane_pe/codec/i___171_i_2/CO[7]
                         net (fo=1, routed)           0.030    48.860    candidate_lanes[0].lane_pe/codec/i___171_i_2_n_0
    SLICE_X47Y110        CARRY8 (Prop_CARRY8_SLICEL_CI_CO[7])
                                                      0.065    48.925 r  candidate_lanes[0].lane_pe/codec/i___171_i_1__0/CO[7]
                         net (fo=1, routed)           0.030    48.955    candidate_lanes[0].lane_pe/codec/i___171_i_1__0_n_0
    SLICE_X47Y111        CARRY8 (Prop_CARRY8_SLICEL_CI_O[0])
                                                      0.078    49.033 f  candidate_lanes[0].lane_pe/codec/i___92_i_1/O[0]
                         net (fo=30, routed)          0.789    49.823    candidate_lanes[0].lane_pe/codec/i___92_i_1_n_15
    SLICE_X49Y128        LUT2 (Prop_E6LUT_SLICEL_I0_O)
                                                      0.138    49.961 r  candidate_lanes[0].lane_pe/codec/i___1/i___226/O
                         net (fo=1, routed)           0.011    49.972    candidate_lanes[0].lane_pe/codec/i___1/i___226_n_0
    SLICE_X49Y128        CARRY8 (Prop_CARRY8_SLICEL_S[4]_CO[7])
                                                      0.232    50.204 r  candidate_lanes[0].lane_pe/codec/i___95_i_83/CO[7]
                         net (fo=1, routed)           0.030    50.234    candidate_lanes[0].lane_pe/codec/i___95_i_83_n_0
    SLICE_X49Y129        CARRY8 (Prop_CARRY8_SLICEL_CI_CO[7])
                                                      0.065    50.299 r  candidate_lanes[0].lane_pe/codec/i___95_i_41/CO[7]
                         net (fo=1, routed)           0.030    50.329    candidate_lanes[0].lane_pe/codec/i___95_i_41_n_0
    SLICE_X49Y130        CARRY8 (Prop_CARRY8_SLICEL_CI_CO[7])
                                                      0.065    50.394 r  candidate_lanes[0].lane_pe/codec/i___95_i_7/CO[7]
                         net (fo=1, routed)           0.030    50.424    candidate_lanes[0].lane_pe/codec/i___95_i_7_n_0
    SLICE_X49Y131        CARRY8 (Prop_CARRY8_SLICEL_CI_CO[0])
                                                      0.074    50.498 r  candidate_lanes[0].lane_pe/codec/i___95_i_2__0/CO[0]
                         net (fo=325, routed)         0.900    51.397    candidate_lanes[0].lane_pe/codec/i___95_i_2__0_n_7
    SLICE_X48Y137        LUT3 (Prop_C6LUT_SLICEL_I1_O)
                                                      0.056    51.453 r  candidate_lanes[0].lane_pe/codec/i___223_i_234/O
                         net (fo=11, routed)          0.555    52.008    candidate_lanes[0].lane_pe/codec/clip16_return__11[0]
    SLICE_X49Y138        LUT4 (Prop_C6LUT_SLICEL_I3_O)
                                                      0.136    52.144 r  candidate_lanes[0].lane_pe/codec/distortion4_i_661/O
                         net (fo=1, routed)           0.015    52.159    candidate_lanes[0].lane_pe/codec/distortion4_i_661_n_0
    SLICE_X49Y138        CARRY8 (Prop_CARRY8_SLICEL_S[2]_O[5])
                                                      0.278    52.437 r  candidate_lanes[0].lane_pe/codec/distortion4_i_508/O[5]
                         net (fo=3, routed)           0.349    52.786    candidate_lanes[0].lane_pe/codec/distortion4_i_508_n_10
    SLICE_X50Y138        LUT4 (Prop_F6LUT_SLICEL_I2_O)
                                                      0.187    52.973 r  candidate_lanes[0].lane_pe/codec/distortion4_i_511/O
                         net (fo=1, routed)           0.015    52.988    candidate_lanes[0].lane_pe/codec/distortion4_i_511_n_0
    SLICE_X50Y138        CARRY8 (Prop_CARRY8_SLICEL_S[5]_CO[7])
                                                      0.232    53.220 r  candidate_lanes[0].lane_pe/codec/distortion4_i_372/CO[7]
                         net (fo=1, routed)           0.030    53.250    candidate_lanes[0].lane_pe/codec/distortion4_i_372_n_0
    SLICE_X50Y139        CARRY8 (Prop_CARRY8_SLICEL_CI_O[2])
                                                      0.093    53.343 r  candidate_lanes[0].lane_pe/codec/distortion4_i_237/O[2]
                         net (fo=2, routed)           0.591    53.934    candidate_lanes[0].lane_pe/codec/distortion4_i_237_n_13
    SLICE_X56Y145        LUT5 (Prop_F6LUT_SLICEL_I3_O)
                                                      0.150    54.084 r  candidate_lanes[0].lane_pe/codec/distortion4_i_215/O
                         net (fo=2, routed)           0.288    54.371    candidate_lanes[0].lane_pe/codec/distortion4_i_215_n_0
    SLICE_X57Y148        LUT6 (Prop_G6LUT_SLICEL_I0_O)
                                                      0.137    54.508 r  candidate_lanes[0].lane_pe/codec/distortion4_i_223/O
                         net (fo=1, routed)           0.012    54.520    candidate_lanes[0].lane_pe/codec/distortion4_i_223_n_0
    SLICE_X57Y148        CARRY8 (Prop_CARRY8_SLICEL_S[6]_CO[7])
                                                      0.171    54.691 r  candidate_lanes[0].lane_pe/codec/distortion4_i_157/CO[7]
                         net (fo=1, routed)           0.030    54.721    candidate_lanes[0].lane_pe/codec/distortion4_i_157_n_0
    SLICE_X57Y149        CARRY8 (Prop_CARRY8_SLICEL_CI_CO[7])
                                                      0.065    54.786 r  candidate_lanes[0].lane_pe/codec/distortion4_i_123/CO[7]
                         net (fo=1, routed)           0.062    54.848    candidate_lanes[0].lane_pe/codec/distortion4_i_123_n_0
    SLICE_X57Y150        CARRY8 (Prop_CARRY8_SLICEL_CI_O[0])
                                                      0.078    54.926 r  candidate_lanes[0].lane_pe/codec/distortion4_i_118/O[0]
                         net (fo=1, routed)           0.554    55.480    candidate_lanes[0].lane_pe/codec/distortion4_i_118_n_15
    SLICE_X54Y148        CARRY8 (Prop_CARRY8_SLICEM_S[6]_CO[7])
                                                      0.175    55.655 r  candidate_lanes[0].lane_pe/codec/distortion4_i_109/CO[7]
                         net (fo=1, routed)           0.030    55.685    candidate_lanes[0].lane_pe/codec/distortion4_i_109_n_0
    SLICE_X54Y149        CARRY8 (Prop_CARRY8_SLICEM_CI_O[2])
                                                      0.093    55.778 r  candidate_lanes[0].lane_pe/codec/distortion4_i_90/O[2]
                         net (fo=5, routed)           0.507    56.285    candidate_lanes[0].lane_pe/codec/distortion4_i_90_n_13
    SLICE_X51Y149        LUT2 (Prop_B6LUT_SLICEL_I0_O)
                                                      0.188    56.473 r  candidate_lanes[0].lane_pe/codec/distortion4_i_349__0/O
                         net (fo=1, routed)           0.013    56.486    candidate_lanes[0].lane_pe/codec/distortion4_i_349__0_n_0
    SLICE_X51Y149        CARRY8 (Prop_CARRY8_SLICEL_S[1]_CO[7])
                                                      0.261    56.747 f  candidate_lanes[0].lane_pe/codec/distortion4_i_204/CO[7]
                         net (fo=1, routed)           0.062    56.809    candidate_lanes[0].lane_pe/codec/distortion4_i_204_n_0
    SLICE_X51Y150        CARRY8 (Prop_CARRY8_SLICEL_CI_CO[7])
                                                      0.065    56.874 f  candidate_lanes[0].lane_pe/codec/distortion4_i_148/CO[7]
                         net (fo=1, routed)           0.030    56.904    candidate_lanes[0].lane_pe/codec/distortion4_i_148_n_0
    SLICE_X51Y151        CARRY8 (Prop_CARRY8_SLICEL_CI_CO[7])
                                                      0.065    56.969 f  candidate_lanes[0].lane_pe/codec/distortion4_i_120/CO[7]
                         net (fo=1, routed)           0.030    56.999    candidate_lanes[0].lane_pe/codec/distortion4_i_120_n_0
    SLICE_X51Y152        CARRY8 (Prop_CARRY8_SLICEL_CI_CO[0])
                                                      0.074    57.073 f  candidate_lanes[0].lane_pe/codec/distortion4_i_92/CO[0]
                         net (fo=32, routed)          0.597    57.670    candidate_lanes[0].lane_pe/codec/clip161__0__1
    SLICE_X48Y152        LUT3 (Prop_D6LUT_SLICEL_I2_O)
                                                      0.152    57.822 r  candidate_lanes[0].lane_pe/codec/distortion4_i_116__0/O
                         net (fo=1, routed)           0.338    58.160    candidate_lanes[0].lane_pe/codec/distortion4_i_116__0_n_0
    SLICE_X44Y148        LUT5 (Prop_B6LUT_SLICEL_I4_O)
                                                      0.188    58.348 r  candidate_lanes[0].lane_pe/codec/distortion4_i_88__0/O
                         net (fo=1, routed)           0.013    58.361    candidate_lanes[0].lane_pe/codec/distortion4_i_88__0_n_0
    SLICE_X44Y148        CARRY8 (Prop_CARRY8_SLICEL_S[1]_CO[7])
                                                      0.261    58.622 r  candidate_lanes[0].lane_pe/codec/distortion4_i_40/CO[7]
                         net (fo=1, routed)           0.030    58.652    candidate_lanes[0].lane_pe/codec/distortion4_i_40_n_0
    SLICE_X44Y149        CARRY8 (Prop_CARRY8_SLICEL_CI_CO[7])
                                                      0.065    58.717 r  candidate_lanes[0].lane_pe/codec/distortion4_i_39/CO[7]
                         net (fo=1, routed)           0.062    58.779    candidate_lanes[0].lane_pe/codec/distortion4_i_39_n_0
    SLICE_X44Y150        CARRY8 (Prop_CARRY8_SLICEL_CI_O[5])
                                                      0.161    58.940 f  candidate_lanes[0].lane_pe/codec/distortion4_i_38/O[5]
                         net (fo=3, routed)           0.383    59.323    candidate_lanes[0].lane_pe/codec/(null)[0].value__0__1[21]
    SLICE_X45Y156        LUT2 (Prop_G6LUT_SLICEM_I1_O)
                                                      0.226    59.549 r  candidate_lanes[0].lane_pe/codec/distortion4_i_102__0/O
                         net (fo=1, routed)           0.021    59.570    candidate_lanes[0].lane_pe/codec/distortion4_i_102__0_n_0
    SLICE_X45Y156        CARRY8 (Prop_CARRY8_SLICEM_S[6]_CO[7])
                                                      0.175    59.745 r  candidate_lanes[0].lane_pe/codec/distortion4_i_49/CO[7]
                         net (fo=1, routed)           0.030    59.775    candidate_lanes[0].lane_pe/codec/distortion4_i_49_n_0
    SLICE_X45Y157        CARRY8 (Prop_CARRY8_SLICEM_CI_CO[3])
                                                      0.082    59.857 r  candidate_lanes[0].lane_pe/codec/distortion4_i_37/CO[3]
                         net (fo=31, routed)          0.424    60.281    candidate_lanes[0].lane_pe/codec/clip81__0__1
    SLICE_X43Y157        LUT4 (Prop_F6LUT_SLICEM_I3_O)
                                                      0.224    60.505 r  candidate_lanes[0].lane_pe/codec/distortion4_i_30__0/O
                         net (fo=1, routed)           0.029    60.534    candidate_lanes[0].lane_pe/codec/distortion4_i_30__0_n_0
    SLICE_X43Y157        CARRY8 (Prop_CARRY8_SLICEM_S[5]_CO[7])
                                                      0.238    60.772 r  candidate_lanes[0].lane_pe/codec/distortion4_i_4/CO[7]
                         net (fo=1, routed)           0.030    60.802    candidate_lanes[0].lane_pe/codec/distortion4_i_4_n_0
    SLICE_X43Y158        CARRY8 (Prop_CARRY8_SLICEM_CI_CO[7])
                                                      0.065    60.867 r  candidate_lanes[0].lane_pe/codec/distortion4_i_3/CO[7]
                         net (fo=1, routed)           0.030    60.897    candidate_lanes[0].lane_pe/codec/distortion4_i_3_n_0
    SLICE_X43Y159        CARRY8 (Prop_CARRY8_SLICEM_CI_O[0])
                                                      0.078    60.975 f  candidate_lanes[0].lane_pe/codec/distortion4_i_2/O[0]
                         net (fo=4, routed)           0.719    61.695    candidate_lanes[0].lane_pe/codec/distortion4__0/A[16]
    DSP48E2_X11Y67       DSP_A_B_DATA (Prop_DSP_A_B_DATA_DSP48E2_A[16]_A2_DATA[16])
                                                      0.258    61.953 r  candidate_lanes[0].lane_pe/codec/distortion4__0/DSP_A_B_DATA_INST/A2_DATA[16]
                         net (fo=1, routed)           0.000    61.953    candidate_lanes[0].lane_pe/codec/distortion4__0/DSP_A_B_DATA.A2_DATA<16>
    DSP48E2_X11Y67       DSP_PREADD_DATA (Prop_DSP_PREADD_DATA_DSP48E2_A2_DATA[16]_A2A1[16])
                                                      0.114    62.067 r  candidate_lanes[0].lane_pe/codec/distortion4__0/DSP_PREADD_DATA_INST/A2A1[16]
                         net (fo=1, routed)           0.000    62.067    candidate_lanes[0].lane_pe/codec/distortion4__0/DSP_PREADD_DATA.A2A1<16>
    DSP48E2_X11Y67       DSP_MULTIPLIER (Prop_DSP_MULTIPLIER_DSP48E2_A2A1[16]_U[36])
                                                      0.700    62.767 f  candidate_lanes[0].lane_pe/codec/distortion4__0/DSP_MULTIPLIER_INST/U[36]
                         net (fo=1, routed)           0.000    62.767    candidate_lanes[0].lane_pe/codec/distortion4__0/DSP_MULTIPLIER.U<36>
    DSP48E2_X11Y67       DSP_M_DATA (Prop_DSP_M_DATA_DSP48E2_U[36]_U_DATA[36])
                                                      0.067    62.834 r  candidate_lanes[0].lane_pe/codec/distortion4__0/DSP_M_DATA_INST/U_DATA[36]
                         net (fo=1, routed)           0.000    62.834    candidate_lanes[0].lane_pe/codec/distortion4__0/DSP_M_DATA.U_DATA<36>
    DSP48E2_X11Y67       DSP_ALU (Prop_DSP_ALU_DSP48E2_U_DATA[36]_ALU_OUT[47])
                                                      0.727    63.561 f  candidate_lanes[0].lane_pe/codec/distortion4__0/DSP_ALU_INST/ALU_OUT[47]
                         net (fo=1, routed)           0.000    63.561    candidate_lanes[0].lane_pe/codec/distortion4__0/DSP_ALU.ALU_OUT<47>
    DSP48E2_X11Y67       DSP_OUTPUT (Prop_DSP_OUTPUT_DSP48E2_ALU_OUT[47]_PCOUT[47])
                                                      0.167    63.728 r  candidate_lanes[0].lane_pe/codec/distortion4__0/DSP_OUTPUT_INST/PCOUT[47]
                         net (fo=1, routed)           0.038    63.766    candidate_lanes[0].lane_pe/codec/distortion4__1/PCIN[47]
    DSP48E2_X11Y68       DSP_ALU (Prop_DSP_ALU_DSP48E2_PCIN[47]_ALU_OUT[0])
                                                      0.739    64.505 f  candidate_lanes[0].lane_pe/codec/distortion4__1/DSP_ALU_INST/ALU_OUT[0]
                         net (fo=1, routed)           0.000    64.505    candidate_lanes[0].lane_pe/codec/distortion4__1/DSP_ALU.ALU_OUT<0>
    DSP48E2_X11Y68       DSP_OUTPUT (Prop_DSP_OUTPUT_DSP48E2_ALU_OUT[0]_P[0])
                                                      0.146    64.651 r  candidate_lanes[0].lane_pe/codec/distortion4__1/DSP_OUTPUT_INST/P[0]
                         net (fo=2, routed)           0.213    64.864    candidate_lanes[0].lane_pe/codec/distortion4__1_n_105
    SLICE_X42Y170        LUT2 (Prop_B6LUT_SLICEL_I0_O)
                                                      0.058    64.922 r  candidate_lanes[0].lane_pe/codec/out_distortion[28]_i_479/O
                         net (fo=1, routed)           0.013    64.935    candidate_lanes[0].lane_pe/codec/out_distortion[28]_i_479_n_0
    SLICE_X42Y170        CARRY8 (Prop_CARRY8_SLICEL_S[1]_O[2])
                                                      0.175    65.110 r  candidate_lanes[0].lane_pe/codec/out_distortion_reg[28]_i_434/O[2]
                         net (fo=3, routed)           0.625    65.735    candidate_lanes[0].lane_pe/codec/out_distortion_reg[28]_i_434_n_13
    SLICE_X45Y180        LUT3 (Prop_E6LUT_SLICEM_I1_O)
                                                      0.138    65.873 r  candidate_lanes[0].lane_pe/codec/out_distortion[28]_i_363/O
                         net (fo=1, routed)           0.285    66.158    candidate_lanes[0].lane_pe/codec/out_distortion[28]_i_363_n_0
    SLICE_X44Y182        CARRY8 (Prop_CARRY8_SLICEL_DI[3]_O[5])
                                                      0.260    66.418 r  candidate_lanes[0].lane_pe/codec/out_distortion_reg[28]_i_181/O[5]
                         net (fo=3, routed)           0.585    67.003    candidate_lanes[0].lane_pe/codec/out_distortion_reg[28]_i_181_n_10
    SLICE_X43Y202        LUT6 (Prop_F6LUT_SLICEM_I4_O)
                                                      0.224    67.227 r  candidate_lanes[0].lane_pe/codec/out_distortion[28]_i_138/O
                         net (fo=1, routed)           0.029    67.256    candidate_lanes[0].lane_pe/codec/out_distortion[28]_i_138_n_0
    SLICE_X43Y202        CARRY8 (Prop_CARRY8_SLICEM_S[5]_CO[7])
                                                      0.238    67.494 r  candidate_lanes[0].lane_pe/codec/out_distortion_reg[28]_i_30/CO[7]
                         net (fo=1, routed)           0.030    67.524    candidate_lanes[0].lane_pe/codec/out_distortion_reg[28]_i_30_n_0
    SLICE_X43Y203        CARRY8 (Prop_CARRY8_SLICEM_CI_O[0])
                                                      0.078    67.602 r  candidate_lanes[0].lane_pe/codec/out_distortion_reg[28]_i_22/O[0]
                         net (fo=4, routed)           0.267    67.869    candidate_lanes[0].lane_pe/codec/out_distortion_reg[28]_i_22_n_15
    SLICE_X41Y205        LUT6 (Prop_A6LUT_SLICEM_I3_O)
                                                      0.226    68.095 r  candidate_lanes[0].lane_pe/codec/out_distortion[28]_i_7_comp/O
                         net (fo=2, routed)           0.445    68.540    candidate_lanes[0].lane_pe/codec/out_distortion[28]_i_7_n_0
    SLICE_X40Y205        LUT6 (Prop_C6LUT_SLICEM_I3_O)
                                                      0.220    68.760 r  candidate_lanes[0].lane_pe/codec/out_distortion[28]_i_15_comp/O
                         net (fo=1, routed)           0.029    68.789    candidate_lanes[0].lane_pe/codec/out_distortion[28]_i_15_n_0
    SLICE_X40Y205        CARRY8 (Prop_CARRY8_SLICEM_S[2]_O[5])
                                                      0.286    69.075 r  candidate_lanes[0].lane_pe/codec/out_distortion_reg[28]_i_2/O[5]
                         net (fo=1, routed)           0.033    69.108    candidate_lanes[0].lane_pe/codec_distortion__0[29]
    SLICE_X40Y205        FDRE                                         r  candidate_lanes[0].lane_pe/out_distortion_reg[29]/D
  -------------------------------------------------------------------    -------------------

                         (clock chia_rdo_clk rise edge)
                                                      5.000     5.000 r  
                                                      0.000     5.000 r  clk (IN)
                         net (fo=1936, unset)         0.031     5.031    candidate_lanes[0].lane_pe/clk
    SLICE_X40Y205        FDRE                                         r  candidate_lanes[0].lane_pe/out_distortion_reg[29]/C
                         clock pessimism              0.000     5.031    
                         clock uncertainty           -0.035     4.996    
    SLICE_X40Y205        FDRE (Setup_FFF_SLICEM_C_D)
                                                      0.043     5.039    candidate_lanes[0].lane_pe/out_distortion_reg[29]
  -------------------------------------------------------------------
                         required time                          5.039    
                         arrival time                         -69.108    
  -------------------------------------------------------------------
                         slack                                -64.070    



